timestamp	spike_count
10664172566.426245	0
10664205882.474108	0
10664239197.52197	0
10664272513.569834	0
10664305828.617695	0
10664339144.665558	0
10664372459.71342	0
10664405775.761284	0
10664439090.809145	0
10664472405.857008	0
10664505721.904871	0
10664539037.952734	0
10664572353.000597	0
10664605668.048458	0
10664638984.096321	0
10664672299.144182	0
10664705615.192047	0
10664738930.239908	0
10664772246.287771	0
10664805561.335634	0
10664838876.383495	0
10664872192.431358	0
10664905507.47922	0
10664938823.527084	0
10664972138.574945	0
10665005454.622808	0
10665038769.670671	0
10665072085.718534	0
10665105400.766396	0
10665138716.814259	0
10665172031.862122	0
10665205347.909985	0
10665238662.957846	0
10665271979.005709	0
10665305294.053572	0
10665338609.101433	0
10665371925.149296	0
10665405240.197159	0
10665438556.245022	0
10665471871.292883	0
10665505187.340746	0
10665538502.388609	0
10665571818.436472	0
10665605133.484333	0
10665638448.532196	0
10665671764.58006	0
10665705080.627922	0
10665738395.675783	0
10665771710.723646	0
10665805026.77151	0
10665838341.81937	0
10665871657.867233	0
10665904972.915096	0
10665938288.96296	0
10665971604.01082	0
10666004920.058685	0
10666038235.106546	0
10666071551.15441	0
10666104866.20227	0
10666138182.250135	0
10666171497.297997	0
10666204813.34586	0
10666637913.968071	0
10666671230.015934	0
10666704545.063797	0
10666737861.11166	0
10666771177.159523	0
10666804492.207384	0
10666837807.255247	0
10666871123.30311	0
10666904438.350971	0
10666937754.398834	0
10666971069.446697	0
10667004385.49456	0
10667037700.542421	0
10667071016.590284	0
10667104331.638147	0
10667137646.686008	0
10667170962.733871	0
10667204277.781734	0
10667237593.829597	0
10667270908.877459	0
10667304224.925323	0
10667337539.973185	0
10667370855.021046	0
10667404171.068909	0
10667437487.116774	0
10667470803.164637	0
10667504118.212498	0
10667537433.26036	0
10667570748.308222	0
10667604064.356085	0
10667637379.403946	0
10667670695.45181	0
10667704010.499672	0
10667737326.547535	0
10667770641.595398	0
10667803957.643261	0
10667837272.691122	0
10667870588.738985	0
10667903903.786848	0
10667937219.834711	0
10667970534.882572	0
10668003855.930443	0
10668037165.978298	0
10668070482.026161	0
10668103797.074022	0
10668137112.121885	0
10668170428.169748	0
10668203743.21761	0
10668237059.265472	0
10668270374.313335	0
10668303690.361198	0
10668337006.409061	0
10668370321.456923	0
10668403636.504786	0
10668436952.552649	0
10668470267.60051	0
10668503583.648375	0
10668536898.696236	0
10668570213.744097	0
10668603529.79196	0
10668636844.839823	0
10668670160.887686	0
10668703476.935549	0
10668736791.983412	0
10668770107.031273	0
10668803423.079136	0
10668836738.126999	0
10668870053.17486	0
10668903369.222723	0
10668936684.270584	0
10668970000.318449	0
10669003316.366312	0
10669036631.414173	0
10669069946.462036	0
10669103262.5099	0
10669136577.55776	0
10669169893.605623	0
10669203208.653486	0
10669236523.701347	0
10669269839.74921	0
10669303155.797073	0
10669336470.844936	0
10669369786.8928	0
10669403101.94066	0
10669436416.988523	1
10669469733.036386	0
10669503048.084248	0
10669536364.13211	0
10669569679.179974	0
10669602994.227835	0
10669636310.275698	0
10669669626.32356	0
10669702941.371424	0
10669736256.419285	0
10669769572.467148	0
10669802887.51501	0
10669836203.562874	0
10669869518.610735	0
10669902834.658598	0
10669936149.70646	0
10669969465.754324	0
10670002780.802185	0
10670036096.85005	0
10670069411.897911	0
10670102727.945774	0
10670136042.993635	0
10670169358.041498	0
10670202674.089361	0
10670235990.137224	0
10670269305.185087	0
10670302620.232948	0
10670335936.280811	0
10670369251.328672	0
10670402567.376537	0
10670435883.4244	0
10670469198.472261	0
10670502513.520124	0
10670535829.567987	0
10670569144.615849	0
10670602460.663712	0
10670635775.711575	0
10670669091.759438	0
10670702406.807299	0
10670735721.855162	0
10670769037.903025	0
10670802352.950886	0
10670835668.998749	0
10670868984.046612	0
10670902300.094475	0
10670935615.142336	0
10670968931.190199	0
10671002246.238062	0
10671035562.285925	0
10671068877.333786	0
10671102193.381649	0
10671135508.429512	0
10671168823.477373	0
10671202139.525236	0
10671235454.5731	0
10671268770.620962	0
10671302085.668823	0
10671335401.716686	0
10671368716.76455	0
10671402032.812412	0
10671435347.860273	0
10671468663.908138	0
10671501978.956	0
10671535294.00386	0
10671568610.051725	0
10671601925.099586	0
10671635241.14745	0
10671668556.19531	0
10671701872.243176	0
10671735187.291037	0
10671768503.3389	0
10671801818.386763	0
10671835133.434624	0
10671868449.482487	0
10671901764.530348	0
10671935080.578213	0
10671968396.626076	0
10672001711.673937	0
10672035026.7218	0
10672068342.769663	0
10672101657.817524	0
10672134973.865387	0
10672168288.91325	0
10672201604.961113	0
10672234920.008974	0
10672268236.056837	0
10672301551.1047	0
10672334867.152563	0
10672368182.200424	0
10672401498.248287	0
10672434813.29615	0
10672468128.344011	0
10672501444.391874	0
10672534759.439737	0
10672568075.4876	0
10672601390.535461	0
10672634706.583324	0
10672668021.631187	0
10672701337.67905	0
10672734652.726912	0
10672767968.774776	0
10672801283.822638	0
10672834599.8705	0
10672867914.918362	0
10672901229.966225	0
10672934546.014088	0
10672967861.061949	0
10673001177.109814	0
10673034492.157675	0
10673067808.205538	0
10673101123.253399	0
10673134439.301264	0
10673167754.349125	0
10673201070.396988	0
10673234385.44485	0
10673267700.492712	0
10673301016.540575	0
10673334331.588438	0
10673367647.636301	0
10673400962.684162	0
10673434278.732025	0
10673467593.779888	0
10673500909.827751	0
10673534224.875612	0
10673567540.923475	0
10673600855.971338	0
10673634172.019201	0
10673667487.067062	0
10673700802.114925	0
10673734118.162788	0
10673767433.21065	0
10673800749.258512	0
10673834064.306376	0
10673867380.354239	0
10673900695.4021	0
10673934011.449963	0
10673967326.497826	0
10674000642.545689	0
10674033957.59355	0
10674067272.641413	0
10674100589.689278	0
10674133903.737137	0
10674167219.785	0
10674200535.832865	0
10674233850.880726	0
10674267165.928587	0
10674300481.976452	0
10674333797.024313	0
10674367113.072176	0
10674400428.120037	0
10674433744.167902	0
10674467059.215763	0
10674500374.263624	0
10674533690.31149	0
10674567005.35935	0
10674600321.407213	0
10674633636.455074	0
10674666952.50294	0
10674700267.5508	0
10674733583.598663	0
10674766898.646526	0
10674800214.69439	0
10674833529.74225	0
10674866845.790113	0
10674900160.837976	0
10674933475.885838	0
10674966791.9337	0
10675000107.981564	0
10675033423.029427	0
10675066739.07729	0
10675100054.12515	0
10675133369.173014	0
10675166685.220877	0
10675200000.268738	0
10675233316.3166	0
10675266631.364464	0
10675299947.412327	0
10675333262.460188	0
10675366578.50805	0
10675399893.555914	0
10675433208.603775	0
10675466524.651638	0
10675499839.699501	0
10675533155.747364	0
10675566470.795225	0
10675599786.843088	0
10675633101.890951	0
10675666417.938814	0
10675699732.986675	0
10675733048.034538	0
10675766364.082401	0
10675799680.130264	0
10675832995.178127	0
10675866310.225988	0
10675899626.273851	0
10675932942.321714	0
10675966257.369577	0
10675999572.417439	0
10676032888.465302	0
10676066203.513165	0
10676099519.561028	0
10676132834.608889	0
10676166150.656752	0
10676199465.704615	0
10676232781.752478	0
10676266096.800339	0
10676299412.848202	0
10676332727.896065	0
10676366043.943928	0
10676399358.991789	0
10676432675.039652	0
10676465990.087515	0
10676499305.135376	0
10676532621.183239	0
10676565936.231102	0
10676599252.278965	0
10676632567.326826	0
10676665882.37469	0
10676699198.422552	0
10676732514.470415	0
10676765829.518276	0
10676799145.566141	0
10676832460.614002	0
10676865775.661863	0
10676899091.709726	0
10676932406.75759	0
10676965722.805452	0
10676999037.853313	0
10677032353.901178	0
10677065668.94904	0
10677098984.996902	0
10677132300.044764	0
10677165616.092628	0
10677198931.14049	0
10677232247.188353	0
10677265562.236216	0
10677298878.284079	0
10677332192.331938	0
10677365508.3798	0
10677398824.427666	0
10677432139.475527	0
10677465455.52339	0
10677498770.571253	1
10677532085.619114	0
10677565401.666977	0
10677598717.71484	0
10677632032.762703	0
10677665347.810564	0
10677698663.858427	0
10677731978.90629	0
10677765294.954153	0
10677798610.002014	0
10677831926.049877	0
10677865241.09774	0
10677898557.145603	0
10677931872.193464	0
10677965188.241327	0
10677998503.28919	0
10678031819.337053	0
10678065134.384914	0
10678098450.432777	0
10678131765.48064	0
10678165080.528502	0
10678198396.576365	0
10678231711.624228	0
10678265027.67209	0
10678298342.719952	0
10678331657.767815	0
10678364973.815678	0
10678398289.86354	0
10678431604.911402	0
10678464919.959265	0
10678498236.007128	0
10678531551.054989	0
10678564867.102854	0
10678598182.150715	0
10678631498.198578	0
10678664813.246439	0
10678698128.294302	0
10678731444.342165	0
10678764760.390028	0
10678798075.437891	0
10678831390.485752	0
10678864706.533615	0
10678898021.581476	0
10678931337.629341	0
10678964653.677204	0
10678997968.725065	0
10679031283.772928	0
10679064598.82079	0
10679097914.868652	0
10679131230.916515	0
10679164545.964378	0
10679197861.01224	0
10679231177.060102	0
10679264492.107965	0
10679297808.155828	0
10679331123.20369	0
10679364439.251553	0
10679397754.299416	0
10679431070.347279	0
10679464385.39514	0
10679497701.443003	0
10679531016.490866	0
10679564332.538729	0
10679597647.58659	0
10679630962.634453	0
10679664278.682316	0
10679697594.730179	0
10679730909.77804	0
10679764225.825905	0
10679797540.873766	0
10679830855.921627	0
10679864171.96949	0
10679897487.017353	0
10679930803.065216	0
10679964118.113077	0
10679997433.16094	0
10680030749.208803	0
10680064065.256666	0
10680097380.304527	0
10680130696.352392	0
10680164011.400253	0
10680197326.448114	0
10680230642.49598	0
10680263957.54384	0
10680297273.591703	0
10680330588.639566	0
10680363904.68743	0
10680397219.73529	0
10680430535.783154	0
10680463850.831017	0
10680497166.87888	0
10680530481.92674	0
10680563796.974604	0
10680597113.022467	0
10680630428.070328	0
10680663744.11819	0
10681263422.979715	0
10681296738.027578	0
10681330054.075441	0
10681363370.123304	0
10681396685.171165	0
10681430000.219028	0
10681463316.266891	0
10681496631.314753	0
10681529947.362617	0
10681563262.410479	0
10681596578.458342	0
10681629893.506203	0
10681663209.554068	0
10681696524.601929	0
10681729840.649792	0
10681763155.697655	0
10681796471.745518	0
10681829786.793379	0
10681863101.841242	0
10681896417.889105	0
10681929732.936966	0
10681963048.984829	0
10681996364.032692	0
10682029680.080555	0
10682062995.128416	0
10682096311.17628	0
10682129626.224142	0
10682162942.272005	0
10682196257.319866	0
10682229573.36773	0
10682262888.415592	0
10682296203.463453	0
10682329519.511316	0
10682362834.55918	0
10682396150.607042	0
10682429465.654903	0
10682462781.702766	0
10682496096.75063	0
10682529412.798492	0
10682562727.846354	0
10682596042.894217	0
10682629358.94208	0
10682662674.989943	0
10682695990.037804	0
10682729306.085669	0
10682762621.13353	0
10688659465.605194	0
10688692781.653057	0
10688726096.700918	0
10688759412.748783	0
10688792727.796644	0
10688826043.844507	0
10688859358.89237	0
10688892674.940233	0
10688925989.988094	0
10688959306.035957	0
10688992621.08382	0
10689025936.131681	0
10689059252.179544	0
10689092567.227407	0
10689125883.27527	0
10689159198.323132	0
10689192514.370995	0
10689225829.418858	0
10689259144.466719	0
10689292460.514582	0
10689325776.562445	0
10689359091.610308	0
10689392407.65817	0
10689425722.706032	0
10689459037.753895	0
10689492353.801758	0
10689525668.849619	0
10689558984.897482	0
10689592299.945345	0
10689625614.993206	0
10689658931.041069	0
10689692247.088932	0
10689725562.136795	0
10689758877.184656	0
10689792193.23252	0
10689825508.280382	0
10689858824.328245	0
10689892140.376108	0
10689925455.42397	0
10689958770.471832	0
10689992086.519695	0
10690025401.567556	0
10690058717.615421	0
10690092032.663282	0
10690125347.711143	0
10690158663.759007	0
10690191979.806871	0
10690225294.854733	0
10690258610.902596	0
10690291925.950459	0
10690325240.99832	0
10690358557.046183	0
10690391872.094044	0
10690425188.141909	0
10690458503.18977	0
10690491818.23763	0
10690525134.285496	0
10690558450.333359	0
10690591765.38122	0
10690625080.429083	0
10690658396.476946	0
10690691711.524807	0
10690725027.57267	0
10690758342.620533	0
10690791658.668396	0
10690824973.716257	0
10690858289.76412	0
10690891604.811983	0
10690924920.859846	0
10690958235.907707	0
10690991550.95557	0
10691024867.003433	0
10691058182.051294	0
10691091498.099157	0
10691124814.14702	0
10691158129.194883	0
10691191445.242746	0
10691224760.290607	0
10691258075.33847	0
10691291391.386333	0
10691324706.434195	0
10691358022.482058	0
10691391337.52992	0
10691424652.577782	0
10691457968.625645	0
10691491283.673508	0
10691524599.72137	0
10691557914.769232	0
10691591230.817097	0
10691624545.864958	0
10691657861.91282	0
10691691176.960682	0
10691724493.008547	0
10691757808.056408	0
10691791124.10427	0
10691824439.152134	0
10691857754.199995	0
10691891070.247858	0
10691924385.29572	0
10691957701.343584	0
10691991017.391447	0
10692024332.439308	0
10692057647.487171	0
10692090967.53504	0
10692124278.582895	0
10692157594.630758	0
10692190909.678621	0
10692224225.726484	0
10692257540.774345	0
10692290856.822208	0
10692324171.870071	0
10698920643.34685	0
10698953958.394712	0
10698987274.442575	0
10699020589.490437	0
10699053905.5383	0
10699087220.586163	0
10699120535.634024	0
10699153851.681887	0
10699187166.72975	0
10699220482.777613	0
10699253797.825474	0
10699287113.873337	0
10699320428.9212	0
10699353744.969063	0
10699387060.016924	0
10699420376.064787	0
10699453691.11265	0
10699487006.160511	0
10699520322.208374	0
10699553638.256239	0
10699586953.3041	0
10699620269.351963	0
10699653584.399824	0
10699686899.447687	0
10699720215.49555	0
10699753530.543411	0
10699786846.591276	0
10699820161.639137	0
10699853477.687	0
10699886792.734861	0
10699920108.782726	0
10699953423.830587	0
10699986739.87845	0
10700020054.926313	0
10700053369.974174	0
10700086686.022038	0
10700120002.0699	0
10700153317.117764	0
10700186633.165627	0
10700219948.213488	0
10700253263.26135	0
10700286579.309214	0
10700319894.357075	0
10700353210.404938	0
10700386525.4528	0
10700419841.500664	0
10700453157.548527	0
10700486472.596388	0
10700519787.64425	0
10700553103.692114	0
10700586418.739975	0
10700619734.787838	0
10700653049.835701	0
10700686364.883562	0
10700719680.931425	0
10700752995.979288	0
10700786312.027151	0
10700819627.075012	0
10700852943.122875	0
10700886258.170738	0
10700919573.2186	0
10700952889.266462	0
10700986205.314327	0
10701019520.362188	0
10701052835.41005	0
10701086151.457914	0
10701119466.505775	0
10701152782.553638	0
10701186097.6015	0
10701219413.649364	0
10701252728.697226	0
10701286043.745087	0
10701319359.792952	0
10701352674.840813	0
10701385990.888676	0
10701419305.936537	0
10701452621.984402	0
10701485937.032263	0
10701519253.080126	0
10701552568.127989	0
10701585884.175852	0
10701619199.223713	0
10701652515.271576	0
10701685830.319439	0
10701719145.3673	0
10701752461.415163	0
10701785776.463026	0
10701819092.51089	0
10701852407.55875	0
10701885723.606613	0
10701919038.654476	0
10701952354.70234	0
10701985669.7502	0
10702018985.798063	0
10702052300.845926	0
10702085616.89379	0
10702118931.94165	0
10702152246.989513	0
10702185563.037376	0
10702218879.08524	0
10702252194.1331	0
10702285509.180964	0
10702318825.228827	0
10702352141.27669	0
10702385456.32455	0
10702418771.372414	0
10702452087.420277	0
10702485402.468138	0
10702518718.516003	0
10702552033.563864	0
10702585349.611727	0
10702618664.659588	0
10702651979.70745	0
10702685295.755314	0
10702718610.803175	0
10702751926.85104	0
10702785241.898901	0
10702818557.946764	0
10702851872.994627	0
10702885189.04249	0
10702918504.090351	0
10702951819.138212	0
10702985135.186077	0
10703018451.23394	0
10703051766.281801	0
10703085081.329664	0
10703118397.377527	0
10703151712.425388	0
10703185028.473251	0
10703218343.521114	0
10703251659.568977	0
10703284974.616838	0
10703318290.664701	0
10703351605.712564	0
10703384921.760427	0
10703418236.808289	0
10703451551.856152	0
10703484867.904015	0
10703518182.951876	1
10703551498.999739	0
10703584814.047602	0
10703618130.095465	0
10703651445.143326	0
10703684761.191189	0
10703718076.239052	0
10703751392.286915	0
10703784707.334776	0
10703818023.38264	0
10703851338.430502	0
10703884654.478365	0
10703917969.526226	0
10703951284.57409	0
10703984600.621952	0
10704017915.669813	0
10704051231.717678	0
10704084551.765547	0
10704117862.813402	0
10704151177.861263	0
10704184493.909128	0
10704217808.95699	0
10704251125.004852	0
10704284440.052715	0
10704317755.100576	0
10704351071.14844	0
10704384386.196302	0
10704417702.244165	0
10704451018.292028	0
10704484333.33989	0
10704517649.387753	0
10704550964.435616	0
10704584280.483479	0
10704617595.53134	0
10704650910.579203	0
10704684226.627066	0
10704717541.674927	0
10704750857.72279	0
10704784172.770653	0
10704817487.818514	0
10704850803.866377	0
10704884118.91424	0
10704917434.962103	0
10704950750.009964	0
10704984066.057827	0
10705017381.10569	0
10705050697.153553	0
10705084012.201414	0
10705117328.249277	0
10705150643.29714	0
10705183959.345003	0
10705217274.392864	0
10705250589.440727	0
10705283905.48859	0
10705317220.536451	0
10705350536.584316	0
10705383852.63218	0
10705417167.68004	0
10705450482.727901	0
10705483798.775766	0
10705517113.823627	0
10705550429.87149	0
10705583744.919353	0
10705617059.967215	0
10705650376.015078	0
10705683691.062939	0
10705717007.110804	0
10705750322.158665	0
10705783638.206528	0
10705816954.25439	0
10705850269.302254	0
10705883584.350115	0
10705916900.397978	0
10705950215.44584	0
10705983531.493704	0
10706016846.541565	0
10706050161.589428	0
10706083477.637291	0
10706116792.685152	0
10706150108.733015	0
10706183423.780878	0
10706216739.828741	0
10706250054.876602	0
10706283370.924465	0
10706316685.972328	0
10706350002.020191	0
10706383317.068052	0
10706416633.115915	0
10706449948.163778	0
10706483264.211641	0
10706516579.259502	0
10706549895.307367	0
10706583210.355228	0
10706616525.40309	0
10706649841.450953	0
10706683156.498816	0
10706716472.546679	0
10706749787.59454	0
10706783103.642405	0
10706816418.690266	0
10706849734.738129	0
10706883049.78599	0
10706916364.833853	0
10706949680.881716	0
10706982996.929579	0
10707016311.977442	0
10707049627.025303	0
10707082943.073166	0
10707116258.121029	0
10707149574.168892	0
10707182889.216753	0
10707216205.264616	0
10707249520.312479	0
10707282836.360342	0
10707316151.408203	0
10707349467.456066	0
10707382782.50393	0
10707416097.55179	0
10707449413.599653	0
10707482729.647516	0
10707516044.69538	0
10707549360.743242	0
10707582675.791103	0
10707615990.838966	0
10707649306.88683	0
10707682621.93469	0
10707715937.982553	0
10707749253.030416	0
10707782569.07828	0
10707815884.12614	0
10707849200.174004	0
10707882515.221867	0
10707915830.269728	0
10707949146.31759	0
10707982461.365454	0
10708015777.413317	0
10708049092.461178	0
10717177542.575508	0
10717210857.623371	0
10717244173.671234	0
10717277488.719095	0
10717310804.766958	0
10717344119.814821	0
10717377435.862684	0
10717410750.910545	0
10717444065.958408	0
10717477382.006271	0
10717510697.054132	0
10717544013.101995	0
10717577328.149858	0
10717610644.197721	0
10717643960.245584	0
10717677275.293446	0
10717710590.341309	0
10717743905.38917	0
10717777221.437033	0
10717810536.484896	0
10717843852.532759	0
10717877168.580622	0
10717910483.628483	0
10717943798.676346	0
10717977114.724209	0
10718010429.77207	0
10718043745.819935	0
10718077060.867796	0
10718110376.915659	0
10718143691.96352	0
10718177007.011383	0
10718210323.059246	0
10718243639.10711	0
10718276954.154972	0
10718310269.202833	0
10718343585.250696	0
10718376900.29856	0
10718410216.346422	0
10718443531.394283	0
10718476847.442146	0
10718510162.49001	0
10718543478.537872	0
10718576793.585733	0
10718610108.633596	0
10718643424.68146	0
10718676739.72932	0
10718710055.777184	0
10718743371.825047	0
10718776686.87291	0
10718810001.92077	0
10718843317.968634	0
10718876633.016497	0
10718909949.06436	0
10718943264.11222	0
10718976580.160084	0
10719009895.207947	0
10719043211.25581	0
10719076526.30367	0
10719109842.351534	0
10719143157.399397	0
10719176472.447258	0
10719209789.495123	0
10719243103.542984	0
10719276419.590847	0
10719309734.638708	0
10719343050.686573	0
10719376365.734434	0
10719409681.782297	0
10719442996.830158	0
10719476311.878021	0
10719509627.925884	0
10719542943.973747	0
10719576259.02161	0
10719609574.069471	0
10719642890.117334	0
10719676206.165197	0
10719709521.21306	0
10719742836.260921	0
10719776152.308784	0
10719809467.356647	0
10720075991.739548	0
10720109306.787409	0
10720142622.835272	0
10720175937.883135	0
10720209253.930998	0
10720242568.978859	0
10720275885.026722	0
10720309200.074585	0
10720342516.122448	0
10720375831.17031	0
10720409146.218172	0
10720442462.266035	0
10720475777.313896	0
10720509093.36176	0
10720542408.409622	0
10720575724.457485	0
10720609039.505346	0
10720642355.55321	0
10720675670.601072	0
10720708986.648935	0
10720742301.696796	0
10720775616.74466	0
10720808932.792522	0
10720842248.840385	0
10720875563.888247	0
10720908879.936111	0
10720942194.983973	0
10720975510.031834	0
10721008826.079699	0
10721042141.12756	0
10721075457.175423	0
10721108772.223286	0
10721142088.271149	0
10721175403.31901	0
10721208719.366873	0
10721242034.414736	0
10721275349.462597	0
10721308665.51046	0
10721341981.558323	0
10721375296.606186	0
10721408611.654047	0
10721441927.70191	0
10721475242.749773	0
10721508558.797636	0
10721541873.845497	0
10721575188.89336	0
10721608504.941223	0
10721641820.989086	0
10721675136.036947	0
10721708451.08481	0
10721741767.132673	0
10721775082.180534	0
10721808398.228397	0
10721841713.27626	0
10721875028.324121	0
10721908344.371984	0
10721941660.419847	0
10721974975.46771	0
10722008290.515572	0
10722041606.563435	0
10722074922.6113	0
10722108237.65916	0
10722141552.707022	0
10722174868.754885	0
10722208183.802748	0
10722241498.850609	0
10722274814.898472	0
10722308130.946337	0
10722341445.994198	0
10722374762.04206	0
10722408077.089922	0
10722441392.137785	0
10722474708.185648	0
10722508023.23351	0
10722541339.281374	0
10722574654.329235	0
10722607970.377098	0
10722641285.424961	0
10722674606.47283	0
10722707917.520687	0
10722741232.568548	0
10722774547.616411	0
10722807862.664272	0
10722841178.712135	0
10722874494.759998	0
10722907809.807861	0
10722941125.855724	0
10722974440.903585	0
10723007755.951448	0
10723041071.999311	0
10723074387.047173	0
10723107703.095036	0
10723141018.142899	0
10723174334.190762	0
10723207649.238623	0
10723240965.286486	0
10723274280.334349	0
10723307595.38221	0
10723340911.430073	0
10723374226.477936	0
10723407542.525799	0
10723440857.57366	0
10723474173.621523	0
10723507488.669386	0
10723540804.717249	0
10723574120.765112	0
10723607435.812975	0
10723640750.860836	0
10723674065.908697	0
10723707381.95656	0
10723740698.004425	0
10723774013.052286	0
10723807328.100147	0
10723840644.148012	0
10723940590.291597	0
10723973906.339462	0
10724007221.387323	0
10724040537.435186	0
10724073852.48305	0
10724107167.53091	0
10724140483.578773	0
10724173798.626635	0
10724207114.6745	0
10724240430.722363	0
10724273745.770224	0
10724307060.818087	0
10724340376.86595	0
10724373691.91381	0
10724407007.961674	0
10724440324.009537	0
10724473639.0574	0
10724506954.10526	0
10724540269.153124	0
10724573585.200987	0
10725906206.115488	0
10725939521.16335	0
10725972836.211212	0
10726006152.259075	0
10726039467.306936	0
10726072783.3548	0
10726106098.402662	0
10726139414.450525	0
10726172729.498386	0
10726206045.54625	0
10726239360.594112	0
10726272676.641975	0
10726305991.689837	0
10726339307.737701	0
10726372622.785563	0
10726405937.833424	0
10726439253.881287	0
10726472568.92915	0
10726505884.977013	0
10726539200.024874	0
10726572516.072739	0
10726605831.1206	0
10726639147.168463	0
10726672462.216324	0
10726705778.264189	0
10726739093.31205	0
10726772408.359911	0
10726805724.407776	0
10726839039.455637	0
10726872355.5035	0
10726905670.551363	0
10726938986.599226	0
10726972301.647087	0
10727005617.69495	0
10727038932.742813	0
10727072248.790676	0
10727105563.838537	0
10727138878.8864	0
10727172194.934263	0
10727205509.982124	0
10727238827.02999	0
10727272142.07785	0
10727305457.125713	0
10727338773.173576	0
10727372088.221437	0
10727405403.2693	0
10727438719.317163	0
10727472034.365025	0
10727505349.412888	0
10727538665.46075	0
10727571981.508614	0
10727605296.556475	0
10727638611.604338	0
10727671927.6522	0
10727705242.700062	0
10727738558.747925	0
10727771873.795788	0
10727805189.84365	0
10727838504.891512	0
10727871820.939377	0
10727905135.987238	0
10727938452.0351	0
10727971767.082962	0
10728005082.130825	0
10728038398.178688	0
10728071714.226551	0
10728105029.274414	0
10728138345.322277	0
10728171660.370138	0
10731369948.96494	0
10731403265.012802	0
10731436580.060665	0
10731469896.108528	0
10731503211.15639	0
10731536526.204252	0
10731569842.252115	0
10731603157.299976	0
10731636473.34784	0
10731669789.395702	0
10731703104.443565	0
10731736420.491428	0
10731769735.53929	0
10731803050.587152	0
10731836366.635015	0
10731869681.682877	0
10731902997.73074	0
10731936312.778603	0
10731969628.826466	0
10732002943.874327	0
10732036259.922192	0
10732069574.970053	0
10732102890.017914	0
10732136206.065777	0
10732169522.113642	0
10732202837.161503	0
10732236152.209364	0
10732269468.257229	0
10732302783.30509	0
10732336099.352953	0
10732369414.400816	0
10732402730.448679	0
10732436045.49654	0
10732469361.544403	0
10732502676.592266	0
10732535992.64013	0
10732569307.68799	0
10732602623.735853	0
10732635938.783716	0
10732669253.831577	0
10732702575.87945	0
10732735885.927303	0
10732769200.975166	0
10732802516.023027	0
10732835832.07089	0
10732869147.118753	0
10732902463.166616	0
10732935778.214478	0
10732969094.26234	0
10733002409.310204	0
10733035724.358065	0
10733069041.40593	0
10733102355.45379	0
10733135671.501654	0
10733168986.549515	0
10733202302.597378	0
10733235617.64524	0
10733268933.693104	0
10733302248.740965	0
10733335563.788828	0
10733368879.83669	0
10733402195.884554	0
10733435510.932415	0
10733468826.98028	0
10733502142.028141	0
10733535457.076002	0
10733568773.123867	0
10733602088.171728	0
10733635404.219591	0
10733668719.267452	0
10733702035.315317	0
10733735350.363178	0
10733768666.411041	0
10733801981.458904	0
10733835297.506767	0
10733868612.554628	0
10733901928.602491	0
10733935243.650354	0
10733968559.698217	0
10734001874.746078	0
10734035189.793941	0
10734068505.841805	0
10734101820.889666	0
10734135136.937529	0
10734168451.985392	0
10734201768.033255	0
10734235083.081116	0
10734268399.128979	0
10734301714.176842	0
10734335030.224705	0
10734368345.272566	0
10734401661.320429	0
10734434976.368292	0
10734468292.416155	0
10734501607.464016	0
10734534922.511879	0
10734568241.559746	0
10734601554.607605	0
10734634869.655466	0
10734668184.70333	0
10734701500.751192	0
10734734815.799053	0
10734768131.846918	0
10734801447.894781	0
10734834762.942642	0
10734868077.990505	0
10734901394.038368	0
10734934709.08623	0
10734968025.134092	0
10735001340.181955	0
10735034655.229816	0
10735067971.27768	0
10735101286.325542	0
10735134602.373405	0
10735167917.421267	0
10735201233.46913	0
10735234548.516993	0
10735267864.564856	0
10735301179.612717	0
10735334495.66058	0
10735367810.708443	0
10735401126.756306	0
10735434441.804167	0
10735467756.85203	0
10735501072.899893	0
10735534387.947754	0
10735567703.995617	0
10735601019.04348	0
10735634335.091343	0
10735667650.139204	0
10735700966.187067	0
10735734281.23493	0
10735767596.282791	0
10735800912.330654	0
10735834228.37852	0
10735867543.42638	0
10735900859.474243	0
10735934174.522104	0
10735967489.569967	0
10736000805.61783	0
10736034120.665691	0
10736067436.713556	0
10736100751.761417	0
10736134067.80928	0
10736167382.857141	0
10736200698.905006	0
10736234013.952868	0
10736267329.000729	0
10736300645.048594	0
10736333960.096455	0
10736367276.144318	0
10736400592.19218	0
10736433907.240044	0
10736467222.287905	0
10736500538.335768	0
10736533853.38363	0
10736567168.431492	0
10736600484.479355	0
10736633800.527218	0
10736667115.57508	0
10736700431.622944	0
10736733746.670805	0
10736767061.718668	0
10736800377.766531	0
10736833692.814392	0
10736867008.862255	0
10736900323.910118	0
10736933639.957981	0
10736966955.005842	0
10737000271.053705	0
10737033586.101568	0
10737066902.149431	0
10737100217.197292	0
10737133533.245155	0
10737166848.293018	0
10737200164.340881	0
10737233479.388742	0
10737266795.436607	0
10737300110.484468	0
10737333425.53233	0
10737366741.580193	0
10737400056.628056	3
10737433372.675919	0
10737466687.72378	0
10737500003.771645	0
10737533318.819506	0
10737566634.867369	1
10737599949.915232	0
10737633265.963095	1
10737666581.010956	2
10737699896.058817	2
10737733212.106682	0
10737766527.154543	0
10737799843.202406	1
10737833159.250269	0
10737866474.298132	0
10737899789.345993	1
10737933105.393856	0
10737966420.44172	0
10737999735.48958	0
10738033051.537443	0
10738066367.585306	1
10738099682.63317	0
10738132997.68103	0
10738166313.728893	0
10738199628.776756	0
10738232944.82462	0
10738266259.87248	0
10738299575.920343	0
10738332890.968206	0
10738366207.01607	0
10738399522.06393	0
10738432838.111794	0
10738466153.159657	0
10738499469.20752	0
10738532784.25538	2
10738566100.303246	1
10738599415.351107	0
10738632730.398968	0
10738666046.44683	0
10738699361.494694	0
10738732677.542557	0
10738765992.590418	0
10738799308.638283	0
10738832623.686144	0
10738865938.734005	0
10738899254.781868	0
10738932570.829733	0
10738965885.877594	0
10738999201.925457	0
10739032516.97332	0
10739065832.021181	0
10739099148.069044	0
10739132463.116907	0
10739165779.16477	0
10739199094.212631	0
10739232409.260492	0
10739265725.308357	0
10739299041.35622	0
10739332356.404081	0
10739365671.451944	0
10739398987.499807	0
10739432303.54767	0
10739465618.595531	0
10739498934.643394	0
10739532249.691257	0
10739565564.739119	0
10739598880.786982	0
10739632195.834845	0
10739665511.882708	0
10739698827.93057	0
10739732141.978432	0
10739765458.026295	0
10739798774.074158	0
10739832089.122019	0
10739865404.169882	0
10739898720.217745	0
10739932035.265606	0
10739965351.313469	0
10739998666.361332	0
10740031982.409195	0
10740065297.457056	0
10740098613.50492	0
10740131928.552782	0
10740165244.600645	0
10740198559.648506	0
10740231874.69637	0
10740265190.744232	0
10740298505.792093	0
10740331821.839958	0
10740365136.88782	0
10740398452.935682	2
10740431767.983543	0
10740465084.031408	0
10740498399.07927	0
10740531715.127132	0
10740565030.174995	0
10740598346.222858	0
10740631661.27072	0
10740664977.318583	0
10740698292.366446	0
10740731607.414307	0
10740764923.46217	0
10740798238.510033	0
10740831554.557896	0
10740864869.605757	0
10740898185.65362	0
10740931500.701483	0
10740964816.749346	0
10740998131.797207	1
10741031447.84507	0
10741064762.892933	0
10741098078.940796	0
10741131393.988657	0
10741164710.03652	0
10741198025.084383	0
10741231341.132246	0
10741264656.180107	0
10741297971.22797	0
10741331287.275833	0
10741364602.323694	0
10741397918.371557	0
10741431233.41942	0
10741464549.467283	0
10741497864.515144	0
10741531180.56301	0
10741564495.61087	0
10741597811.658733	0
10741631126.706594	0
10741664441.754457	0
10741697757.80232	0
10741731072.850182	0
10741764388.898046	0
10741797703.945908	0
10741831019.99377	0
10741864335.041634	0
10741897650.089495	0
10741930966.137358	0
10741964282.18522	0
10741997597.233084	0
10742030913.280947	0
10742064228.328808	0
10742097543.37667	0
10742130859.424534	0
10742164174.472395	0
10742197490.520258	0
10742230805.568121	0
10742264121.615984	0
10742297436.663845	0
10742330752.711708	0
10742364067.759571	0
10742397382.807432	0
10742430698.855295	0
10742464013.903158	0
10742497329.951021	0
10742530644.998882	0
10742563961.046745	0
10742597276.094608	0
10742630592.142471	0
10742663907.190332	0
10742697223.238195	0
10742730538.286058	0
10742763854.333921	0
10742797169.381783	0
10742830484.429646	0
10742863800.477509	0
10742897116.525372	0
10742930431.573233	0
10742963746.621096	0
10742997062.668959	0
10743030377.71682	0
10743063693.764685	0
10743097009.812548	0
10743130324.860409	0
10743163639.90827	0
10743196955.956135	0
10743230271.003996	0
10743263587.051859	0
10743296902.099722	0
10743330218.147585	0
10743363533.195446	0
10743396848.243307	0
10743430164.291172	0
10743463479.339033	0
10743496795.386896	0
10743530110.43476	0
10743563426.482622	1
10743596742.530485	0
10743630057.578346	0
10743663372.62621	0
10743696687.67407	0
10743730003.721933	0
10743763318.769796	0
10743796634.81766	0
10743829950.865522	0
10743863265.913383	0
10743896580.961246	0
10743929897.00911	0
10743963212.05697	0
10743996528.104834	0
10744029843.152697	0
10744063158.200558	0
10744096474.24842	0
10744129790.296284	0
10744163105.344147	0
10744196420.392008	0
10744229736.43987	0
10744263051.487734	0
10744296367.535597	0
10744329682.583458	0
10744362998.63132	0
10744396313.679184	0
10744429629.727047	0
10744462945.77491	0
10744496260.822773	0
10744529575.870634	0
10744562891.918497	0
10744596206.96636	0
10744629523.014223	0
10744662838.062084	0
10744696153.109945	0
10744729469.15781	0
10744762784.205671	0
10744796103.253538	0
10744829415.301397	0
10744862731.34926	0
10744896046.397121	0
10744929362.444984	0
10744962677.492847	0
10744995993.54071	0
10745029308.588572	0
10745062623.636435	0
10745095939.684298	0
10745129255.73216	0
10745162570.780022	0
10745195885.827885	0
10745229201.875748	0
10745262516.923609	0
10745295832.971472	0
10745329148.019335	0
10745362463.067196	0
10745395779.115059	0
10745429095.162922	0
10745462410.210785	0
10745495726.258648	0
10745529041.306509	0
10745562356.354372	0
10745595672.402235	0
10745628987.450096	0
10745662303.49796	0
10745695618.545822	0
10745728933.593683	0
10745762249.641546	0
10745795565.689411	0
10745828880.737272	0
10745862195.785133	0
10745895511.832996	0
10745928826.88086	0
10745962142.928722	0
10745995457.976583	0
10746028774.024448	0
10746062090.072311	0
10746095405.120173	0
10746128720.168036	0
10746162036.215899	0
10746195351.26376	0
10746228667.311623	0
10746261982.359486	0
10746295298.407349	0
10746328613.45521	0
10746361929.503073	0
10746395244.550936	0
10746428559.598797	0
10746461877.646664	0
10746495190.694523	0
10746528506.742386	0
10746561821.790247	0
10746595137.83811	0
10746628452.885973	0
10746661768.933836	0
10746695083.981697	1
10746728400.02956	0
10746761715.077423	0
10746795031.125286	0
10746828346.173147	0
10746861662.22101	0
10746894977.268873	0
10746928292.316734	0
10746961608.364597	0
10746994923.41246	0
10747028239.460323	0
10747061554.508184	0
10747094869.556047	0
10751692411.161076	0
10751725726.208939	0
10751759041.2568	0
10751792357.304663	0
10751825672.352526	0
10751858988.400389	0
10751892303.44825	0
10751925619.496113	0
10751958934.543976	0
10751992250.591839	0
10752025565.6397	0
10752058881.687563	0
10752092196.735426	0
10752125511.783287	0
10752158827.83115	0
10752192142.879013	0
10752225458.926876	0
10752258773.974737	0
10752292090.0226	0
10752325405.070463	0
10752358721.118326	0
10752392036.166187	0
10752425352.21405	0
10752458667.261913	0
10752491983.309776	0
10752525298.357637	0
10752558613.4055	0
10752591929.453363	0
10752625244.501225	0
10752658560.549088	0
10752691875.59695	0
10752725191.644814	0
10752758506.692675	0
10752791822.74054	0
10752825137.7884	0
10752858453.836264	0
10752891768.884125	0
10752925084.93199	0
10752958399.97985	0
10752991715.027712	0
10753025031.075577	0
10753058346.123438	0
10753091662.1713	0
10753124977.219164	0
10753158293.267027	0
10753191608.314888	0
10753224924.362751	0
10753258239.410614	0
10753291555.458477	0
10753324870.506338	0
10753358186.554201	0
10753391501.602064	0
10753424817.649927	0
10753458132.697788	0
10753491447.745651	0
10753524763.793514	0
10753558078.841375	0
10753591394.889238	0
10753624709.937101	0
10753658024.984962	0
10753691341.032825	0
10753724657.080688	0
10753757972.128551	0
10753791287.176413	0
10753824603.224276	0
10753857918.272139	0
10753891234.320002	0
10753924550.367865	0
10753957865.415726	0
10753991181.46359	0
10754024496.511452	0
10754057811.559313	0
10754091127.607178	0
10754124442.655039	0
10754157758.702902	0
10754191073.750763	0
10754224388.798626	0
10754257704.846489	0
10754291019.89435	0
10754324335.942215	0
10754357650.990076	0
10754390967.03794	0
10754424283.085802	0
10754457598.133665	0
10754490913.181526	0
10754524229.22939	0
10754557544.277252	0
10754590860.325115	0
10754624175.372976	0
10754657491.42084	0
10754690806.468702	0
10754724121.516563	0
10754757437.564426	0
10754790752.61229	0
10754824068.660152	0
10754857383.708014	1
10754890699.755877	0
10754924014.80374	0
10754957330.851603	0
10754990645.899464	0
10755023961.947327	0
10755057276.99519	0
10755090593.043053	0
10755123908.090914	0
10755157223.138777	0
10755190539.18664	0
10755223854.2345	0
10755257170.282364	0
10755290485.330227	0
10755323801.37809	0
10755357116.425951	0
10755390432.473814	0
10755423747.521677	0
10755457063.56954	0
10755490378.617401	0
10755523693.665264	0
10755557009.713127	0
10755590324.760988	0
10755623640.808851	1
10755656955.856714	0
10755690271.904577	0
10755723586.952438	0
10755756903.000303	0
10755790218.048164	0
10755823534.096027	0
10755856849.14389	0
10755890165.191753	0
10755923480.239614	0
10755956796.287477	0
10755990111.33534	0
10756023426.383202	0
10756056742.431065	0
10756090057.478928	0
10756123373.52679	0
10756156689.574654	0
10756190004.622515	0
10756223319.670378	0
10756256635.71824	0
10756289950.766102	0
10756323266.813965	0
10756356581.861828	0
10756389897.90969	0
10756423212.957552	0
10756456529.005415	0
10756489844.053278	1
10756523159.10114	1
10756556475.149002	0
10756589790.196865	0
10756623106.244728	0
10756656421.29259	0
10756689737.340452	0
10756723052.388315	0
10756756368.436178	0
10756789684.484041	0
10756822998.531902	0
10756856314.579765	0
10756889630.627628	0
10756922945.67549	0
10756956260.723352	0
10756989576.771215	0
10757022891.819077	0
10757056207.866941	0
10757089522.914803	0
10757122838.962666	0
10757156154.010527	0
10757189470.058392	0
10757222785.106253	0
10757256101.154116	0
10757289416.201979	0
10757322731.24984	0
10757356047.297703	0
10757389362.345566	0
10757422678.393429	2
10757455993.44129	1
10757489309.489153	0
10757522624.537016	0
10757555940.584879	0
10757589255.63274	0
10757622570.680603	0
10757655886.728466	0
10757689202.776329	0
10757722517.82419	0
10757755833.872053	0
10757789148.919916	0
10757822463.967777	0
10757855780.01564	0
10757889096.063503	0
10757922411.111366	0
10757955726.159227	0
10757989042.20709	0
10758022357.254953	0
10758055673.302816	0
10758088988.350677	0
10758122303.39854	0
10758155619.446404	0
10758188934.494265	0
10758222250.542128	0
10758255565.58999	0
10758288881.637854	0
10758322196.685715	0
10758355512.73358	0
10758388827.78144	0
10758422143.829304	0
10758455458.877165	0
10758488774.92503	0
10758522089.97289	0
10758555406.020754	0
10758588721.068617	0
10758622037.11648	0
10758655352.164341	0
10758688667.212202	0
10758721983.260067	0
10758755298.307928	0
10764951983.210356	0
10764985298.258219	0
10765018614.306082	0
10765051929.353943	0
10765085245.401806	0
10765118560.449669	0
10765151876.497532	0
10765185191.545393	0
10765218507.593256	0
10765251822.641119	0
10765285138.688982	0
10765318453.736843	0
10765351769.784708	0
10765385084.83257	0
10765418399.88043	0
10766384551.268446	0
10766417865.316307	0
10766451181.36417	0
10766484497.412033	0
10766517812.459894	0
10766551127.507757	0
10766584443.55562	0
10766617758.603481	0
10766651074.651344	0
10766684389.699207	0
10766717705.74707	0
10766751020.794931	0
10766784335.842794	0
10766817651.890657	0
10766850966.938519	0
10766884282.986382	0
10766917598.034245	0
10766950914.082108	0
10766984229.129969	0
10767017544.177832	0
10767050860.225695	0
10767084176.273558	0
10767117491.32142	0
10767150806.369282	0
10767184122.417145	0
10767217438.465008	0
10767250753.51287	0
10767284068.560732	0
10767317384.608595	0
10767350699.656458	0
10767384014.704319	0
10767417330.752182	0
10767450645.800043	0
10767483961.847908	0
10767517276.89577	0
10767550592.943632	0
10767583907.991495	0
10767617224.039358	0
10767650540.087221	0
10767683855.135082	0
10767717170.182945	0
10767750486.230808	0
10767783801.27867	0
10767817116.326532	0
10767850432.374395	0
10767883748.422258	0
10767917064.470121	0
10767950378.517982	0
10767983694.565845	0
10768017009.613707	0
10768050325.66157	0
10768083641.709435	0
10768116956.757296	0
10768150271.805157	0
10768183587.85302	0
10768216902.900883	0
10768250218.948746	0
10768283534.996609	0
10768316850.044472	0
10768350165.092333	0
10768383481.140196	0
10768416796.188057	0
10768450112.235922	0
10768483427.283783	0
10768516743.331646	0
10768550058.379509	0
10768583373.42737	0
10768616688.475231	0
10768650004.523096	0
10768683319.570957	0
10768716635.61882	0
10768749951.666683	0
10768783266.714546	0
10768816581.762407	0
10768849897.81027	0
10768883212.858133	0
10768916528.905996	0
10768949843.953857	0
10768983160.00172	0
10769016475.049583	0
10769049791.097446	0
10769083106.145308	0
10769116422.19317	0
10769149737.241034	0
10769183053.288897	0
10769216368.336758	0
10769249683.38462	0
10769282999.432484	0
10769316315.480347	0
10769349630.528208	0
10769382945.57607	0
10769416261.623934	0
10769449576.671795	0
10769482892.719658	0
10769516207.76752	0
10769549523.815384	0
10769582838.863245	0
10769616153.911108	0
10769649469.958971	0
10769682786.006834	0
10769716101.054695	0
10769749416.102558	0
10769782732.150421	0
10769816047.198282	0
10769849363.246147	0
10769882678.294008	0
10769915994.341871	0
10769949309.389732	0
10769982624.437595	0
10770015940.485458	0
10770049256.533321	0
10770082571.581184	0
10770115887.629047	0
10770149203.67691	0
10770182517.72477	0
10770215833.772635	0
10770249148.820496	0
10770282464.868359	0
10770315780.916222	0
10770349095.964085	0
10770382411.011946	0
10770415726.059809	0
10770449042.107672	0
10770482358.155535	0
10770515673.203396	0
10770548989.251259	0
10770582304.299122	0
10770615620.346985	0
10770648935.394846	0
10770682250.442709	0
10770715566.490572	0
10770748881.538433	0
10770782196.586296	0
10770815512.63416	0
10770848828.682022	0
10770882143.729883	0
10770915459.777746	0
10770948774.82561	0
10770982089.87347	0
10771015405.921333	0
10771048720.969196	0
10771082037.01706	0
10771115353.064922	0
10771148668.112783	0
10771181983.160646	0
10771215299.20851	0
10771248614.25637	0
10771281930.304235	0
10771315246.352098	0
10771348560.399958	0
10771381876.447823	0
10771415191.495684	0
10771448506.543545	0
10771481822.591408	0
10771515138.639273	0
10771548453.687134	0
10771581769.734997	0
10771615084.78286	0
10771648399.83072	0
10771681715.878584	0
10771715031.926447	0
10771748346.97431	0
10771781663.022173	0
10771814978.070034	0
10771848293.117897	0
10771881609.16576	0
10771914924.213621	0
10771948240.261484	0
10771981555.309347	0
10772014871.35721	0
10772048186.405071	0
10772081502.452934	0
10772114817.500797	0
10772148133.54866	0
10772181448.596521	0
10772214763.644384	0
10772248080.69225	0
10772281394.740108	0
10772314710.787971	0
10772348025.835835	0
10772381341.883698	0
10772414656.931559	0
10772447972.979422	0
10772481288.027285	0
10772514604.075148	0
10772547919.123009	0
10772581235.170874	0
10772614550.218735	0
10772647865.266596	0
10772681181.314459	0
10772714496.362322	0
10772747812.410185	0
10772781127.458046	0
10772814443.50591	0
10772847758.553772	0
10772881074.601635	0
10772914389.649496	0
10772947705.697361	0
10772981020.745222	0
10773014336.793085	0
10773047651.840948	0
10773080967.888811	0
10773114282.936672	0
10773147597.984535	0
10773180914.032398	0
10773214229.08026	0
10773247545.128122	0
10773280860.175985	0
10773314175.223846	0
10773347491.27171	0
10773380806.319572	0
10773414122.367435	0
10773447438.415298	0
10773480753.46316	0
10773514068.511023	0
10773547384.558886	0
10773580699.606747	0
10773614015.65461	0
10773647330.702473	0
10773680646.750336	0
10773713961.798197	0
10773747277.84606	0
10773780592.893923	0
10773813908.941786	0
10773847223.989647	0
10773880540.03751	0
10773913855.085373	0
10773947171.133236	0
10773980486.181097	0
10774013801.22896	0
10774047117.276823	0
10774080432.324684	0
10774113748.37255	0
10774147063.42041	0
10774180379.468273	0
10774213694.516134	0
10774247010.564	0
10774280325.61186	0
10774313640.659721	0
10774346956.707586	0
10774380271.755447	0
10774413587.80331	0
10774446902.851171	0
10774480218.899036	0
10774513534.9469	0
10774546849.99476	0
10774580165.042624	0
10774613480.090485	0
10774646796.138348	0
10774680112.18621	0
10774713427.234074	0
10774746742.281935	0
10774780058.329798	0
10774813373.37766	0
10774846690.425524	0
10774880004.473385	0
10774913320.521248	0
10774946635.56911	0
10774979951.616974	0
10775013266.664835	0
10775046582.712698	0
10775079897.760561	0
10775113213.808424	0
10775146528.856285	0
10775179844.904148	0
10775213159.952011	0
10775246474.999872	0
10775279791.047735	0
10775313107.0956	0
10775346422.143461	0
10775379737.191322	0
10775413053.239185	0
10775446368.287048	0
10775479684.334911	0
10775512999.382772	0
10775546315.430637	0
10775579630.478498	0
10775612946.526361	0
10775646261.574224	0
10775679577.622087	0
10775712892.669949	0
10775746207.71781	0
10775779523.765675	0
10775812838.813536	0
10775846154.861399	0
10775879469.909262	0
10775912785.957125	0
10775946101.004986	0
10775979417.052849	0
10776012732.100712	0
10776046048.148575	0
10776079363.196436	0
10776112678.244299	0
10776146002.292173	0
10776179309.340023	0
10776212625.387886	0
10776245940.43575	0
10776279256.483612	0
10776312571.531473	0
10776345887.579336	0
10776379202.6272	0
10776412517.67506	0
10776445833.722923	0
10776479148.770786	0
10776512464.81865	0
10776545780.866512	0
10776579095.914373	0
10776612410.962236	0
10776645727.0101	0
10776679042.05796	0
10776712358.105824	0
10776745674.153688	0
10776778989.20155	0
10776812304.24941	0
10776845620.297276	0
10776878935.345137	0
10776912251.393	0
10776945572.44087	0
10776978881.488724	0
10777012197.536587	0
10777045512.584448	0
10777078828.632313	0
10777112143.680174	0
10777145459.728037	0
10777178774.775898	0
10777212090.823763	0
10777245405.871624	0
10777278720.919485	0
10777312036.96735	0
10777345353.015213	0
10777378668.063074	0
10777411983.110937	0
10777445299.1588	0
10777478615.206663	0
10777511930.254524	0
10777545245.302387	0
10777578561.35025	0
10777611876.398111	0
10777645192.445974	0
10777678507.493837	0
10777711823.5417	0
10777745138.589561	0
10777778454.637424	0
10777811769.685287	0
10777845085.73315	0
10777878400.781012	0
10777911715.828875	0
10777945031.876738	0
10777978346.924599	0
10778011662.972462	0
10778044978.020325	0
10778078294.068188	0
10778111609.116049	0
10778144925.163912	0
10778178240.211775	0
10778211556.259638	0
10778244871.307499	0
10778278187.355364	0
10778311502.403225	0
10778344818.451088	0
10778378133.498951	0
10778411448.546812	0
10778444764.594675	0
10778478079.642536	0
10778511395.690401	0
10778544710.738262	0
10778578026.786125	0
10778611341.833988	0
10778644657.881851	0
10778677972.929712	0
10778711288.977575	0
10778744604.025438	0
10778777920.073301	0
10778811235.121162	0
10778844551.169025	0
10778877866.216888	0
10778911182.264751	0
10778944497.312613	0
10778977812.360476	0
10779011128.408339	0
10779044443.4562	0
10779077759.504063	0
10779111074.551926	0
10779144389.599787	0
10779177705.64765	0
10779211020.695513	0
10779244336.743376	0
10779277651.791237	0
10779310967.8391	0
10779344282.886963	0
10779377598.934826	0
10779410913.982687	0
10779444229.03055	0
10779477545.078413	0
10779510861.126276	0
10779544176.174137	0
10779577508.222025	0
10779610807.269863	0
10779644122.317724	0
10779677438.365587	0
10779710753.41345	0
10779744069.461313	0
10779777384.509174	0
10779810700.55704	0
10779844016.604902	0
10779877331.652763	0
10779910647.700626	0
10779943962.74849	0
10779977277.79635	0
10780010592.844212	0
10780043908.892076	0
10780077224.93994	0
10780110540.987803	0
10780143855.035664	0
10780177171.083527	0
10780210486.131388	0
10780243802.17925	0
10780277118.227114	0
10780310433.274977	0
10780343748.322838	0
10780377064.3707	0
10780410379.418564	0
10780443695.466427	0
10780477010.514288	0
10780510325.562151	0
10780543641.610014	0
10780576956.657875	0
10780610272.705738	0
10780643588.753601	0
10780676903.801464	0
10780710218.849325	0
10780743534.897188	0
10780776849.945051	0
10780810165.992914	0
10780843481.040775	0
10780876797.088638	0
10780910113.136503	0
10780943428.184364	0
10780976743.232225	0
10781010058.280088	0
10781043374.327951	0
10781076690.375814	0
10781110005.423677	0
10781143321.47154	0
10781176636.519402	0
10781209951.567263	0
10781243267.615128	0
10781276582.662989	0
10781309898.710852	0
10781343214.758715	0
10781376529.806578	0
10781409844.854439	0
10781443159.9023	0
10781476475.950165	0
10781509791.998028	0
10781543107.045889	0
10781576423.093752	0
10781609738.141615	0
10781643053.189476	0
10781676369.237339	0
10781709684.285202	0
10781743000.333065	0
10781776315.380926	0
10781809630.42879	0
10781842946.476652	0
10781876261.524513	0
10781909577.572376	0
10781942893.62024	0
10781976208.668102	0
10782009523.715963	0
10782042842.763832	0
10782076155.811691	0
10782109470.859552	0
10782142785.907413	0
10782176101.955276	0
10782209417.00314	0
10782242733.051003	0
10782276048.098864	0
10782309363.146727	0
10782342680.194592	0
10782375995.242453	0
10782409310.290314	0
10782442626.338179	0
10782475941.38604	0
10782509257.433903	0
10782542572.481766	0
10782575887.529627	0
10782609203.57749	0
10782642518.625353	0
10782675834.673216	0
10782709149.721077	0
10782742465.76894	0
10782775780.816803	0
10782809095.864664	0
10782842411.912527	0
10782875726.96039	0
10782909043.008253	0
10782942359.056116	0
10782975676.103981	0
10783008989.15184	0
10783042305.199703	0
10783075620.247564	0
10783108936.295427	0
10783142251.34329	0
10783175567.391153	0
10783208882.439014	0
10783242198.486877	0
10783275513.53474	0
10783308829.582603	0
10783342144.630465	0
10783375459.678328	0
10783408775.72619	0
10783442090.774052	0
10783475406.821915	0
10783508721.869778	0
10783542037.91764	0
10783575352.965502	0
10783608669.013367	0
10783641984.061228	0
10783675299.109089	0
10783708615.156952	0
10783741931.204817	0
10783775246.252678	0
10783808561.300539	0
10783841877.348404	0
10783875193.396267	0
10783908508.444128	0
10783941823.49199	0
10783975139.539854	0
10784008454.587715	0
10784041770.635578	0
10784075085.683441	0
10784108401.731304	0
10784141716.779165	0
10784175032.827028	0
10784208347.874891	0
10784241663.922754	0
10784274978.970615	0
10784308294.018478	0
10784341610.066341	0
10784374925.114202	0
10784408241.162066	0
10784441556.209929	0
10784474872.257792	0
10784508188.305655	0
10784541503.353516	0
10784574818.401379	0
10784608133.44924	0
10784641449.497103	0
10784674764.544966	0
10784708080.592829	0
10784741396.640692	0
10784774711.688553	0
10784808026.736416	0
10784841342.784279	0
10784874657.83214	0
10784907973.880003	0
10784941288.927866	0
10784974604.975729	0
10785007920.02359	0
10785041236.071455	0
10785074551.119316	0
10785107867.16718	0
10785141182.21504	0
10785174497.262903	0
10785207813.310766	0
10785241128.358627	0
10785274444.406492	0
10785307759.454353	0
10785341075.502216	0
10785374390.55008	0
10785407706.597942	0
10785441021.645803	0
10785474336.693665	0
10785507652.74153	0
10785540968.789392	0
10785574283.837254	0
10785607599.885117	0
10785640914.93298	0
10785674229.98084	0
10785707546.028704	0
10785740861.076567	0
10785774177.12443	0
10785807492.17229	0
10785840808.220154	0
10785874123.268017	0
10785907439.31588	0
10785940754.36374	0
10785974069.411604	0
10786007386.459469	0
10786040701.50733	0
10786074016.555191	0
10786107332.603054	0
10786140647.650917	0
10786173962.698778	0
10786207278.746641	0
10786240594.794506	0
10786273909.842367	0
10786307224.890228	0
10786340540.938093	0
10786373855.985954	0
10786407172.033817	0
10786440487.081678	0
10786473802.129541	0
10786507118.177404	0
10786540433.225266	0
10786573749.27313	0
10786607064.320992	0
10786640380.368855	0
10786673695.416716	0
10786707011.46458	0
10786740326.512442	0
10786773642.560305	0
10786806957.608168	0
10786840273.65603	0
10786873588.703892	0
10786906904.751755	0
10786940219.799618	0
10786973535.84748	0
10787006850.895342	0
10787040166.943205	0
10787073481.991068	0
10787106797.038929	0
10787140113.086792	0
10787173428.134655	0
10787206744.182518	0
10787240059.23038	0
10787273376.278244	0
10787306690.326105	0
10787340006.373968	0
10787373321.42183	0
10787406636.469692	0
10787439953.517557	0
10787473267.565416	0
10787506583.61328	0
10787539899.661144	0
10787573214.709005	0
10787606529.756866	0
10787639845.80473	0
10787673160.852592	0
10787706475.900454	0
10787739791.948317	0
10787773107.996181	0
10787806423.044043	0
10787839739.091906	0
10787873054.139769	0
10787906370.187632	0
10787939685.235493	0
10787973001.283356	0
10788006316.331219	0
10788039633.379082	0
10788072947.426943	0
10788106262.474806	0
10788139578.522669	0
10788172893.57053	0
10788206209.618393	0
10788239524.666256	0
10788272840.714119	0
10788306156.761982	0
10788339471.809843	0
10788372786.857706	0
10788406101.905567	0
10788439417.95343	0
10788472733.001293	0
10788506049.049156	0
10788539364.097017	0
10788572680.14488	0
10788605995.192743	0
10788639311.240606	0
10788672626.288467	0
10788705942.33633	0
10788739257.384193	0
10788772573.432056	0
10788805888.479918	0
10788839204.527782	0
10788872519.575644	0
10788905834.623505	0
10788939150.671368	0
10788972465.71923	0
10789005781.767094	0
10789039096.814955	0
10789072411.862818	0
10789105727.91068	0
10789139043.958544	0
10789172359.006405	0
10789205675.05427	0
10789238990.10213	0
10789272306.149994	0
10789305621.197857	0
10789338937.24572	0
10789372252.293581	0
10789405567.341442	0
10789438883.389307	0
10789472198.437168	0
10789505514.485031	0
10789538829.532894	0
10789572145.580757	0
10789605460.628618	0
10789638775.676481	0
10789672091.724344	0
10789705406.772205	0
10789738722.820068	0
10789772038.867931	0
10789805353.915794	0
10789838668.963655	0
10789871985.011518	0
10789905300.059381	0
10789938616.107244	0
10789971931.155106	0
10790005247.202969	0
10790038562.250832	0
10790071878.298695	0
10790105193.346556	0
10790138508.394419	0
10790171824.442282	0
10790205140.490145	0
10790238455.538006	0
10790271771.58587	0
10790305086.633732	0
10790338401.681593	0
10790371717.729456	0
10790405032.777319	0
10790438348.825182	0
10790471663.873043	0
10790504979.920908	0
10790538294.96877	0
10790571610.01663	0
10790604926.064495	0
10790638242.112358	0
10790671557.16022	0
10790704873.208082	0
10790738188.255945	0
10790771503.303806	0
10790804819.35167	0
10790838134.399532	0
10790871449.447393	0
10790904765.495256	0
10790938081.54312	0
10790971396.590982	0
10791004712.638845	0
10791038027.686707	0
10791071343.73457	0
10791104658.782433	0
10791137973.830294	0
10791171289.878157	0
10791204604.92602	0
10791237920.973883	0
10791271236.021744	0
10791304552.069607	0
10791337867.11747	0
10791371183.165333	0
10791404498.213194	0
10791437813.261057	0
10791471129.30892	0
10791504445.356783	0
10791537760.404644	0
10791571076.452509	0
10791604391.50037	0
10791637707.548233	0
10791671022.596094	0
10791704337.643957	0
10791737653.69182	0
10791770968.739681	0
10791804284.787546	0
10791837599.835407	0
10791870914.883268	0
10791904230.931131	0
10791937546.978996	0
10791970862.026857	0
10792004177.074718	0
10792037493.122583	0
10792070808.170444	0
10792104124.218307	0
10792137439.266169	0
10792170755.314034	0
10792204070.361895	0
10792237386.409758	0
10792270701.45762	0
10792304017.505484	0
10792337332.553345	0
10792370648.601208	0
10792403963.64907	0
10792437279.696934	0
10792470594.744795	0
10792503909.792658	0
10792537225.84052	0
10792570540.888382	0
10792603856.936245	0
10792637171.984108	0
10792670488.031971	0
10792703803.079832	0
10792737119.127695	0
10792770434.175558	0
10792803749.22342	0
10792837065.271282	0
10792870380.319145	0
10792903696.367008	0
10792937011.41487	0
10792970327.462732	0
10793003642.510595	0
10793036958.558458	0
10793070273.60632	0
10793103589.654182	0
10793136904.702045	0
10793170221.74991	0
10793203535.79777	0
10793236850.845633	0
10793270166.893496	0
10793303481.941357	0
10793336797.989222	0
10793370113.037083	0
10793403429.084946	0
10793436744.132807	0
10793470060.180672	0
10793503375.228533	0
10793536690.276394	0
10793570006.324259	0
10793603321.37212	0
10793636637.419983	0
10793669952.467844	0
10793703268.515709	0
10793736583.56357	0
10793769899.611433	0
10793803214.659296	0
10793836530.707159	0
10793869845.75502	0
10793903161.802883	0
10793936476.850746	0
10793969792.89861	0
10794003108.946472	0
10794036423.994333	0
10794069739.042196	0
10794103054.090057	0
10794136376.13793	0
10794169685.185783	0
10794203001.233646	0
10794236316.281507	0
10794269632.32937	0
10794302947.377234	0
10794336262.425095	0
10794369578.472958	0
10794402894.52082	0
10794436209.568684	0
10794469525.616547	0
10794502840.664408	0
10794536155.71227	0
10794569471.760134	0
10794602787.807997	0
10794636102.855858	0
10794669417.90372	0
10794702733.951584	0
10794736048.999445	0
10794769365.04731	0
10794802680.095171	0
10794835995.143032	0
10794869311.190897	0
10794902627.23876	0
10794935942.286621	0
10794969257.334482	0
10795002573.382347	0
10795035888.430208	0
10795069204.478071	0
10795102519.525934	0
10795135835.573797	0
10795169150.621658	0
10795202465.66952	0
10795235781.717384	0
10795269097.765247	0
10795302412.813108	0
10795335727.860971	0
10795369043.908834	0
10795402358.956696	0
10795435675.004559	0
10795468991.052422	0
10795502306.100285	0
10795535622.148148	0
10795568937.196009	0
10795602252.243872	0
10795635568.291735	0
10795668883.339596	0
10795702199.387459	0
10795735515.435324	0
10795768830.483185	0
10795802145.531046	0
10795835461.57891	0
10795868776.626772	0
10795902092.674635	0
10795935407.722496	0
10795968722.770359	0
10796002038.818222	1
10796035353.866083	0
10796068669.913948	0
10796101984.96181	0
10796135301.009672	0
10796168616.057533	0
10796201931.105396	0
10796235247.15326	0
10796268563.201122	0
10796301878.248985	0
10796335193.296846	0
10796368509.34471	0
10796401824.39257	0
10796435140.440435	0
10796468455.488297	0
10796501771.53616	0
10796535086.584023	0
10796568402.631886	0
10796601717.679747	0
10796635032.72761	0
10796668348.775473	0
10796701663.823334	0
10796734979.871197	0
10796768295.91906	0
10796801610.966923	0
10796834926.014784	0
10796868242.062647	0
10796901558.11051	0
10796934873.158373	0
10796968188.206234	0
10797001504.254097	0
10797034819.30196	0
10797068135.349823	0
10797101450.397684	0
10797134765.445547	0
10797168081.49341	0
10797201397.541273	0
10797234712.589134	0
10797268027.636997	0
10797301343.68486	0
10797334658.732721	0
10797367974.780584	0
10797401289.828447	0
10797434605.87631	0
10797467920.924171	0
10797501236.972036	0
10797534552.019897	0
10797567867.067759	0
10797601183.115623	0
10797634499.163486	0
10797667814.211348	0
10797701129.259209	0
10797734445.307074	0
10797767760.354935	0
10797801076.402798	0
10797834391.45066	0
10797867706.498522	0
10797901022.546385	0
10797934338.594248	0
10797967653.64211	0
10798000968.689972	0
10798034284.737835	0
10798067599.785698	0
10798100915.83356	0
10798134230.881422	0
10798167546.929285	0
10798200861.977148	0
10798234178.025011	0
10798267493.072872	0
10798300809.120735	0
10798334124.168598	0
10798367440.216461	0
10798400755.264322	0
10798434070.312185	0
10798467386.360048	0
10798500702.407911	0
10798534017.455772	0
10798567332.503635	0
10798600648.551498	0
10798633963.59936	0
10798667279.647223	0
10798700594.695086	0
10798733910.742949	0
10798767225.79081	0
10798800540.838673	0
10798833856.886536	0
10798867172.934399	0
10798900487.98226	0
10798933803.030123	0
10798967119.077986	0
10799000434.125847	0
10799033750.173712	0
10799067065.221573	0
10799100381.269436	0
10799133696.317299	0
10799167011.36516	0
10799200327.413023	0
10799233642.460884	0
10799266958.508749	0
10799300273.55661	0
10799333589.604473	0
10799366904.652336	0
10799400220.7002	0
10799433535.74806	0
10799466851.795923	0
10799500166.843786	0
10799533482.89165	0
10799566797.93951	0
10799600113.987373	0
10799633429.035236	0
10799666745.0831	0
10799700061.130962	0
10799733375.178823	0
10799766691.226686	0
10799800006.274548	0
10799833322.32241	0
10799866637.370274	0
10799899953.418137	0
10799933268.465998	0
10799966584.51386	0
10799999899.561724	0
10800033215.609587	0
10800066530.657448	0
10800099846.705313	0
10800133161.753174	0
10800166476.801035	0
10800199792.848898	0
10800233107.89676	0
10800266423.944624	0
10800299738.992485	0
10800333055.04035	0
10800366371.088213	0
10800399686.136074	0
10800433001.183935	0
10800466316.231798	0
10800499632.279661	0
10800532948.327524	0
10800566264.375387	0
10800599578.423248	0
10800632894.471111	0
10800666209.518972	0
10800699525.566837	0
10800732840.614698	0
10800766156.662561	0
10800799471.710424	0
10800832787.758287	0
10800866102.806149	0
10800899418.854012	0
10800932733.901875	0
10800966049.949738	0
10800999364.997599	0
10801032680.045462	0
10801065996.093325	0
10801099311.141186	0
10801132627.189049	0
10801165943.236912	0
10801199258.284775	0
10801232573.332636	0
10801265889.380499	0
10801299204.428362	0
10801332520.476225	0
10801365835.524086	0
10801399151.571949	0
10801432466.619812	0
10801465782.667675	0
10801499097.715536	0
10801532412.7634	0
10801565728.811262	0
10801599044.859125	0
10801632359.906986	0
10801665674.95485	0
10801698991.002712	0
10801732306.050573	0
10801765621.098436	0
10801798937.1463	0
10801832253.194162	0
10801865568.242025	0
10801898883.289886	0
10801932199.33775	0
10801965514.38561	0
10801998830.433475	0
10802032145.481337	0
10802065461.5292	0
10802098776.577063	0
10802132092.624926	0
10802165407.672787	0
10802198723.72065	0
10802232038.768513	0
10802265353.816374	0
10802298669.864237	0
10802331984.9121	0
10802365300.959963	0
10802398616.007824	0
10802431932.055687	0
10802465248.10355	0
10802498563.151413	0
10802531878.199274	0
10802565194.247137	0
10802598509.295	0
10802631825.342863	0
10802665141.390726	0
10802698456.438587	0
10802731771.48645	0
10802765086.534311	0
10802798402.582174	0
10802831718.63004	0
10802865033.6779	0
10802898348.725761	0
10802931664.773624	0
10802964979.821487	0
10802998295.86935	0
10803031610.917212	0
10803064926.965076	0
10803098242.012938	0
10803131557.060799	0
10803164873.108662	0
10803198188.156525	0
10803231504.204388	0
10803264820.25225	0
10803298135.300114	0
10803331450.347975	0
10803364766.395838	0
10803398081.443699	0
10803431397.491564	0
10803464712.539425	0
10803498028.587288	0
10803531343.63515	0
10803564658.683012	0
10803597974.730875	0
10803631289.778738	0
10803664605.826601	0
10803697920.874462	0
10803731236.922325	0
10803764551.970188	0
10803797868.018051	0
10803831183.065912	0
10803864498.113775	0
10803897814.161638	0
10803931130.209501	0
10803964445.257362	0
10803997761.305225	0
10804031076.353088	0
10804064391.40095	0
10804097707.448812	0
10804131022.496675	0
10804164338.544538	0
10804197653.5924	0
10804230969.640263	0
10804264284.688126	0
10804297600.735989	0
10804330915.78385	0
10804364231.831713	0
10804397546.879576	0
10804430861.927437	0
10804464177.9753	0
10804497493.023163	0
10804530809.071026	0
10804564124.118887	0
10804597440.166752	0
10804630755.214613	0
10804664071.262476	0
10804697386.310337	0
10804730702.358202	0
10804764017.406063	0
10804797333.453926	0
10804830648.50179	0
10804863964.549652	0
10804897279.597513	0
10804930595.645376	0
10804963910.69324	0
10804997225.7411	0
10805030541.788963	0
10805063856.836826	0
10805097172.88469	0
10805130487.93255	0
10805163802.980413	0
10805197119.028276	0
10805230435.07614	0
10805263750.124	0
10805297066.171864	0
10805330381.219727	0
10805363696.267588	0
10805397012.31545	0
10805430327.363314	0
10805463643.411177	0
10805496958.459038	0
10805530274.5069	0
10805563589.554764	0
10805596904.602625	0
10805630220.650488	0
10805663536.69835	0
10805696851.746214	0
10805730166.794075	0
10805763482.841938	0
10805796797.889801	0
10805830113.937664	0
10805863428.985525	0
10805896745.033388	0
10805930060.081251	0
10805963376.129114	0
10805996691.176975	0
10806030007.22484	0
10806063322.272701	0
10806096637.320562	0
10806129953.368427	0
10806163269.41629	0
10806196584.464151	0
10806229899.512012	0
10806263215.559877	0
10806296530.607738	0
10806329846.655602	0
10806363161.703465	0
10806396476.751326	0
10806429796.799194	0
10806463108.847052	0
10806496423.894915	0
10806529738.942776	0
10806563054.990639	0
10806596370.038502	0
10806629686.086365	0
10806663001.134226	0
10806696317.182089	0
10806729632.229952	0
10806762948.277815	0
10806796263.325676	0
10806829579.373539	0
10806862894.421402	0
10806896210.469265	0
10806929525.517126	0
10806962841.56499	0
10806996156.612852	0
10807029472.660715	0
10807062787.708576	0
10807096102.75644	0
10807129418.804302	0
10807162733.852163	0
10807196049.900026	0
10807229364.94789	0
10807262680.995752	0
10807295997.043615	0
10807329312.091478	0
10807362627.13934	0
10807395943.187202	0
10807429258.235064	0
10807462574.282928	0
10807595835.474377	0
10807629151.52224	0
10807662466.5701	0
10807695782.617966	0
10807729097.665827	0
10807762413.71369	0
10807795728.761553	0
10807829044.809416	0
10807862359.857277	0
10807895674.90514	0
10807928990.953003	0
10807962307.000866	0
10807995622.048727	0
10808028937.09659	0
10808062253.144453	0
10808095568.192314	0
10808128884.240177	0
10808162199.28804	0
10808195514.335901	0
10808228830.383764	0
10808262146.431627	0
10808295461.47949	0
10808328777.527353	0
10808362092.575214	0
10808395407.623077	0
10808428723.67094	0
10808462038.718801	0
10808495354.766665	0
10808528669.814528	0
10808561984.862389	0
10808595300.910252	0
10808628616.958115	0
10808661932.005978	0
10808695248.05384	0
10808728563.101702	0
10808761878.149565	0
10808795194.197428	0
10808828509.245289	0
10808861825.293154	0
10808895140.341015	0
10808928456.388878	0
10808961771.436739	0
10808995087.484604	0
10809028402.532465	0
10809061718.580328	0
10809095042.628202	0
10809128349.676054	0
10809161664.723915	0
10809194980.771778	0
10809228295.819641	0
10809261611.867504	0
10809294926.915365	0
10809328241.963228	0
10809361558.011091	0
10809394873.058952	0
10809428189.106815	0
10809461504.154678	0
10809494820.202541	0
10809528135.250402	0
10809561450.298265	0
10809594766.346128	0
10809628081.39399	0
10809661397.441853	0
10809694712.489716	0
10809728028.537579	0
10809761343.58544	0
10809794659.633303	1
10809827974.681166	0
10809861290.729029	0
10809894605.77689	0
10809927921.824753	0
10809961236.872616	0
10809994551.920477	0
10810027867.96834	0
10810061184.016205	0
10810094499.064066	0
10810127814.111927	0
10810161130.15979	0
10810194445.207653	0
10810227761.255516	0
10810261076.303377	0
10810294392.351242	0
10810327707.399103	0
10810361022.446964	0
10810394338.49483	0
10810427653.54269	0
10810460969.590553	0
10810494285.638416	0
10810527600.68628	0
10810560915.73414	0
10810594231.782003	0
10810627546.829866	0
10810660862.87773	0
10810694177.92559	0
10810727493.973454	0
10810760809.021317	0
10810794125.06918	0
10810827440.11704	0
10810860755.164904	0
10810894071.212767	0
10810927387.26063	0
10810960702.30849	0
10810994017.356354	0
10811027333.404217	0
10811060648.452078	0
10811093964.49994	0
10811127279.547804	0
10811160595.595667	0
10811193910.643528	0
10811227226.691391	0
10811260541.739254	0
10811293857.787117	0
10811327172.834978	0
10811360487.882841	0
10811393803.930704	0
10811427118.978565	0
10811460435.026428	0
10811493751.074293	0
10811527066.122154	0
10811560381.170015	0
10811593696.217878	0
10811627012.265741	0
10811660327.313602	0
10811693643.361465	0
10811726959.40933	0
10811760274.457191	0
10811793589.505053	0
10811826905.552917	0
10811860220.600779	0
10811893536.648642	0
10811926851.696503	0
10811960167.744368	0
10811993482.792229	0
10812026798.840092	0
10812060113.887955	0
10812093428.935816	0
10812126744.983679	0
10812160060.031542	0
10812193376.079405	0
10812226691.127266	0
10812260007.175129	0
10812293322.222992	0
10812326638.270855	0
10812359953.318716	0
10812393269.36658	0
10812426592.414454	0
10812459900.462305	0
10812493215.510166	0
10812526531.55803	0
10812559846.605892	0
10812593161.653753	0
10812626477.701616	0
10812659792.74948	0
10812693108.797342	0
10812726423.845203	0
10812759739.893066	0
10812793054.94093	0
10812826370.988792	0
10812859686.036654	0
10812893002.084517	0
10812926317.13238	0
10812959633.180243	0
10812992949.228106	0
10813026263.275967	0
10813059579.32383	0
10813092894.37169	0
10813126210.419556	0
10813159526.467419	0
10813192841.51528	0
10813226156.56314	0
10813259472.611006	0
10813292787.658867	0
10813326103.70673	0
10813359418.754593	0
10813392734.802456	0
10813426049.850317	0
10813459365.89818	0
10813492680.946043	0
10813525995.993904	0
10813559312.041767	0
10813592627.08963	0
10813625943.137493	0
10813659258.185354	0
10813692574.233217	0
10813725889.28108	0
10813759205.328943	0
10813792520.376804	0
10813825836.424667	0
10813859151.47253	0
10813892466.520391	0
10813925782.568254	0
10813959097.616117	0
10813992413.66398	0
10814025728.711842	0
10814059044.759705	0
10814092359.807568	0
10814125675.85543	0
10814158990.903292	0
10814192305.951155	0
10814225621.999018	0
10814258938.04688	0
10814292253.094742	0
10814325568.142605	0
10814358884.190468	0
10814392199.238329	0
10814425515.286192	0
10814458830.334055	0
10814492146.381918	0
10814525462.429781	0
10814558777.477644	0
10814592092.525505	0
10814625408.573368	0
10814658723.62123	0
10814692039.669094	0
10814725354.716955	0
10814758669.764816	0
10814791985.812681	0
10814825300.860542	0
10814858616.908405	0
10814891932.956268	0
10814925248.004131	0
10814958563.051992	0
10814991879.099855	0
10815025194.147718	0
10815058510.195581	0
10815091825.243443	0
10815125140.291306	0
10815158456.339169	0
10815191771.38703	0
10815225087.434893	0
10815258402.482756	0
10815291718.530619	0
10815325033.57848	0
10815358348.626343	0
10815391664.674206	0
10815424979.722067	0
10815458295.76993	0
10815491611.817793	0
10815524926.865656	0
10815558241.913517	0
10815591557.96138	0
10815624873.009243	0
10815658189.057106	0
10815691504.104967	0
10815724820.15283	0
10815758136.200695	0
10815791451.248556	0
10815824766.296417	0
10815858082.344282	0
10815891397.392143	0
10815924712.440004	0
10815958028.487867	0
10815991343.53573	0
10816024659.583593	0
10816057974.631454	0
10816091290.67932	0
10816124606.727182	0
10816157921.775043	0
10816191236.822905	0
10816224552.87077	0
10816257867.91863	0
10816291183.966494	0
10816324499.014357	0
10816357814.062218	0
10816391130.11008	0
10816424446.157944	0
10816457761.205807	0
10816491076.253668	0
10816524392.30153	0
10816557707.349394	0
10816591023.397257	0
10816624338.445118	0
10816657654.492981	0
10816690969.540844	0
10816724285.588707	0
10816757600.636568	0
10816790916.684431	0
10816824231.732294	0
10816857546.780155	0
10816890862.828018	0
10816924177.875881	0
10816957493.923744	0
10816990809.971607	0
10817024125.019468	0
10817057440.067331	0
10817090756.115194	0
10817124071.163055	0
10817157386.210918	0
10817190702.258781	0
10817224018.306644	0
10817257333.354506	0
10817290649.40237	0
10817323964.450232	0
10817357280.498095	0
10817390595.545958	0
10817423910.593819	0
10817457226.641682	0
10817490541.689543	0
10817523857.737408	0
10817557172.785269	0
10817590488.833132	0
10817623803.880995	0
10817657119.928858	0
10817690434.976719	0
10817723751.024582	0
10817757066.072445	0
10817790381.120306	0
10817823697.168169	0
10817857012.216032	0
10817890328.263895	0
10817923643.311756	0
10817956959.35962	0
10817990274.407482	0
10818023590.455345	0
10818056905.503206	0
10818090220.55107	0
10818123536.598932	0
10818156851.646793	0
10818190167.694656	0
10818223482.74252	0
10818256798.790382	0
10818290113.838243	0
10818323429.886106	0
10818356744.93397	0
10818390060.981833	0
10818423376.029694	0
10818456691.077557	0
10818490007.12542	0
10818523323.173283	0
10818556638.221144	0
10818589953.269007	0
10818623269.31687	0
10818656584.36473	0
10818689900.412594	0
10818723215.460457	0
10818756531.50832	0
10818789846.556181	0
10818823162.604046	0
10818856477.651907	0
10818956424.795496	0
10818989739.843357	0
10819023055.89122	0
10819056370.939083	0
10819089685.986944	0
10819123002.034807	0
10819156317.08267	0
10819189633.130533	0
10819222948.178394	0
10819256264.226257	0
10819289579.27412	0
10819322894.321981	0
10819356210.369844	0
10819389526.417707	0
10819422841.46557	0
10819456156.513432	0
10819489472.561295	0
10819522787.609158	0
10819556103.65702	0
10819589418.704882	0
10819622734.752745	0
10819656049.800608	0
10819689365.84847	0
10819722680.896332	0
10819755996.944195	0
10819789311.992058	0
10819822627.039919	0
10819855943.087782	0
10819889258.135645	0
10819922574.183508	0
10819955889.231369	0
10819989205.279232	0
10820022520.327095	0
10820055836.374958	0
10820089151.42282	0
10820122467.470684	0
10820155782.518545	0
10820189097.566406	0
10820222413.61427	0
10820255729.662134	0
10820289044.709995	0
10820322359.757856	0
10820355675.805721	0
10820388990.853582	0
10820422306.901445	0
10820455621.949306	0
10820488937.997171	0
10820522253.045033	0
10820555569.092896	0
10820588885.140759	0
10820622200.188622	0
10820655515.236483	0
10820688830.284346	0
10820722146.332209	0
10820755461.38007	0
10820788777.427933	0
10820822092.475796	0
10820855408.523659	0
10820888723.57152	0
10820922039.619383	0
10820955354.667246	0
10820988670.715109	0
10821021985.76297	0
10821055301.810833	0
10821088616.858696	0
10821121931.906557	0
10821155247.95442	0
10821188563.002283	0
10821221879.050146	0
10821255195.09801	0
10821288510.14587	0
10821321825.193733	0
10821355140.241594	0
10821388456.289457	0
10821421772.33732	0
10821455088.385185	0
10821488403.433046	0
10821521718.480907	0
10821555033.52877	0
10821588349.576633	0
10821621664.624495	0
10821654980.672358	0
10821688295.72022	0
10821721611.768084	0
10821754926.815945	0
10821788242.86381	0
10821821557.91167	0
10821854872.959532	1
10821888189.007397	0
10821921505.05526	0
10821954820.10312	0
10821988136.150984	0
10822021451.198847	0
10822054766.246708	0
10822088082.29457	0
10822121397.342434	0
10822154713.390297	0
10822188028.438158	0
10822221344.486021	0
10822254659.533884	0
10822287975.581747	0
10822321290.629608	0
10822354605.677471	3
10822387921.725334	0
10822421236.773195	0
10822454552.821058	0
10822487868.868921	0
10822521183.916784	0
10822554498.964645	0
10822587815.012508	0
10830150434.877298	0
10830183749.925161	0
10830217065.973024	3
10830250381.020885	0
10830283697.068748	1
10830317012.116611	0
10830350328.164474	0
10830383643.212336	1
10830416959.2602	0
10830450274.308062	0
10830483590.355925	0
10830516905.403786	2
10830550221.45165	2
10830583536.499512	0
10830616852.547375	0
10830650167.595238	0
10830683483.6431	0
10830716799.690964	0
10830750113.738823	0
10830783429.786688	2
10830816744.834549	1
10830850060.882412	1
10830883376.930275	1
10830916690.978136	0
10830950007.026	0
10830983322.073862	0
10831016638.121725	0
10831049955.16959	1
10831083269.21745	1
10831116585.265312	0
10831149900.313175	0
10831183215.361036	0
10831216531.4089	0
10831249846.456762	0
10831283162.504625	0
10831316477.552486	0
10831349793.60035	0
10831383108.648212	0
10831416423.696074	0
10831449739.743937	2
10831483054.7918	1
10831516370.839663	0
10831549685.887524	0
10831583001.935387	0
10831616316.98325	0
10831649633.031113	2
10831682948.078974	0
10831716263.126837	0
10831749579.1747	0
10831782895.222563	2
10831816210.270424	1
10831849525.318287	0
10831882841.36615	0
10831916156.414011	0
10831949472.461874	0
10831982788.509739	0
10832016103.5576	0
10832049418.605461	0
10832082734.653326	0
10832116049.701187	0
10832149365.74905	0
10832182680.796913	0
10832215995.844774	0
10832249311.892637	0
10832282626.940498	1
10832315942.988363	1
10832349259.036226	0
10832382574.084087	0
10832415889.13195	0
10832449205.179813	0
10832482520.227674	1
10832515836.275537	1
10832549151.3234	1
10832582467.371264	0
10832615782.419125	0
10832649098.466988	0
10832682413.51485	0
10832715729.562714	0
10832749044.610575	0
10832782359.658438	0
10832815675.7063	0
10832848990.754162	0
10832882306.802025	0
10832915621.849888	0
10832948937.89775	0
10832982252.945612	0
10833015568.993475	0
10833048884.041338	0
10833082200.089201	0
10833115515.137062	1
10833148831.184927	2
10833182147.23279	0
10833215461.28065	0
10833248777.328512	1
10833282092.376375	0
10833315408.424238	0
10833348723.4721	0
10833382039.519964	0
10833415354.567825	0
10833448669.615686	0
10833481985.66355	0
10833515301.711414	0
10833548616.759275	0
10833581932.807138	0
10833615247.855001	0
10833648562.902863	0
10833681878.950726	0
10833715194.998589	0
10833748509.04645	0
10833781825.094313	0
10833815141.142176	0
10833848456.190039	0
10833881772.237902	2
10833915087.285763	0
10833948402.333626	0
10833981718.381489	2
10834015033.42935	0
10834048349.477213	0
10834081664.525076	0
10834114980.572939	0
10834148295.6208	0
10834181611.668663	0
10834214926.716526	0
10834248241.764387	0
10834281557.81225	0
10834314872.860113	0
10834348188.907976	0
10834381503.955837	0
10834414820.0037	0
10834448135.051563	0
10834481451.099426	0
10834514766.147287	0
10834548082.19515	0
10834581397.243013	0
10834614713.290876	0
10834648028.338737	0
10834681344.386602	0
10834714659.434464	0
10834747975.482327	1
10834781290.530188	0
10834814605.57805	0
10834847921.625914	0
10834881236.673775	0
10834914552.72164	0
10834947867.7695	0
10834981183.817364	0
10835014498.865225	0
10835047813.913088	0
10835414284.439575	0
10835447600.487438	0
10835480916.535301	0
10835514231.583164	0
10835547547.631027	0
10835580862.678888	0
10835614177.726751	0
10835647493.774614	0
10835680808.822475	0
10835714124.870338	0
10835747440.918201	0
10835780754.966063	0
10835814071.013926	0
10835847387.061789	0
10835880702.109652	0
10835914018.157515	0
10835947333.205376	0
10835980648.253239	0
10836013964.301102	0
10836047279.348963	0
10836080595.396826	0
10836113915.444696	0
10836147226.492552	0
10836180541.540413	0
10836213857.588276	0
10836247172.636139	0
10836280488.684002	0
10836313803.731863	0
10836347118.779726	0
10836380434.827589	0
10836413749.87545	0
10836447065.923315	0
10836480381.971178	0
10836513698.019041	0
10836547012.0669	0
10836580328.114765	0
10836613643.162626	0
10836646959.21049	0
10836680274.258352	0
10836713590.306215	0
10836746905.354076	0
10836780221.40194	0
10836813536.449802	0
10836846851.497663	0
10836880167.545527	0
10836913482.59339	0
10836946798.641253	0
10836980113.689114	0
10837013429.736977	0
10837046744.78484	0
10837080060.832703	0
10837113375.880564	0
10837146691.928427	0
10837180006.97629	0
10837213322.02415	0
10837246638.072014	0
10837279954.119877	0
10837313269.16774	0
10837346584.215601	0
10837379900.263464	0
10837413215.311327	0
10837446531.35919	0
10837479846.407051	0
10837513162.454914	0
10837546477.502777	0
10837579793.55064	0
10837613108.598501	0
10837646423.646364	0
10837679739.694227	0
10837713054.742088	0
10837746370.789951	0
10837779685.837814	1
10837813001.885677	0
10837846316.933538	0
10837879631.981401	0
10837912948.029264	0
10837946264.077127	0
10837979579.12499	0
10838012895.172853	0
10838046210.220715	1
10838079525.268576	0
10838112841.31644	0
10838146157.364304	0
10838179472.412165	0
10838212787.460028	0
10838246103.50789	0
10838279418.555752	0
10838312734.603615	0
10838346049.651478	0
10838379365.69934	1
10838412680.747202	1
10838445996.795065	3
10838479311.842928	0
10838512627.89079	2
10838545942.938652	0
10838579257.986515	0
10838612574.034378	0
10838645889.08224	1
10838679205.130102	0
10838712520.177965	0
10838745836.225828	0
10838779151.27369	0
10838812467.321552	1
10838845782.369415	0
10838879098.417278	0
10838912413.46514	0
10838945729.513004	0
10838979044.560865	0
10839012359.608727	0
10839045675.65659	0
10839078990.704453	0
10839112306.752316	0
10839145621.800177	0
10839178936.84804	0
10839212252.895903	0
10839245567.943764	0
10839278883.991627	1
10839312199.03949	0
10839345515.087353	0
10839378830.135214	0
10839412146.183079	1
10839445461.23094	1
10839478777.278803	1
10839512092.326664	0
10839545408.374529	0
10839578723.42239	1
10839612039.470253	0
10839645354.518116	0
10839678670.565979	0
10839711985.61384	3
10839745300.661703	0
10839778616.709566	0
10839811932.75743	0
10839845247.80529	2
10839878562.853153	0
10839911878.901016	0
10839945193.948877	0
10839978508.99674	2
10840011825.044603	0
10840045141.092466	0
10840078456.140327	0
10840111772.18819	0
10840145087.236053	2
10840178402.283915	2
10840211718.331778	0
10840245034.37964	0
10840278349.427504	0
10840311664.475365	0
10840344980.523228	0
10840378295.57109	2
10840411611.618954	0
10840444926.666815	0
10840478242.714678	0
10840511557.76254	1
10840544873.810404	0
10840578188.858265	1
10840611504.90613	0
10840644819.95399	0
10840678136.001854	0
10840711451.049717	0
10840744766.097578	0
10840778082.145441	0
10840811397.193302	0
10840844713.241167	1
10840878028.289028	0
10840911344.336891	0
10840944659.384754	2
10840977974.432615	0
10841011290.480478	0
10841044606.528341	1
10841077921.576204	0
10841111236.624065	1
10841144552.671928	0
10841177867.719791	0
10841211183.767654	0
10841244510.815533	0
10841277813.863377	0
10841311130.911242	0
10841344445.959105	0
10841377761.006966	2
10841411077.054829	1
10841444392.102692	1
10841477708.150555	0
10841511023.198416	0
10841544338.246279	0
10841577654.294142	0
10841610969.342003	0
10841644285.389866	1
10841677600.437729	0
10841710916.485592	0
10841744231.533453	0
10841777547.581316	0
10841810862.629179	1
10841844177.67704	0
10841877493.724903	0
10841910808.772766	0
10841944124.82063	1
10841977439.86849	0
10842010757.916357	0
10842044070.964216	1
10842077387.01208	1
10842110702.05994	1
10842144017.107803	0
10842177333.155666	0
10842210648.203527	2
10842243964.25139	2
10842277280.299255	0
10842310595.347116	1
10842343911.39498	0
10842377226.442842	0
10842410541.490704	0
10842443857.538567	0
10842477172.58643	0
10842510488.634293	0
10842543803.682154	0
10842577119.730017	0
10842610434.77788	0
10842643750.825743	0
10842677065.873604	0
10842710380.921467	0
10842743696.96933	0
10842777012.01719	0
10842810328.065054	0
10842843643.112917	0
10842876959.16078	0
10842910274.208641	0
10842943590.256504	0
10842976905.304367	0
10843010220.352228	0
10843043536.400091	0
10843076851.447954	0
10843110167.495817	0
10843143482.543678	0
10843176798.591541	0
10843210113.639404	0
10843243429.687267	0
10843276744.735128	0
10843310060.782991	0
10843343375.830854	0
10843376691.878717	0
10843410006.926579	0
10843443322.974443	0
10843476638.022305	0
10843509953.070166	0
10843543269.118029	0
10843576585.165894	0
10843609900.213755	0
10843643215.261616	0
10843676531.30948	0
10843709846.357342	0
10843743162.405205	0
10843776477.453066	0
10843809793.50093	0
10843843108.548792	0
10843876424.596655	0
10843909739.644518	0
10843943055.69238	0
10843976370.740242	0
10844009686.788105	0
10844043001.835968	0
10844076317.883831	0
10844109632.931692	0
10844142947.979555	0
10844176264.027418	0
10844209580.075281	0
10844242895.123142	0
10844276210.171005	0
10844309525.218866	0
10844342841.26673	1
10844376156.314592	0
10844409472.362455	0
10844442787.410316	3
10844476103.45818	0
10844509418.506042	2
10844542734.553905	0
10844576049.601767	0
10844609365.64963	0
10844642680.697493	0
10844675996.745356	0
10844709311.793217	0
10844742627.84108	1
10844775942.888943	1
10844809257.936804	0
10844842573.984667	0
10844875890.032532	0
10844909205.080393	0
10844942521.128256	0
10844975836.176119	0
10845009151.22398	0
10845042467.271843	0
10845075782.319704	0
10845109098.367569	0
10845142413.41543	0
10845175729.463293	0
10845209044.511156	0
10845242359.559017	0
10845275675.60688	0
10845308990.654741	0
10845342306.702606	0
10845375621.750467	0
10845408937.79833	0
10845442252.846193	0
10845475568.894056	0
10845508883.941917	0
10845542199.98978	0
10845575515.037643	0
10845608831.085506	0
10845642146.133368	0
10845675462.18123	0
10845708777.229094	0
10845742092.276955	0
10845775408.324818	0
10845808724.37268	0
10845842039.420544	0
10845875354.468405	0
10845908670.516268	0
10845941985.56413	0
10845975301.611994	0
10846008616.659855	0
10846041931.707718	0
10846075247.75558	0
10846108563.803444	0
10846141878.851305	0
10846175194.89917	0
10846208509.947031	0
10846241824.994892	0
10846275141.042755	0
10846308456.090618	0
10846341772.138481	0
10846375087.186342	0
10846408403.234207	0
10846441718.282068	0
10846475034.329931	0
10846508349.377792	0
10846541665.425657	0
10846574980.473518	0
10846608296.521381	0
10846641611.569244	0
10846674926.617105	0
10846708242.664968	0
10846741557.712831	0
10846774873.760695	0
10846808188.808556	1
10846841504.856419	0
10846874819.904282	0
10846908135.952145	0
10846941451.000006	0
10846974767.047869	0
10847008082.095732	0
10847041398.143595	0
10847074713.191456	0
10847108029.239319	0
10847141344.287182	1
10847174659.335043	1
10847207975.382906	0
10847241290.430769	0
10847274606.478632	0
10847307921.526493	0
10847341237.574356	0
10847374552.62222	0
10847407867.67008	0
10847441183.717943	0
10847474498.765806	0
10847507814.81367	0
10847541129.86153	0
10847574445.909393	0
10847607760.957256	0
10847641077.00512	0
10847674392.05298	0
10847707708.100845	0
10847741023.148706	0
10847774339.19657	0
10847807654.24443	0
10847840970.292295	0
10847874285.340157	0
10847907601.38802	0
10847940916.435883	0
10847974231.483744	0
10848007547.531607	0
10848040863.57947	2
10848074178.627333	3
10848107493.675194	0
10848140809.723057	0
10848174124.77092	0
10848207440.818783	0
10848240755.866644	0
10848274070.914507	0
10848307386.96237	0
10848340703.010233	0
10848374018.058094	0
10848407333.105957	0
10848440649.15382	0
10848473964.201681	0
10848507280.249544	0
10848540595.297407	0
10848573911.34527	0
10848607226.393131	0
10848640542.440994	0
10848673857.488857	0
10848707173.53672	0
10848740488.584581	0
10848773803.632444	0
10848807119.680307	0
10848840435.72817	0
10848873750.776031	0
10848907065.823895	0
10848940381.871758	0
10848973696.919619	0
10849007011.967482	0
10849040328.015345	0
10849073644.063208	0
10849106959.111069	0
10849140275.158934	0
10849173590.206795	0
10849206905.254656	2
10849240221.30252	2
10849273537.350384	0
10849306852.398245	0
10849340167.446106	0
10849373483.49397	0
10849406798.541832	0
10849440114.589695	0
10849473429.637558	0
10849506745.685421	0
10849540060.733282	0
10849573376.781145	0
10849606691.829008	0
10849640006.87687	0
10849673322.924732	0
10849706637.972595	0
10849739954.020458	0
10849773269.06832	0
10849806585.116182	0
10849839901.164045	0
10849873216.211908	0
10849906531.25977	0
10849939847.307632	0
10849973162.355495	0
10850006478.403358	0
10850039793.45122	0
10850073109.499083	0
10850106424.546946	0
10850139739.594807	0
10850173055.64267	0
10850206370.690533	0
10850239686.738396	0
10850273001.786257	0
10850306317.83412	0
10850339632.881983	0
10850372948.929846	0
10850406263.977707	0
10850439580.025572	0
10850472895.073433	0
10850506211.121296	0
10850539526.169157	0
10850572841.21702	0
10850606157.264883	0
10850639472.312744	0
10850672788.36061	0
10850706103.40847	0
10850739419.456333	0
10850772734.504194	0
10850806050.55206	0
10850839365.59992	0
10850872681.647783	0
10850905996.695646	0
10850939312.74351	0
10850972628.791372	0
10851005942.839233	0
10851039258.887096	0
10851072573.934958	0
10851105889.98282	0
10851139205.030684	1
10851172521.078547	2
10851205836.126408	0
10851239152.17427	0
10851272467.222134	0
10851305783.269997	0
10851339098.317858	0
10851372414.36572	0
10851405729.413584	0
10851439044.461445	0
10851472360.509308	0
10851505675.55717	0
10851538991.605034	0
10851572306.652895	0
10851605622.700758	0
10851638937.748621	0
10851672253.796484	0
10851705568.844345	0
10851738883.892208	0
10851772199.940071	0
10851805515.987934	0
10851838831.035795	0
10851872147.08366	0
10851905462.131521	0
10851938777.179382	0
10851972093.227247	0
10852005409.27511	0
10852038724.322971	0
10852072040.370834	0
10852105355.418697	0
10852138670.466558	0
10852171986.514421	0
10852205301.562284	0
10852238617.610147	0
10852271932.658009	0
10852305248.705872	0
10852338563.753735	0
10852371878.801596	0
10852405194.849459	0
10852438509.897322	0
10852471825.945185	0
10852505140.993046	0
10852538457.040909	0
10852571772.088772	0
10852605088.136635	0
10852638403.184496	0
10852671719.232359	0
10852705034.280222	0
10852738349.328083	0
10852771665.375946	0
10852804981.42381	0
10852838296.471672	0
10852871612.519535	0
10852904927.567396	0
10852938242.61526	0
10852971558.663122	0
10853004873.710983	0
10853038189.758846	0
10853071504.80671	0
10853104820.854572	0
10853138135.902433	0
10853171450.950296	0
10853204766.99816	0
10853238082.04602	0
10853271398.093884	0
10853304713.141747	0
10853338029.18961	0
10853371344.23747	0
10853404660.285336	0
10853437975.333197	0
10853471291.38106	0
10853504606.42892	0
10853537922.476786	0
10853571237.524647	0
10853604553.57251	0
10853637868.620373	0
10853671183.668234	0
10853704499.716097	0
10853737815.76396	0
10853771130.811823	0
10853804445.859684	0
10853837761.907547	0
10853871076.95541	0
10853904393.003273	0
10853937708.051134	0
10853971024.098997	0
10854004341.146862	0
10854037654.194721	0
10854070970.242584	0
10854104286.290447	0
10854137601.33831	0
10854170916.386171	0
10854204232.434034	0
10854237547.481897	0
10854270863.52976	0
10854304179.577623	0
10854337494.625484	0
10854370809.673347	0
10854404125.72121	0
10854437440.769072	0
10854470756.816935	0
10854504071.864798	0
10854537387.91266	0
10854570702.960522	0
10854604019.008387	0
10854637334.056248	0
10854670650.10411	0
10854703965.151974	0
10854737280.199835	0
10854770596.247698	1
10854803911.295559	0
10854837227.343424	0
10854870542.391285	0
10854903858.439148	0
10854937173.487011	0
10854970488.534872	0
10855003804.582735	0
10855037119.630596	0
10855070435.678461	0
10855103751.726324	0
10855137066.774185	0
10855170381.822048	0
10855203696.86991	0
10855237012.917772	0
10855270328.965635	0
10855303644.013498	0
10855336960.061361	0
10855370275.109222	0
10855403590.157085	0
10855436906.204948	0
10855470222.252811	0
10855503537.300673	0
10855536852.348536	0
10855570168.396399	0
10855603483.44426	0
10855636799.492123	0
10855670114.539986	0
10855703430.587849	0
10855736745.63571	0
10855770061.683573	0
10855803377.731438	0
10855836692.779299	0
10855870007.82716	0
10855903322.875023	0
10855936638.922886	0
10855969953.970747	0
10856003270.01861	0
10856036586.066475	0
10856069901.114336	0
10856103216.162197	0
10856136532.210062	0
10856169847.257923	0
10856203163.305786	0
10856236478.35365	0
10856269794.401512	0
10856303109.449373	0
10856336425.497236	0
10856369740.5451	3
10856403056.592962	0
10856436371.640823	0
10856469687.688686	0
10856503002.73655	0
10856536317.78441	0
10856569633.832273	0
10856602948.880136	0
10856636264.928	0
10856669579.97586	0
10856702896.023724	0
10856736211.071587	0
10856769526.119448	0
10856802842.16731	0
10856836157.215174	0
10856869473.263037	0
10856902789.3109	0
10856936104.35876	0
10856969419.406624	0
10857002735.454487	0
10857036051.50235	0
10857069366.55021	0
10857102681.598074	0
10857135997.645937	0
10857169312.693798	0
10857202628.741663	0
10857235943.789524	0
10857269259.837387	0
10857302574.885248	0
10857335889.933111	0
10857369205.980974	0
10857402522.028837	0
10857435837.0767	0
10857469152.124561	0
10857502468.172424	0
10857535783.220285	0
10857569099.26815	0
10857602414.316011	0
10857635730.363874	0
10857669045.411737	0
10857702361.4596	0
10857735676.507462	0
10857768992.555325	0
10857802307.603188	0
10857835622.651049	0
10857868938.698912	0
10857902253.746775	0
10857935569.794638	0
10857968884.842499	0
10858002200.890362	0
10858035515.938225	0
10858068831.986088	0
10858102147.033949	0
10858135463.081812	0
10858168778.129675	0
10858202094.177538	0
10858235409.225399	0
10858268724.273262	0
10858302040.321125	0
10858335355.368986	0
10858368671.41685	0
10858401987.464714	0
10858435301.512573	1
10858468617.560436	0
10858501933.6083	0
10858535248.656162	0
10858568564.704025	0
10858601879.751886	0
10858635194.79975	0
10858668510.847612	0
10858701826.895475	2
10858735141.943336	1
10858768456.9912	0
10858801773.039062	0
10858835088.086924	0
10858868404.134789	0
10858901720.182652	0
10858935035.230513	0
10858968350.278376	0
10859001666.326239	2
10859034981.3741	0
10859068296.42196	0
10859101612.469826	0
10859134927.517687	0
10859168243.56555	0
10859201558.613413	0
10859234874.661276	0
10859268189.709137	3
10859301505.757	0
10859334820.804863	0
10859368136.852726	0
10859401451.900587	0
10859434767.94845	0
10859468082.996313	0
10859501399.044176	0
10859534714.092037	0
10859568029.1399	0
10859601345.187763	0
10859634660.235624	0
10859667976.283487	1
10859701292.33135	0
10859734607.379213	0
10859767922.427074	1
10859801238.474937	0
10859834553.5228	0
10859867868.570662	0
10859901184.618525	0
10859934499.666388	0
10859967815.71425	0
10860001132.762115	1
10860034446.809975	0
10860067761.857838	0
10860101077.9057	2
10860134392.953562	1
10860167709.001427	2
10860201025.04929	1
10860234340.09715	1
10860267655.145012	0
10860300971.192877	0
10860334286.240738	1
10860367601.288599	0
10860400917.336464	0
10860434232.384325	0
10860467548.432188	0
10860500864.480051	0
10860534179.527914	0
10860567494.575775	0
10860600810.623638	0
10860634125.671501	1
10860667441.719364	1
10860700756.767225	1
10860734072.815088	0
10860767387.862951	0
10860800702.910812	0
10860834018.958675	0
10860867334.006538	0
10860900650.054401	1
10860933966.102264	1
10860967281.150126	0
10861000596.197989	0
10861033912.245852	0
10861067227.293713	0
10861100543.341576	0
10861133858.389439	0
10861167174.437302	0
10861200489.485163	2
10861233805.533026	0
10861267120.580889	0
10861300435.62875	0
10861333751.676613	1
10861367066.724476	2
10861400382.772339	0
10861433697.8202	0
10861467013.868063	0
10861500328.915926	0
10861533644.963789	0
10861566960.01165	0
10861600276.059515	0
10861633591.107376	0
10861666906.155237	0
10861700222.203102	0
10861733538.250965	0
10861766853.298826	0
10861800168.346687	0
10861833484.394552	0
10861866799.442413	0
10861900115.490276	0
10861933430.53814	0
10861966746.586002	0
10862000061.633863	0
10862033377.681726	0
10862066692.72959	0
10862100008.777452	0
10862133323.825314	0
10862166639.873177	0
10862199954.92104	0
10862233269.9689	0
10862266586.016764	0
10862299901.064627	0
10862333217.11249	0
10862366533.160353	0
10862399848.208214	0
10862433163.256077	0
10862466479.30394	0
10862499794.3518	0
10862533109.399664	0
10862566425.447527	0
10862599740.495388	0
10862633056.543251	0
10862666372.591116	0
10862699687.638977	0
10862733002.686838	0
10862766318.734701	0
10862799634.782566	0
10862832949.830427	0
10862866264.878288	0
10865065089.037216	0
10865264981.32439	0
10865298297.372253	0
10865331612.420115	0
10865364928.467978	0
10865398243.51584	0
10865431559.563704	0
10865464874.611565	0
10865498190.659428	0
10865531505.70729	0
10865664767.89874	0
10865698083.946604	0
10865731398.994465	0
10865764714.042328	0
10865798030.09019	0
10865831345.138052	0
10865864661.185917	0
10865897976.233778	0
10865931292.281641	0
10865964607.329504	0
10865997927.377373	1
10866031238.425228	1
10866064554.473091	0
10866097869.520954	0
10866131184.568815	0
10866297762.808128	0
10866331077.855991	0
10866364393.903854	0
10867130650.00469	0
10867163966.052555	0
10867197281.100416	0
10867230597.14828	0
10867263912.19614	0
10867297227.244003	0
10867330543.291866	0
10867363859.33973	0
10867397174.387592	0
10867430490.435455	0
10867463805.483316	0
10867497120.53118	0
10867530436.579042	0
10867563751.626904	0
10867597066.674765	0
10867630382.72263	0
10867663698.770493	0
10867697013.818354	0
10867730329.866217	0
10867763644.91408	0
10868263377.632017	0
10868296692.679878	0
10868330008.727741	3
10868363323.775604	0
10868396639.823467	0
10868429954.871328	0
10868463270.919193	0
10868496585.967054	0
10868529901.014915	0
10868563217.062778	0
10868596532.110641	0
10868629848.158504	0
10868663163.206366	0
10868696479.25423	0
10868729794.302092	0
10868763110.349955	0
10868796425.397816	3
10868829741.44568	1
10868863056.493542	0
10868896372.541405	0
10868929687.589268	0
10868963003.63713	1
10868996318.684992	0
10869029633.732853	0
10869062949.780718	1
10869096265.82858	1
10869129580.876442	0
10869162895.924305	0
10869196211.972168	0
10869229527.02003	0
10869262843.067892	0
10869296158.115755	0
10869329473.163616	1
10869362789.21148	0
10869396104.259342	0
10869429420.307205	0
10869462735.355066	0
10869496051.40293	0
10869529366.450792	0
10869562682.498655	1
10869595997.546516	1
10869629313.59438	0
10869662628.642242	0
10869695944.690105	0
10869729259.737967	0
10869762574.78583	0
10869795890.833693	1
10869829205.881554	1
10869862521.929417	1
10869895836.97728	1
10869929153.025143	0
10869962469.073006	1
10869995784.120867	0
10870029099.16873	0
10870062415.216593	1
10870095730.264454	0
10870129046.312319	0
10870162361.36018	0
10870195677.408043	0
10870228992.455906	0
10870262308.503769	0
10870295623.55163	0
10870328938.599491	1
10870362254.647356	0
10870395569.695217	0
10870428885.74308	0
10870462200.790943	1
10870495516.838806	2
10870528831.886667	1
10870562147.93453	0
10870595462.982393	0
10870628778.030254	0
10870662094.078117	0
10870695410.12598	0
10870728725.173843	3
10870762042.221708	0
10870795356.269567	0
10870828671.31743	0
10870861987.365294	0
10870895302.413155	2
10870928618.461018	0
10870961933.50888	0
10870995249.556744	0
10871028564.604605	0
10871061880.652468	0
10871095195.70033	0
10871128511.748194	3
10871161826.796055	1
10871195141.843918	0
10871228457.89178	0
10871261772.939642	0
10871295088.987505	1
10871328404.035368	0
10871361720.083231	0
10871395035.131092	1
10871428351.178957	0
10871461666.226818	0
10871494982.274681	0
10871528297.322542	0
10871561612.370405	0
10871594928.418268	0
10871628243.46613	0
10871661559.513994	0
10871694874.561855	1
10871728190.609718	0
10871761506.657581	0
10871794821.705444	0
10871828136.753305	1
10871861452.801168	0
10871894770.849035	0
10871928082.896893	0
10871961398.944756	1
10871994713.992619	0
10872028030.040482	0
10872061345.088343	0
10872094661.136206	0
10872127976.184069	1
10872161292.231932	2
10872194607.279793	0
10872227923.327656	0
10872261238.375519	0
10872294554.423382	0
10872327869.471243	0
10872361185.519106	0
10872394500.566969	0
10872427815.61483	1
10872461131.662693	1
10872494446.710556	0
10872527762.758419	1
10872561078.806282	0
10872594393.854143	0
10872627708.902006	0
10872661024.94987	0
10872694339.99773	1
10872727655.045593	0
10872760971.093456	0
10872794287.14132	0
10872827602.18918	0
10872860918.237045	1
10872894233.284906	0
10872927548.332767	0
10872960864.380632	0
10872994180.428495	2
10873027495.476357	0
10873060810.524218	0
10873094125.57208	0
10873127441.619944	0
10873160756.667805	1
10873194072.71567	0
10873227388.763533	0
10873260703.811394	0
10873294018.859255	1
10873327334.90712	1
10873360649.95498	2
10873393981.002865	0
10873427281.050707	0
10873460597.09857	1
10873493912.146431	1
10873527227.194294	0
10873560543.242157	0
10873593858.290018	0
10873627174.337881	1
10873660490.385744	0
10873693805.433607	1
10873727120.481468	2
10873760437.529333	0
10873793751.577194	0
10873827067.625057	1
10873860382.672918	1
10873893698.720781	0
10873927014.768646	2
10873960328.816505	1
10873993644.864368	0
10874026959.912231	1
10874060275.960094	0
10874093592.007957	0
10874126907.055819	0
10874160222.103682	1
10874193538.151545	0
10874226853.199406	0
10874260169.247269	0
10874293484.295132	0
10874326799.342993	0
10874360115.390856	1
10874393430.438719	0
10874426746.486582	0
10874460062.534445	0
10874493377.582308	0
10874526692.630169	0
10874560008.678032	0
10874593323.725893	0
10874626639.773758	1
10874659954.821619	0
10874693270.869482	0
10874726585.917345	2
10874759900.965206	0
10874793217.01307	0
10874826532.06093	0
10874859849.108795	0
10874893163.156656	0
10874926479.20452	0
10874959794.252382	0
10874993110.300245	0
10875026425.348106	0
10875059741.39597	2
10875093056.443832	0
10875126371.491693	1
10875159687.539557	1
10875193003.58742	0
10875226318.635283	0
10875259634.683146	0
10875292949.731007	0
10875326264.77887	1
10875359580.826733	1
10875392895.874594	2
10875426211.922457	0
10875459526.97032	0
10875492843.018183	0
10875526158.066044	0
10875559474.113907	0
10875592789.16177	0
10875626105.209633	0
10875659421.257496	0
10875692735.305357	1
10875726051.35322	1
10875759366.401081	1
10875792682.448944	1
10875825997.496807	0
10875859313.54467	2
10875892628.592531	0
10875925944.640396	0
10875959259.688257	0
10875992575.73612	2
10876025890.783981	0
10876059205.831844	0
10876092521.879707	2
10876125836.927568	1
10876159152.975433	0
10876192468.023294	0
10876225784.071157	0
10876259100.11902	0
10876292415.166883	0
10876325730.214745	0
10876359046.262608	0
10876392361.31047	0
10876425677.358334	0
10876458992.406195	0
10876492308.454058	0
10876525623.50192	0
10876558938.549782	0
10876592254.597645	2
10876625569.645508	2
10876658885.69337	1
10876692200.741232	0
10876725516.789095	0
10876758831.836958	0
10876792147.88482	2
10876825462.932682	0
10876858777.980545	2
10876892094.028408	0
10876925409.07627	0
10876958725.124132	2
10876992041.171995	0
10877025356.219858	0
10877058671.26772	0
10877091987.315582	0
10877125302.363445	0
10877158618.411308	2
10877191933.45917	0
10877225249.507034	0
10877258564.554895	0
10877291879.602757	0
10877325195.65062	0
10877358510.698483	0
10877391826.746346	1
10877425142.794209	1
10877458457.842072	1
10877491772.889933	0
10877525088.937796	1
10877558404.985659	0
10877591720.033522	0
10877625035.081383	0
10877658351.129246	0
10877691666.177109	0
10877724982.224972	2
10877758297.272833	0
10877791612.320696	0
10877824928.368559	1
10877858244.416422	0
10877891559.464283	0
10877924874.512146	0
10877958190.560009	2
10877991506.607872	1
10878024821.655733	0
10878058136.703596	0
10878091452.75146	0
10878124767.79932	2
10878158082.847183	0
10878191398.895046	0
10878224713.942907	0
10878258029.99077	1
10878291345.038633	0
10878324661.086496	0
10878357976.134357	0
10878391292.18222	0
10878424607.230083	0
10878457923.277946	0
10878491238.325808	0
10878524554.37367	1
10878557869.421534	0
10878591185.469397	0
10878624500.517258	0
10878657816.565123	0
10878691131.612984	0
10878724446.660845	0
10878757762.70871	0
10878791077.75657	0
10878824393.804434	0
10878857708.852295	0
10878891024.90016	0
10878924339.94802	0
10878957655.995884	0
10878990971.043747	0
10879024286.091608	0
10879057602.139471	0
10879090918.187334	0
10879124233.235197	0
10879157548.283058	0
10879190864.330921	0
10879224180.378784	0
10879257495.426647	0
10879290810.474508	0
10879324126.522371	0
10879357441.570234	0
10879390756.618095	0
10879424072.665958	0
10879457387.713821	0
10879490703.761684	0
10879524019.809547	0
10879557334.857409	0
10879590649.905272	0
10879623965.953135	0
10879657281.000996	0
10879690597.048859	0
10879723912.096722	0
10879757228.144585	0
10879790543.192446	0
10879823859.240309	0
10879857174.288172	1
10879890490.336035	1
10879923805.383896	0
10879957120.431759	0
10879990436.479622	1
10880023751.527483	0
10880057067.575346	1
10880090382.623209	1
10880123698.671072	0
10880157013.718933	1
10880190329.766798	0
10880223644.81466	0
10880256959.86252	4
10880290275.910383	0
10880323591.958248	0
10880356907.00611	0
10880390222.05397	2
10880423538.101835	0
10880456853.149696	0
10880490169.19756	0
10880523485.245422	1
10880556800.293285	0
10880590115.341146	0
10880623431.38901	0
10880656746.436872	0
10880690062.484735	1
10880723377.532597	1
10880756692.58046	0
10880790008.628323	0
10880823324.676186	0
10880856639.724047	2
10880889954.77191	0
10880923270.819773	0
10880956585.867634	0
10880989901.915497	2
10881023216.96336	1
10881056533.011223	0
10881089848.059084	0
10881123163.106947	0
10881156479.15481	1
10881189795.202673	0
10881223110.250534	0
10881256425.298397	0
10881289741.34626	0
10881323056.394121	0
10881356372.441984	0
10881389687.489847	0
10881423003.53771	0
10881456318.585571	0
10881489634.633436	0
10881522949.681297	0
10881556265.72916	0
10881589580.777021	0
10881622895.824884	0
10881656211.872747	0
10881689526.920609	0
10881722842.968473	0
10881756158.016335	0
10881789474.064198	0
10881822789.112059	0
10881856105.159924	0
10881889420.207785	0
10881922736.255648	0
10881956052.30351	0
10881989366.351372	0
10882022682.399235	0
10882055997.447096	0
10882089313.49496	0
10882122628.542822	0
10882155944.590685	0
10882189259.638548	0
10882222575.68641	1
10882255890.734272	0
10882289206.782135	0
10882322521.829998	0
10882355836.87786	0
10882389152.925722	0
10882422467.973585	0
10882455784.021448	0
10882489099.06931	0
10882522415.117172	0
10882555730.165035	0
10882589046.212898	0
10882622361.26076	0
10882655677.308622	0
10882688992.356485	0
10882722307.404346	0
10882755623.45221	0
10882788939.500072	0
10882822254.547935	0
10882855570.595798	0
10882888885.64366	0
10882922201.691525	0
10882955516.739386	0
10882988832.787249	0
10883022147.83511	1
10883055462.882973	2
10883088778.930836	0
10883122093.978697	1
10883155409.02656	1
10883188725.074423	1
10883222040.122284	0
10883255356.170149	2
10883288672.218012	0
10883321987.265873	0
10883355302.313734	0
10883388618.361599	0
10883421933.40946	0
10883455249.457323	0
10883488564.505186	0
10883521880.55305	0
10883555195.60091	0
10883588510.648771	1
10883621826.696636	0
10883655141.744497	0
10883688457.79236	1
10883721773.840223	1
10883755088.888086	0
10883788403.935947	0
10883821719.98381	0
10883855035.031673	0
10883888351.079536	0
10883921666.127398	0
10883954982.17526	0
10883988297.223124	0
10884021613.270987	2
10884054928.318848	0
10884088243.36671	0
10884121559.414574	0
10884154874.462435	0
10884188190.510298	0
10884221505.55816	0
10884254821.606024	0
10884288136.653885	0
10884321452.701748	0
10884354767.74961	0
10884388083.797474	0
10884421398.845335	0
10884454714.8932	0
10884488029.941061	0
10884521345.988924	0
10884554661.036785	0
10884587976.084648	0
10884621292.132511	0
10884654608.180374	0
10884687923.228237	0
10884721238.276098	0
10884754554.323961	0
10884787869.371824	0
10884821185.419687	0
10884854501.46755	0
10884887816.515411	0
10884921131.563274	0
10884954446.611135	0
10884987762.658998	0
10885021077.706861	0
10885054393.754725	0
10885087708.802586	0
10885121024.850449	0
10885154339.898312	0
10885187655.946175	0
10885220970.994036	0
10885254287.041899	0
10885287602.089762	0
10885320918.137625	0
10885354233.185486	0
10885387548.233349	0
10885420864.281212	0
10885454179.329073	0
10885487495.376936	0
10885520810.424799	0
10885554126.472662	0
10885587441.520523	0
10885620757.568386	0
10886886746.387161	0
10886920061.435024	0
10886986692.530748	0
10887020008.578611	0
10887053324.626474	0
10887086639.674337	0
10887119954.722198	0
10887153270.770061	0
10887186585.817924	0
10887219901.865788	0
10887253216.913649	0
10887286531.961512	0
10887319848.009375	0
10887353164.057238	0
10887386479.105099	0
10887419795.152964	0
10887453110.200825	0
10887486425.248686	0
10887519741.29655	0
10887553056.344412	0
10887586372.392275	0
10887619687.440136	0
10887653003.488	0
10887686318.535862	0
10887719634.583725	0
10887752949.631588	0
10887786265.679451	0
10887819580.727312	0
10887852896.775175	0
10887886211.823038	0
10887919527.870901	0
10887952842.918762	0
10887986157.966625	0
10888019474.014488	0
10888052789.06235	0
10888086105.110212	0
10888119420.158075	0
10888152736.205938	0
10888186051.2538	0
10888219367.301662	0
10888252682.349525	0
10888285997.397387	0
10888319313.44525	0
10888352629.493113	0
10888385944.540976	0
10888419259.588837	0
10888452574.6367	0
10888485890.684563	0
10888519206.732426	0
10888819046.163187	0
10888852361.21105	0
10888885677.258913	0
10888918992.306774	0
10888952308.35464	0
10888985623.4025	1
10889018939.450363	1
10889052254.498226	0
10889085570.54609	0
10891617549.18364	0
10891650864.2315	0
10891684179.279364	0
10891717495.327227	0
10891750810.375088	0
10891784126.422953	0
10891817441.470814	0
10896848083.698053	0
10896881398.745916	0
10896914714.79378	0
10896948029.84164	0
10896981344.889503	0
10897014660.937366	1
10897047975.985228	0
10897081292.03309	0
10897114607.080954	0
10897147923.128817	0
10897181238.176678	1
10897214554.22454	0
10897247869.272404	0
10897281184.320265	3
10897314500.368128	0
10897347816.41599	0
10897381131.463854	0
10897414447.511717	0
10897447762.559578	0
10897481077.60744	0
10897514393.655304	0
10897547708.703165	0
10897581024.751028	0
10897614339.798891	0
10897647655.846754	0
10897680970.894615	0
10897714286.94248	2
10897747601.990341	1
10897780917.038202	0
10897814233.086067	0
10897847548.133928	0
10897880864.181791	0
10897914179.229652	0
10897947495.277517	0
10897980810.325378	1
10898014126.373241	0
10898047441.421104	0
10898080757.468967	0
10898114072.516829	0
10898147388.564692	0
10898180703.612555	0
10898214018.660416	0
10898247334.708279	0
10898280650.756142	2
10898313965.804005	0
10898347280.851866	0
10898380596.899729	0
10898413911.947592	0
10898447227.995455	1
10898480543.043316	0
10898513859.091179	0
10898547174.139042	1
10898580490.186905	0
10898613805.234766	0
10898647120.282629	0
10898680436.330492	0
10898713751.378353	0
10898747067.426216	0
10898780382.47408	0
10898813697.52194	0
10898847013.569803	0
10898880329.617666	0
10898913644.66553	0
10898946960.713392	0
10898980275.761253	0
10899013591.809118	0
10899046906.85698	0
10899080221.90484	0
10899113537.952703	0
10899146854.000568	0
10899180169.04843	0
10899213484.09629	0
10899246800.144156	0
10899280115.192017	0
10899313431.23988	0
10899346746.287743	0
10899380061.335604	0
10899413377.383467	0
10899446692.431328	0
10899480008.479193	0
10899513323.527054	0
10899546639.574917	0
10899579954.62278	0
10899613270.670643	0
10899646585.718504	0
10899679901.766367	0
10899713216.81423	0
10899746531.862091	0
10899779847.909954	0
10899813163.957817	0
10899846479.00568	0
10899879795.053543	0
10899913110.101404	0
10899946425.149267	0
10899979741.19713	0
10900013056.244991	0
10900046372.292854	0
10900079687.340717	0
10900113003.38858	0
10900146318.436441	0
10900179634.484304	0
10900212949.532167	1
10900246265.58003	1
10900279580.627892	0
10900312895.675755	0
10900346211.723618	1
10900379526.771479	0
10900412842.819342	0
10900446157.867205	0
10900479473.915068	0
10900512788.962929	1
10900546105.010794	1
10900579420.058655	0
10900612736.106518	0
10900646051.154379	0
10900679367.202244	0
10900712682.250105	0
10900745998.297968	0
10900779313.34583	0
10900812628.393692	0
10900845944.441555	0
10900879260.489418	0
10900912575.537281	0
10900945890.585142	0
10900979206.633005	0
10901012521.680868	0
10901045836.72873	0
10901079152.776592	1
10901112468.824455	1
10901145783.872318	0
10901179098.92018	0
10901212414.968042	0
10901245730.015905	0
10901279046.063768	0
10901312361.11163	0
10901345677.159492	0
10901378992.207355	0
10901412308.255219	1
10901445623.30308	0
10901478939.350943	0
10901512254.398806	0
10901545569.446667	0
10901578885.49453	0
10901612200.542393	0
10901645516.590256	0
10901678831.638117	1
10901712147.68598	0
10901745462.733843	0
10901778778.781706	0
10901812093.829567	0
10901845409.87743	1
10901878731.925303	0
10901912040.973156	0
10901945356.021017	0
10901978671.06888	1
10902011987.116743	0
10902045302.164604	0
10902078618.21247	0
10902111933.26033	0
10902145249.308193	0
10902178564.356054	0
10902211880.40392	0
10902245195.45178	0
10902278511.499643	0
10902311826.547506	0
10902345142.59537	0
10902378457.64323	0
10902411772.691092	0
10902445088.738956	1
10902478403.786818	0
10902511719.83468	0
10902545034.882544	0
10902578350.930407	3
10902611665.978268	0
10902644982.02613	0
10902678297.073994	0
10902711613.121857	2
10902744928.169718	0
10902778244.21758	0
10902811559.265444	0
10902844875.313307	3
10902878190.361168	0
10902911514.409042	0
10902944821.456894	0
10902978136.504755	2
10903011452.552618	0
10903044767.600481	0
10903078083.648344	1
10903111398.696205	2
10903144714.744068	1
10903178029.791931	0
10903211344.839792	0
10903244660.887655	0
10903277975.935518	0
10903311291.983381	0
10903344607.031242	0
10903377923.079105	0
10903411238.126968	2
10903444554.174831	0
10903477869.222692	0
10903511185.270557	0
10903544500.318419	0
10903577815.36628	1
10903611131.414143	0
10903644447.462008	0
10903677762.509869	0
10903711077.55773	0
10903744393.605595	0
10903777708.653456	0
10903811024.701319	0
10903844339.749182	0
10903877655.797045	0
10903910970.844906	0
10903944286.892769	1
10903977601.940632	0
10904010917.988495	0
10904044233.036356	0
10904077548.084219	0
10904110864.132082	1
10904144179.179943	0
10904177495.227806	0
10904210810.27567	0
10904244126.323532	0
10904277441.371393	0
10904310757.419256	0
10904344072.46712	1
10904377388.514982	0
10904410703.562843	0
10904444018.610706	0
10904477334.65857	1
10904510649.70643	1
10904543965.754293	0
10904577280.802156	0
10904610596.85002	0
10904643911.89788	1
10904677227.945744	0
10904710542.993607	0
10904743859.04147	0
10904777174.08933	0
10904810490.137196	0
10904843805.185057	0
10904877120.232918	0
10904910436.28078	0
10904943751.328644	0
10904977067.376507	0
10905010383.42437	0
10905043698.472233	0
10905077013.520094	1
10905110328.567955	0
10905143644.615818	0
10905176960.663683	0
10905210275.711544	0
10905243591.759407	0
10905276906.80727	0
10905310221.855131	0
10905343537.902994	0
10905376852.950857	0
10905410168.99872	0
10905443484.046581	0
10905476800.094444	0
10905510115.142307	0
10905543431.19017	0
10905576746.238031	0
10905610062.285894	0
10905643377.333757	0
10905676693.38162	0
10905710008.429482	0
10905743323.477345	0
10905776639.525208	0
10905809954.573069	0
10905843270.620932	0
10905876586.668795	0
10905909901.716658	0
10905943217.76452	1
10905976531.812382	0
10906009847.860245	0
10906043163.908108	0
10906076478.955969	0
10906109794.003832	0
10906143110.051695	0
10906176425.099556	0
10906209741.147419	0
10906243056.195282	1
10906276372.243145	0
10906309687.291006	0
10906343003.338871	0
10906376318.386732	0
10906409634.434595	0
10906442949.482456	0
10906476265.530321	0
10906509580.578182	3
10906542895.626043	0
10906576211.673908	0
10906609526.72177	1
10906642842.769632	0
10906676157.817493	0
10906709473.865358	0
10906742788.91322	0
10906776104.961082	1
10906809420.008945	0
10906842736.056808	0
10906876051.10467	0
10906909367.152533	1
10906942682.200396	0
10906975998.248259	0
10907009313.29612	0
10907042629.343983	1
10907075944.391846	0
10907109259.439707	0
10907142575.48757	0
10907175890.535433	0
10907209206.583296	0
10907242521.631157	1
10907275836.67902	0
10907309152.726883	0
10907342467.774744	0
10907375783.822607	0
10907409099.87047	0
10907442414.918333	0
10907475729.966194	1
10907509046.014057	0
10907542361.06192	0
10907575677.109783	0
10907608993.157646	0
10907642308.205507	0
10907675623.25337	0
10907708939.301233	0
10907742254.349094	0
10907775570.39696	1
10907808885.44482	0
10907842201.492683	0
10907875522.540554	0
10907908831.588408	0
10907942147.63627	0
10907975462.684132	0
10908008778.731997	0
10908042093.779858	0
10908075409.82772	0
10908108724.875584	0
10908142040.923447	0
10908175355.971308	0
10908208671.019169	0
10908241987.067034	0
10908275303.114897	0
10908308618.162758	0
10908341933.21062	1
10908375249.258484	0
10908408564.306345	0
10908441880.354208	0
10908475195.402071	0
10908508510.449932	0
10908541826.497795	0
10908575142.545658	0
10908608457.593521	1
10908641773.641384	1
10908675088.689245	0
10908708403.737108	0
10908741719.784971	0
10908775034.832832	1
10908808350.880695	2
10908841665.928558	0
10908874981.976421	0
10908908297.024282	0
10908941613.072145	1
10908974928.120008	0
10909274767.55077	0
10909308083.598635	0
10909341398.646496	0
10909374713.694357	0
10909408029.74222	0
10909441344.790083	0
10912573003.28916	0
10912606319.337023	1
10912639634.384886	0
10912672949.432747	0
10912706265.48061	0
10912739580.528473	0
10912772896.576336	0
10912806211.624197	2
10912839526.67206	0
10912872842.719923	2
10912906157.767784	0
10912939473.815647	1
10912972789.86351	0
10913006104.911373	0
10913039419.959234	0
10913072736.007097	1
10913106051.05496	1
10913139367.102823	0
10913172682.150684	0
10913205998.198547	0
10913239313.24641	0
10913272628.294271	1
10913305944.342134	1
10913339259.389997	2
10913372575.43786	0
10913405890.485722	0
10913439206.533585	0
10913472522.58145	0
10913505837.62931	0
10913539152.677172	1
10913572468.725037	1
10913605783.772898	0
10913639099.82076	1
10913672414.868622	0
10913705729.916485	0
10913739045.964348	0
10913772362.01221	0
10913805677.060074	1
10913838992.107935	0
10913872308.155798	0
10913905623.20366	0
10913938939.251524	0
10913972255.299387	0
10914005570.347248	0
10914038885.395111	0
10914072201.442974	0
10914105516.490835	1
10914138831.538698	0
10914172147.586561	0
10914205462.634422	0
10914238778.682285	0
10914272094.730148	0
10914305409.778011	0
10914338724.825872	0
10914372040.873735	0
10914405355.921598	0
10914438671.969461	0
10914471987.017323	0
10914505303.065186	0
10914538618.113049	2
10914571933.16091	0
10914605249.208773	0
10914638564.256636	0
10914671880.304499	0
10914705195.35236	0
10914738511.400223	0
10914771826.448086	0
10914805142.495949	1
10914838457.54381	0
10914871773.591673	0
10914905088.639536	1
10914938403.687397	0
10914971719.73526	0
10915005034.783123	0
10915038350.830986	0
10915071665.878847	0
10915104981.926712	0
10915138296.974573	1
10915171613.022436	0
10915204928.070297	0
10915238244.118162	0
10915271559.166023	0
10915304875.213886	0
10915338190.26175	0
10915371505.30961	0
10915404821.357473	2
10915438137.405336	0
10915471452.4532	0
10915504768.501062	0
10915538083.548923	2
10915571398.596786	1
10915604714.64465	0
10915638029.69251	0
10915671345.740374	0
10915704660.788237	0
10915737975.836098	1
10915771291.88396	0
10915804606.931824	0
10915837922.979687	0
10915871238.027548	0
10915904554.07541	0
10915937869.123274	1
10915971185.171137	0
10916004500.218998	0
10916037816.266861	0
10916071131.314724	0
10916104447.362587	0
10916137762.410448	0
10916171077.458311	0
10916204393.506174	0
10916237709.554037	0
10916271024.601898	0
10916304339.649761	0
10916337655.697624	0
10916370970.745485	0
10916404286.793348	0
10916437601.841211	0
10916470916.889072	0
10916504232.936935	0
10916537548.9848	0
10916570864.032661	0
10916604180.080524	0
10916637495.128387	0
10916670810.176249	0
10916704126.224112	0
10916737441.271973	0
10916770757.319838	0
10916804072.367699	0
10916837388.415562	0
10916870703.463425	0
10916904019.511288	0
10916937334.559149	0
10916970650.607012	0
10917003965.654875	0
10917037280.702736	0
10917070596.750599	0
10917103911.798462	0
10917137227.846325	0
10917170542.894186	0
10917203858.942049	0
10917237173.989912	0
10917270490.037775	0
10917303805.085636	0
10917337120.1335	0
10917370436.181362	0
10917403751.229223	0
10917437067.277086	0
10917470383.32495	0
10917503698.372812	0
10917537013.420673	0
10917570329.468536	0
10917603644.5164	0
10917636960.564262	0
10917670275.612123	0
10917703590.659986	0
10917736906.70785	0
10917770222.755713	0
10917803537.803574	0
10917836852.851437	0
10917870168.8993	0
10917903483.94716	0
10920368831.488987	0
10920402147.53685	0
10920435462.584713	0
10920468778.632576	0
10920502093.680437	2
10920535409.7283	0
10920568724.776163	0
10920602040.824026	0
10920635355.871887	0
10920668671.91975	1
10920701986.967613	1
10920735303.015476	0
10920768618.063337	0
10920801933.1112	1
10920835249.159063	0
10920868564.206924	0
10920901880.25479	0
10920935195.30265	1
10920968511.350513	0
10921001826.398375	0
10921035141.446238	2
10921068458.494102	0
10921101772.541962	0
10921135088.589827	1
10921168403.637688	1
10921201719.68555	0
10921235034.733412	0
10921268350.781277	0
10921301665.829138	1
10921334981.877	0
10921368296.924864	0
10921401612.972727	0
10921434928.020588	1
10921468243.068449	0
10921501559.116314	0
10921534875.164177	0
10921568190.212038	0
10921601505.259901	0
10921634821.307764	0
10921668136.355625	0
10921701452.403488	0
10921734767.451351	1
10921768083.499214	0
10921801398.547075	0
10921834713.594938	0
10921868029.642801	0
10921901344.690662	0
10921934660.738525	0
10921967975.786388	0
10922001291.834251	0
10922034606.882113	0
10922067922.929976	0
10922101237.977839	0
10922134554.025702	0
10922167869.073563	0
10922201184.121426	0
10922234500.169289	0
10922267815.21715	0
10922301131.265013	0
10922334446.312876	0
10922367762.360739	0
10922401077.4086	0
10922434393.456463	0
10922467708.504326	0
10922501024.552189	0
10922534339.60005	0
10922567655.647915	0
10922600970.695776	0
10922634286.743639	0
10922667601.791502	0
10922700917.839365	0
10922734232.887226	0
10922767547.935087	0
10922800863.982952	0
10922834179.030813	0
10922867495.078676	0
10922900810.12654	0
10922934126.174402	0
10922967441.222263	0
10923000756.270124	0
10923034072.31799	0
10923067388.365852	0
10923100703.413713	0
10923134019.461576	0
10923167334.50944	1
10923200649.5573	0
10923233965.605164	0
10923267280.653027	0
10923300596.70089	0
10923333911.74875	0
10923367227.796614	0
10923400542.844477	0
10923433858.89234	0
10923467173.9402	0
10923500488.988064	0
10923533805.035927	1
10923567120.083788	0
10923600436.13165	1
10923633751.179514	0
10923667067.227377	0
10923700382.275238	0
10923733698.323101	0
10923767013.370964	0
10923800328.418825	0
10923833644.466688	0
10923866959.514551	0
10923900275.562414	0
10923933590.610275	0
10923966906.658138	0
10924000222.706003	0
10924033537.753864	0
10924066852.801725	0
10924100168.84959	0
10924133483.897451	0
10924166798.945312	0
10924200114.993176	0
10924233431.04104	0
10924266746.088902	0
10924300062.136765	0
10924333377.184628	0
10924366692.232489	0
10924400008.280352	0
10924433323.328215	0
10924466639.376078	0
10924499954.423939	0
10924533270.471802	0
10924566585.519665	0
10924599901.567528	0
10924766478.806839	0
10924799793.854702	0
10924833109.902565	0
10924866425.950428	0
10924899740.99829	0
10924933056.046152	0
10924966372.094015	0
10924999687.141876	0
10925033003.18974	0
10925066318.237602	0
10925099633.285463	0
10925132949.333326	0
10925166264.38119	0
10925199580.429052	0
10925232895.476913	0
10925266211.524776	0
10925299526.57264	0
10925332841.6205	0
10925366157.668364	0
10925399473.716228	0
10925432788.76409	0
10925466104.811953	0
10925499419.859814	0
10925532734.907677	0
10925566050.95554	0
10925599366.0034	0
10925632682.051266	0
10925665997.099127	0
10925699313.14699	0
10925732628.19485	0
10925765944.242716	0
10925799259.290577	0
10925832575.33844	0
10925865890.386303	0
10925899206.434166	1
10925932521.482027	1
10925965837.52989	0
10925999152.577753	0
10926032467.625614	0
10926065783.673477	0
10926099098.72134	0
10926132414.769203	0
10926165729.817064	0
10926199045.864927	1
10926232360.91279	0
10926265675.960651	0
10926298992.008514	0
10926332308.056377	1
10926365623.10424	0
10926398939.152103	0
10926432254.199965	0
10926465569.247828	1
10926498885.29569	1
10926532200.343552	0
10926565516.391415	0
10926598831.439278	0
10926632147.48714	0
10926665462.535002	0
10926698778.582865	0
10926732093.630728	0
10926765409.67859	1
10926798724.726452	0
10926832039.774315	0
10926865355.822178	0
10926898670.870039	0
10926931986.917904	0
10926965301.965765	0
10926998618.013628	0
10927031933.06149	0
10927065248.109352	3
10927098564.157215	0
10927131880.205078	0
10927165195.252941	0
10927198510.300802	0
10927231826.348665	1
10927265141.396526	0
10927298457.444391	0
10927331772.492252	0
10927365088.540115	0
10927398403.587978	0
10927431719.635841	0
10927465034.683702	0
10927498349.731564	0
10927531665.779428	0
10927564980.82729	0
10927598296.875153	0
10927631612.923016	2
10927664927.970879	2
10927698243.01874	0
10927731558.066603	0
10927764874.114466	0
10927798190.162329	0
10927831505.21019	0
10927864821.258053	0
10927898136.305916	0
10927931451.353777	0
10927964767.40164	0
10927998082.449503	0
10928031398.497366	0
10928064713.545227	0
10928098029.59309	0
10928131344.640953	0
10928164659.688814	0
10928197975.736677	0
10928231291.78454	2
10928264607.832405	0
10928297921.880264	0
10928331237.928127	1
10928364552.97599	0
10928397869.023853	0
10928431184.071714	0
10928464500.119577	1
10928497815.16744	0
10928531131.215303	1
10928564446.263165	0
10928597762.31103	0
10928631077.35889	0
10928664393.406754	0
10928697708.454617	0
10928731024.50248	0
10928764339.55034	0
10928797654.598202	0
10928830970.646067	0
10928864285.693928	0
10928897601.74179	0
10928930916.789654	0
10928964232.837517	0
10928997547.885378	1
10929030862.933239	0
10929064178.981104	0
10929097494.028965	0
10929130810.076828	0
10929164125.124691	0
10929197441.172554	0
10929230756.220415	0
10929264072.268278	0
10929297387.316141	0
10929330702.364002	1
10929364018.411865	1
10929397333.459728	0
10929430649.507591	0
10929463965.555454	0
10929497280.603315	0
10929530596.651178	0
10929563911.699041	0
10929597226.746902	1
10929630542.794765	1
10929663857.842628	0
10929697173.890491	0
10929730488.938353	2
10929763803.986216	0
10929797120.034079	0
10929830435.08194	0
10929863751.129803	0
10929897066.177666	1
10929930382.225529	0
10929963697.27339	0
10929997013.321253	0
10930030328.369116	0
10930063644.416979	0
10930096959.46484	0
10930130275.512705	0
10930163590.560566	0
10930196905.608427	0
10930230221.656292	0
10930263536.704153	0
10930296852.752016	0
10930330167.799877	0
10930363483.847742	0
10930396798.895603	0
10930430114.943466	1
10930463429.99133	0
10930496746.039192	0
10930530061.087053	0
10930563377.134916	0
10930596692.18278	0
10930630008.230642	0
10930663323.278503	0
10930696638.326366	0
10930729954.37423	0
10930763269.42209	0
10930796585.469954	0
10930829901.517817	1
10930863216.56568	0
10930896531.61354	0
10930929846.661404	0
10930963162.709267	0
10930996477.757128	0
10931029793.80499	0
10931063109.852854	0
10931096424.900717	0
10931129739.948578	1
10931163055.99644	0
10931196371.044304	0
10931229687.092167	0
10931263002.140028	0
10931296318.187891	0
10931329633.235754	0
10931362949.283617	0
10931396264.331478	0
10931429580.379343	0
10931462895.427204	0
10931496210.475065	0
10931529526.522928	0
10931562841.570791	0
10931596157.618654	0
10931629472.666515	0
10931662788.71438	0
10931696103.762241	0
10931729418.810102	0
10931762734.857965	0
10931796050.90583	0
10931829365.953691	0
10931862681.001553	0
10931895997.049417	0
10931929312.097279	0
10931962628.145142	0
10931995943.193005	0
10932029259.240868	0
10932062574.288729	0
10932095890.336592	0
10932129205.384455	0
10932162521.432318	0
10932195836.480179	0
10932229152.528042	0
10932262467.575905	0
10932295783.623768	0
10932329098.671629	0
10932362413.719492	0
10932395729.767355	0
10932429044.815216	0
10932462360.86308	0
10932495675.910942	0
10932528990.958803	0
10932562307.006666	0
10932595622.05453	0
10932628938.102392	0
10932662254.150255	0
10932695569.198116	0
10932728884.24598	0
10932762200.293842	0
10932795515.341703	0
10932828831.389566	2
10932862146.43743	0
10932895462.485292	0
10932928777.533154	0
10932962093.581018	0
10932995408.62888	0
10933028724.676743	0
10933062039.724604	0
10933095354.772467	1
10933128670.82033	1
10933161985.86819	0
10933195301.916056	0
10933228616.963917	0
10933261933.01178	0
10933295249.059643	0
10933328563.107504	0
10933361879.155367	0
10933395195.20323	0
10933428510.251093	1
10933461825.298954	0
10933495141.346817	0
10933528456.394678	0
10933561772.442543	0
10933595087.490404	0
10933628403.538267	0
10933661718.58613	0
10933695034.633993	0
10933728349.681854	0
10933761665.729717	0
10933794980.77758	0
10933828295.825441	0
10933861611.873304	0
10933894926.921167	0
10933928242.96903	0
10933961558.016891	0
10933994874.064754	0
10934028195.112625	0
10934061505.16048	0
10934094820.208342	0
10934128136.256205	0
10934161451.304068	0
10934194766.351929	0
10934228082.399792	0
10934261397.447655	0
10934294713.495518	0
10934328029.54338	0
10934361344.591242	0
10934394659.639105	0
10934427975.686968	0
10934461290.734829	0
10934494606.782692	0
10934527921.830555	0
10934561237.878418	0
10934594552.92628	0
10934627868.974144	0
10934661184.022005	0
10934694500.069868	0
10934727815.117731	0
10934761130.165592	0
10934794446.213455	0
10934827761.261316	0
10934861077.309181	0
10934894392.357042	0
10934927708.404905	0
10934961023.452768	0
10934994338.50063	0
10935027654.548492	0
10935060981.596373	0
10935094285.644218	0
10935127600.69208	0
10935160916.739943	0
10935194231.787806	0
10935227547.835669	0
10935260863.883532	0
10935294178.931393	0
10935327493.979256	0
10935360810.027119	0
10935394126.074982	0
10935427441.122843	0
10935460756.170706	0
10935494071.218567	0
10935527387.26643	0
10935560702.314293	0
10935594018.362156	0
10935627334.410019	0
10935660649.45788	0
10935693964.505743	0
10935727280.553606	0
10935760595.601467	0
10935793910.64933	0
10935827226.697193	0
10935860541.745054	0
10935893857.792917	0
10935927172.84078	0
10935960488.888643	0
10935993804.936506	0
10936027119.984367	0
10936060435.03223	0
10936093751.080093	0
10936127066.127954	0
10936160382.17582	0
10936193697.22368	0
10936227012.271542	0
10936260328.319407	0
10936293643.367268	0
10936326959.41513	0
10936360275.462994	0
10936393590.510857	0
10936426905.558718	0
10936793376.085205	0
10936826692.133068	0
10936860008.180931	0
10936893323.228794	0
10936926638.276655	0
10936959954.324518	0
10936993269.372381	0
10937026585.420244	0
10937059900.468105	0
10937093216.515968	0
10937126531.563831	0
10937159846.611692	0
10937193162.659555	0
10937226477.707418	0
10937259793.755281	0
10937293109.803144	0
10937326424.851006	0
10937359739.898869	0
10937393054.94673	0
10937426370.994593	1
10937459686.042456	0
10937493002.090319	0
10937526317.13818	0
10937559633.186043	0
10937592948.233906	0
10937626264.281769	0
10937659579.32963	0
10937692895.377495	1
10937726210.425356	0
10937759526.473219	0
10937792841.52108	2
10937826156.568943	0
10937859472.616806	2
10937892787.664667	0
10937926103.712532	0
10937959418.760393	0
10937992734.808256	0
10938026049.85612	0
10938059365.903982	1
10938092680.951843	0
10938125996.999706	0
10938159313.04757	2
10938192628.095432	0
10938225943.143293	0
10938259258.191156	0
10938292574.23902	2
10938325889.28688	0
10938359205.334743	0
10938392521.382607	0
10938425836.43047	3
10938459152.478333	1
10938492467.526194	2
10938525783.574057	0
10938559098.62192	0
10938592413.66978	0
10938625729.717644	0
10938659044.765507	0
10938692360.81337	0
10938725675.86123	2
10938758990.909094	0
10938792306.956957	0
10938825623.00482	0
10938858938.052681	3
10938892254.100546	0
10938925569.148407	0
10938958884.196268	0
10938992200.244133	2
10939025515.291994	0
10939058830.339855	0
10939092146.387718	0
10939125461.435581	1
10939158777.483444	0
10939192093.531307	0
10939225408.57917	0
10939258723.627031	0
10939292039.674894	0
10939325354.722755	0
10939358670.77062	0
10939391985.818481	2
10939425301.866344	0
10939458616.914207	1
10939491931.962069	0
10939525248.009932	0
10939558563.057795	0
10939591879.105658	0
10939625194.153519	0
10939658510.201382	2
10939691825.249245	1
10939725141.297108	0
10939758456.344969	0
10939791772.392832	0
10939825087.440695	0
10939858402.488556	0
10939891718.536419	0
10939925033.584282	0
10939958349.632145	2
10939991664.680006	0
10940024980.727869	0
10940058296.775732	0
10940091611.823595	1
10940124926.871456	0
10940158242.91932	0
10940191557.967182	0
10940224874.015045	0
10940258189.062906	1
10940291505.11077	0
10940324820.158632	0
10940358135.206493	1
10940391451.254356	0
10940424767.302221	0
10940458082.350082	2
10940491397.397943	1
10940524713.445808	0
10940558028.49367	0
10940591344.541533	0
10940624659.589394	0
10940657975.637259	2
10940691290.68512	0
10940724606.732983	0
10940757921.780846	0
10940791236.828707	0
10940824552.87657	2
10940857867.92443	0
10940891183.972296	0
10940924500.020159	0
10940957815.06802	0
10940991130.115883	2
10941024446.163746	1
10941057761.211607	0
10941091077.25947	0
10941124392.307333	0
10941157708.355196	1
10941191023.403057	1
10941224338.45092	0
10941257654.498783	1
10941290969.546644	1
10941324285.594507	0
10941357600.64237	0
10941390915.690231	1
10941424231.738094	1
10941457546.785957	0
10941490862.83382	0
10941524178.881683	0
10941557493.929544	0
10941590808.977407	1
10941624125.02527	1
10941657440.073132	0
10941690756.120995	0
10941724071.168858	0
10941757387.21672	1
10941790702.264582	1
10941824018.312445	0
10941857333.360308	0
10941890648.408169	1
10941923964.456032	0
10941957280.503897	0
10941990595.551758	0
10942023911.59962	1
10942057226.647482	1
10942090541.695345	0
10942123857.743208	0
10942157172.791069	1
10942190488.838934	3
10942223803.886795	0
10942257119.934658	0
10942290434.982521	2
10942323750.030382	1
10942357066.078245	0
10942390381.126106	0
10942423697.173971	1
10942457013.221834	2
10942490328.269695	0
10942523643.317558	1
10942556959.365421	0
10942590274.413282	2
10942623590.461145	0
10942656905.509008	0
10942690221.556871	2
10942723536.604733	2
10942756851.652596	0
10942790167.700459	0
10942823483.748322	0
10942856798.796183	2
10942890113.844046	0
10942923429.891909	1
10942956744.93977	0
10942990060.987633	1
10943023376.035496	1
10943056691.083357	1
10943090007.13122	0
10943123322.179083	0
10943156638.226946	1
10943189953.274807	0
10943223269.32267	0
10943256584.370533	0
10943289900.418396	1
10943323215.466257	1
10943356531.51412	0
10943389846.561983	1
10943423162.609846	1
10943456477.657707	2
10943489793.705572	0
10943523108.753433	0
10943556424.801296	0
10943589739.849157	2
10943623054.89702	0
10943656370.944883	1
10943689685.992744	1
10943723001.040607	0
10943756317.08847	1
10943789633.136333	0
10943822948.184195	0
10943856264.23206	0
10943889579.27992	1
10943922894.327782	1
10943956210.375647	1
10943989525.423508	0
10944022841.47137	0
10944056156.519234	2
10944089472.567097	0
10944122787.614958	0
10944156104.662823	0
10944189418.710684	0
10944222734.758547	0
10944256049.806408	0
10944289364.85427	0
10944322680.902134	1
10944355996.949997	1
10944389311.997858	1
10944422627.045721	1
10944455943.093584	1
10944489258.141445	0
10944522574.189308	0
10944555889.237171	0
10944589205.285034	1
10944622520.332895	1
10944655836.380758	0
10944689151.428621	0
10944722466.476482	0
10944755782.524345	2
10944789097.572208	0
10944822413.620071	0
10944855728.667933	1
10944889044.715796	0
10944922359.763659	0
10944955675.811522	2
10944988990.859383	0
10945022306.907248	0
10945055621.955109	1
10945088938.002972	2
10945122253.050833	0
10945155568.098696	0
10945188884.146559	0
10945222199.19442	2
10945255515.242285	0
10945288830.290146	0
10945322146.338009	0
10945355461.38587	1
10945388777.433735	0
10945422092.481596	0
10945455407.529457	0
10945488723.577322	1
10945522039.625185	0
10945555354.673046	0
10945588670.72091	0
10945621985.768772	0
10945655300.816633	0
10945688616.864496	1
10945721931.91236	1
10945755248.960222	0
10945788563.008083	1
10945821879.055946	0
10945855194.10381	0
10945888510.151672	0
10945921825.199533	0
10945955141.247396	1
10945988456.29526	0
10946021772.343122	0
10946055087.390984	0
10946088402.438847	2
10946121718.48671	0
10946155033.53457	0
10946188350.582436	0
10946221664.630297	0
10946254980.67816	0
10946288295.72602	1
10946321611.773884	1
10946354926.821747	0
10946388242.86961	0
10946421557.91747	0
10946454872.965334	0
10946488189.013197	0
10946521504.061058	0
10946554820.108923	0
10946588135.156784	0
10946621451.204647	2
10946654766.252508	1
10946688082.300373	1
10946721397.348234	1
10946754712.396095	0
10946788028.44396	0
10946821344.491823	0
10946854659.539684	0
10946887974.587545	2
10946921290.63541	1
10946954605.683271	0
10946987921.731134	0
10947021236.778997	0
10947054552.82686	3
10947087867.874722	0
10947121183.922585	0
10947154498.970448	1
10947187814.018309	2
10947221130.066172	0
10947254446.114035	0
10947287761.161898	0
10947321076.209759	0
10947354392.257622	0
10947387707.305485	0
10947421023.353348	0
10947454338.401209	1
10947487654.449072	1
10947520969.496935	0
10947554285.544798	0
10947587600.592659	2
10947620915.640522	0
10947654231.688385	0
10947687546.736246	0
10947720862.78411	0
10947754177.831972	1
10947787493.879835	1
10947820808.927696	0
10947854123.97556	0
10947887440.023422	0
10947920756.071285	0
10947954071.119146	1
10947987386.16701	1
10948020702.214872	0
10948054018.262735	0
10948087333.310596	1
10948120648.35846	0
10948153964.406322	0
10948187279.454184	0
10948220595.502048	0
10948253910.54991	0
10948287226.597773	0
10948320541.645636	0
10948353857.693499	0
10948387172.74136	0
10948420487.78922	0
10948453803.837086	0
10948487118.884947	0
10948520434.93281	0
10948553749.980673	0
10948587066.028536	0
10948620381.076397	0
10948653697.12426	0
10948687012.172123	0
10948720328.219986	0
10948753643.267847	0
10948786958.31571	0
10948820274.363573	1
10948853589.411434	0
10948886905.459297	0
10948920220.50716	0
10948953536.555023	1
10948986851.602884	0
10949020167.650747	0
10949053483.69861	1
10949086797.746471	0
10949120113.794334	0
10949153429.842197	0
10949186744.89006	0
10949220059.937922	1
10949253375.985785	0
10949286691.033648	0
10949320007.08151	0
10949353322.129372	0
10949386638.177235	0
10949419953.225098	0
10949453269.27296	0
10949486584.320822	0
10949519900.368687	0
10949553215.416548	0
10949586530.464409	1
10949619846.512272	0
10949653161.560135	0
10949686477.607998	0
10949719793.65586	0
10949753108.703724	0
10949786423.751585	0
10949819739.799448	0
10949853054.847311	0
10949886370.895174	0
10949919685.943035	0
10949953001.990898	0
10949986317.038761	0
10950019633.086624	0
10950052948.134485	0
10950086263.182348	0
10950119578.23021	0
10950152894.278072	0
10950186210.325935	0
10950219525.373798	0
10950252841.421661	0
10950286156.469522	0
10950319471.517385	0
10950352790.565252	0
10950386102.61311	0
10950419418.660973	0
10950452734.708836	0
10950486049.756699	0
10950519364.80456	0
10950552680.852423	0
10950585995.900286	0
10950619311.948149	0
10950652626.99601	0
10950685943.043873	0
10950719258.091736	0
10950752574.139599	0
10950785889.18746	0
10950819205.235325	0
10950852520.283186	0
10950885835.331047	0
10950919151.37891	0
10950952466.426773	1
10950985782.474636	0
10951019097.522497	0
10951052413.570362	0
10951085728.618223	0
10951119044.666086	0
10951152359.713947	0
10951185674.76181	0
10951218990.809673	0
10951252305.857534	0
10951285621.9054	0
10951318936.95326	0
10951352253.001123	0
10951385568.048985	0
10951418884.09685	0
10951452199.14471	0
10951485515.192574	0
10951518830.240437	0
10951552146.2883	0
10951585461.33616	0
10951618777.384024	0
10951652092.431887	2
10951685407.479748	0
10951718723.52761	0
10951752039.575474	0
10951785354.623337	2
10951818669.671198	2
10951851985.71906	1
10951885300.766924	0
10951918616.814787	2
10951951931.862648	1
10951985247.910511	0
10952018562.958374	0
10952051879.006237	0
10952085194.054098	1
10952118509.101961	3
10952151825.149824	0
10952185140.197685	0
10952218456.245548	0
10952251771.293411	1
10952285087.341274	1
10952318402.389135	0
10952351718.436998	0
10952385033.484861	1
10952418349.532724	1
10952451664.580585	0
10952484980.62845	0
10952518295.676311	0
10952551611.724174	0
10952584926.772038	0
10952618241.819899	0
10952651557.867762	2
10952684872.915623	1
10952718188.963488	0
10952751504.011349	0
10952784819.05921	0
10952818135.107075	0
10952851451.154938	0
10952884766.202799	0
10952918081.25066	0
10952951397.298525	0
10952984713.346388	0
10953018028.394249	0
10953051343.442112	0
10953084659.489975	2
10953117974.537836	0
10953151292.585703	1
10953184606.633562	0
10953217921.681425	0
10953251236.729286	0
10953284551.77715	1
10953317867.825012	1
10953351182.872873	0
10953384498.920736	1
10953417814.9686	0
10953451130.016462	1
10953484445.064323	0
10953517761.112186	0
10953551076.16005	0
10953584392.207912	1
10953617707.255774	1
10953651022.303637	1
10953684338.3515	1
10953717654.399363	0
10953750969.447224	0
10953784284.495087	0
10953817600.54295	0
10953850915.59081	0
10953884231.638674	2
10953917546.686537	0
10953950862.7344	0
10953984177.78226	2
10954017493.830126	0
10954050808.877987	0
10954084123.925848	0
10954117439.973711	0
10954150755.021574	3
10954184071.069437	0
10954217386.117298	0
10954250702.165163	0
10954284017.213024	0
10954317333.260887	1
10954350648.30875	3
10954383964.356613	0
10954417279.404474	0
10954450595.452337	1
10954483910.5002	0
10954517225.548061	0
10954550541.595924	0
10954583856.643787	2
10954617172.69165	0
10954650487.739511	0
10954683803.787374	0
10954717118.835238	0
10954750434.8831	0
10954783749.930962	0
10954817065.978825	0
10954850381.026688	0
10954883697.07455	0
10954917012.122412	0
10954950328.170275	0
10954983643.218138	0
10955016959.266	3
10955050274.313862	0
10955083589.361725	1
10955116905.409588	2
10955150220.457449	0
10955183536.505312	1
10955216851.553175	0
10955250167.601038	2
10955283482.6489	0
10955316797.696762	0
10955350113.744625	0
10955383429.792488	0
10955416744.84035	0
10955450059.888212	0
10955483375.936075	0
10955516690.983936	0
10955550007.031801	0
10955583322.079662	0
10955616638.127525	0
10955649953.175386	0
10955683269.223251	0
10955716584.271112	0
10955749900.318975	0
10955783215.366838	0
10955816530.4147	0
10955849846.462563	0
10955883162.510426	0
10955916477.558289	1
10955949792.60615	1
10955983108.654013	2
10956016423.701876	1
10956049739.749739	0
10956083054.7976	0
10956116370.845463	2
10956149685.893326	0
10956183000.941187	0
10956216316.98905	0
10956249632.036913	0
10956282948.084776	0
10956316263.132637	0
10956349579.1805	0
10956382894.228363	0
10956416210.276226	0
10956449525.324087	1
10956482841.37195	0
10956516156.419813	0
10956549472.467676	0
10956582787.515537	1
10956616102.5634	1
10956649418.611263	0
10956682734.659126	1
10956716049.706987	2
10956749364.75485	0
10956782680.802713	0
10956815995.850574	0
10956849311.89844	0
10956882626.9463	0
10956915941.994162	0
10956949258.042025	0
10956982574.08989	1
10957015889.13775	0
10957049205.185614	0
10957082520.233477	0
10957115835.281338	0
10957149151.3292	1
10957182466.377062	1
10957215782.424927	1
10957249097.472788	1
10957282413.52065	0
10957315728.568514	0
10957349044.616377	1
10957382359.664238	1
10957415675.712101	0
10957448990.759964	0
10957482306.807827	0
10957515621.855688	1
10957548936.903551	0
10957582252.951414	0
10957615567.999275	2
10957648883.047138	0
10957682199.095001	0
10957715514.142862	0
10957748830.190725	0
10957782146.238588	0
10957815461.286451	1
10957848777.334314	1
10957882092.382175	1
10957915407.430038	0
10957948723.477901	0
10957982038.525763	0
10958015354.573626	0
10958048669.621489	0
10958081985.669352	0
10958115300.717213	2
10958148615.765076	0
10958181931.812939	0
10958215246.8608	0
10958248562.908663	1
10958281878.956528	1
10958315194.004389	0
10958348509.05225	0
10958381825.100113	0
10958415140.147976	0
10958448456.195839	0
10958481771.2437	0
10958515087.291565	2
10958548402.339426	0
10958581717.387287	0
10958615033.435152	0
10958648349.483015	1
10958681664.530876	0
10958714979.578737	1
10958748295.626602	1
10958781610.674463	0
10958814926.722326	0
10958848241.77019	1
10958881557.818052	0
10958914872.865913	0
10958948187.913774	0
10958981503.96164	0
10959014819.0095	0
10959048135.057364	0
10959081450.105227	0
10959114766.15309	1
10959148081.20095	0
10959181397.248814	0
10959214712.296677	0
10959248028.34454	0
10959281343.3924	0
10959314659.440264	0
10959347974.488127	0
10959381289.535988	0
10959414605.58385	0
10959447921.631714	0
10959481236.679577	0
10959514551.727438	0
10959547867.775301	0
10959581182.823164	0
10959614498.871027	0
10959647813.918888	1
10959681129.966751	0
10959714445.014614	1
10959747761.062477	0
10959781076.110338	0
10959814392.158203	0
10959847707.206064	0
10959881022.253925	0
10959914339.30179	2
10959947653.349651	0
10959980969.397514	0
10960014284.445375	0
10960047600.49324	0
10960080915.541101	1
10960114230.588963	2
10960147546.636827	1
10960180862.68469	1
10960214177.732552	0
10960247493.780415	0
10960280808.828278	0
10960314123.876139	0
10960347439.924002	1
10960380755.971865	0
10960414071.019728	0
10960447386.067589	0
10960480702.115452	0
10960514017.163315	1
10960547333.211178	0
10960580648.259039	0
10960613964.306902	0
10960647279.354765	0
10960680594.402626	1
10960713910.450489	0
10960747225.498352	0
10960780541.546215	1
10960813857.594078	1
10960847172.64194	0
10960880487.689802	0
10960913803.737665	0
10960947119.785528	0
10960980434.83339	0
10961013749.881252	0
10961047064.929113	1
10961080380.976976	0
10961113696.02484	0
10961147012.072702	1
10961180327.120564	1
10961213643.168427	1
10961246958.21629	0
10961280274.264153	0
10961313589.312014	0
10961346905.359879	1
10961380220.40774	0
10961413535.4556	0
10961446851.503464	0
10961480167.551329	0
10961513482.59919	0
10961546798.647053	0
10961580113.694916	0
10961613428.742777	0
10961646744.79064	0
10961680059.838501	0
10961713374.886364	0
10961746691.934229	0
10961780006.98209	0
10961813323.029953	2
10961846638.077816	0
10961879953.125677	0
10961913268.17354	0
10961946584.221403	0
10961979899.269264	0
10962013215.317127	0
10962046530.36499	0
10962079846.412853	1
10962113161.460714	0
10962146477.508577	0
10962179792.55644	0
10962213108.604303	2
10962246423.652164	1
10962279739.700027	0
10962313054.74789	0
10962346369.795752	1
10962379685.843615	0
10962413000.891478	0
10962446316.93934	0
10962479631.987202	0
10962512948.035065	1
10962546263.082928	0
10962579579.13079	0
10962612894.178652	0
10962646210.226515	0
10962679525.274378	0
10962712841.32224	0
10962746156.370102	0
10962779472.417967	0
10962812787.465828	0
10962846102.513689	0
10962879418.561554	0
10962912733.609415	0
10962946049.657278	0
10962979364.70514	1
10963012680.753004	1
10963045995.800865	0
10963079311.848728	0
10963112626.896591	1
10963145941.944452	0
10963179257.992315	0
10963212573.040176	0
10963245889.088041	1
10963279204.135902	0
10963312520.183765	0
10963345835.231628	0
10963379151.279491	0
10963412466.327353	0
10963445782.375216	0
10963479097.423079	0
10963512413.470942	0
10963545728.518803	0
10963579044.566666	3
10963612359.614529	0
10963645674.66239	0
10963678990.710253	0
10963712306.758116	0
10963745621.805979	1
10963778936.85384	0
10963812252.901703	0
10963845567.949566	0
10963878883.997429	0
10963912199.04529	0
10963945515.093153	0
10963978830.141016	0
10964012145.188877	0
10964045461.23674	0
10964078776.284603	0
10964112092.332466	0
10964145407.380327	1
10964178723.42819	0
10964212038.476053	0
10964245353.523914	0
10964278669.571777	0
10964311985.619642	0
10964345300.667503	0
10964378616.715366	0
10964411931.763227	0
10964445246.81109	0
10964478562.858953	0
10964511877.906815	0
10964545193.95468	0
10964578514.002548	0
10964611825.050404	0
10964645140.098267	0
10964678455.146128	0
10964711771.19399	0
10964745087.241854	0
10964778402.289717	0
10964811718.33758	0
10964845033.38544	2
10964878348.433304	2
10964911664.481167	1
10964944979.529028	0
10964978295.57689	0
10965011610.624754	1
10965044926.672617	0
10965078241.720478	0
10965111557.768341	1
10965144872.816204	1
10965178187.864065	1
10965211503.911928	0
10965244819.959791	2
10965278135.007654	1
10965311450.055515	1
10965344766.103378	2
10965378081.151241	0
10965411397.199104	0
10965444712.246965	0
10965478028.294828	0
10965511343.342691	0
10965544659.390554	0
10965577974.438416	0
10965611290.48628	0
10965644605.534142	0
10965677920.582003	1
10965711236.629866	0
10965744551.677729	0
10965777867.725592	0
10965811182.773453	1
10965844498.821318	0
10965877813.869179	0
10965911129.917042	0
10965944444.964903	0
10965977761.012768	0
10966011076.060629	0
10966044392.108492	0
10966077707.156355	0
10966111023.204218	0
10966144338.252079	0
10966177654.299942	0
10966210969.347805	0
10966244284.395666	0
10966277599.443527	1
10966310915.491392	0
10966344231.539255	0
10966377546.587116	0
10966410862.63498	1
10966444177.682842	0
10966477492.730703	0
10966510808.778566	0
10966544123.82643	0
10966577439.874292	0
10966610754.922153	0
10966644070.970016	0
10966677386.01788	0
10966710702.065742	0
10966744017.113604	0
10966777332.161467	0
10966810648.20933	0
10966843964.257193	0
10966877279.305054	1
10966910594.352917	0
10966943910.40078	0
10966977225.44864	0
10967010541.496504	0
10967043856.544367	0
10967077172.59223	0
10967110487.64009	0
10967143803.687956	0
10967177122.735823	0
10967210450.783703	0
10967243749.831541	0
10967277064.879404	0
10967310380.927267	0
10967343696.97513	0
10967377012.022993	0
10967410327.070854	0
10967443643.118717	0
10967476958.166578	0
10967510274.214443	0
10967543589.262304	0
10967576905.310167	0
10967610220.35803	0
10967643536.405893	0
10967676851.453754	0
10967710166.501616	0
10967743482.54948	0
10967776797.597342	0
10967810113.645205	0
10967843429.693068	0
10967876744.74093	1
10967910059.788792	0
10967943375.836655	0
10967976690.884518	0
10968010006.93238	2
10968043321.980242	0
10968076638.028105	0
10968109953.075968	0
10968143268.123829	0
10968176584.171692	0
10968209899.219555	0
10968243215.267418	0
10968276531.31528	0
10968309846.363142	0
10968343162.411007	0
10968376477.458868	0
10968409792.50673	0
10968443108.554592	2
10968476423.602455	0
10968509739.650318	0
10968543054.69818	0
10968576370.746044	0
10968609685.793905	0
10968643001.841768	0
10968676316.88963	0
10968709632.937494	0
10968742946.985353	0
10968776263.033216	0
10968809579.081081	0
10968842894.128942	0
10968876210.176805	0
10968909525.224669	0
10968942841.272532	0
10968976156.320393	0
10969009472.368256	0
10969042787.416119	0
10969076102.46398	0
10969109418.511843	0
10969142734.559706	0
10969176049.607569	0
10969209364.65543	0
10969242680.703293	0
10969275995.751156	0
10969309310.799017	0
10969342626.84688	0
10969375941.894743	0
10969409257.942606	0
10969442572.990467	0
10969475889.03833	0
10969509204.086193	0
10969542520.134056	0
10969575835.181917	0
10969609151.22978	0
10969642466.277643	0
10969675782.325506	0
10969709097.373367	1
10969742412.42123	0
10969775728.469093	0
10969809044.516956	0
10969842359.564817	0
10969875674.61268	0
10969908990.660543	0
10969942305.708405	0
10969975621.756268	0
10970008936.80413	0
10970042252.851994	1
10970075567.899855	0
10970108883.94772	0
10970142198.99558	0
10970175515.043444	0
10970208831.091307	3
10970242146.13917	0
10970275461.18703	0
10970308777.234894	2
10970342092.282757	0
10970375408.33062	0
10970408723.37848	1
10970442038.426344	0
10970475354.474207	0
10970508669.522068	2
10970541985.569931	1
10970575300.617794	0
10970608616.665657	1
10970641931.713518	0
10970675247.761381	0
10970708562.809244	0
10970741877.857105	0
10970775193.904968	0
10970808508.952831	0
10970841825.000694	0
10970875141.048557	0
10970908456.096418	0
10970941771.144281	0
10970975087.192144	1
10971008402.240005	0
10971041718.287868	0
10971075033.335732	0
10971108349.383595	0
10971141665.431458	2
10971174980.479319	0
10971208295.527182	0
10971241610.575043	2
10971274926.622906	0
10971308241.670769	0
10971341557.718632	0
10971374872.766493	0
10971408188.814358	0
10971441503.862219	0
10971474819.910082	0
10971508134.957943	0
10971541450.005806	0
10971574766.053669	0
10971608082.101532	0
10971641397.149395	0
10971674712.197256	0
10971708028.24512	0
10971741343.29298	0
10971774659.340845	0
10971807974.388706	0
10971841290.43657	0
10971874605.484432	0
10971907921.532295	0
10971941236.580156	0
10971974551.628017	0
10972007867.675882	0
10972041183.723745	0
10972074498.771606	0
10972107813.81947	0
10972141129.867332	0
10972174444.915194	0
10972207760.963057	0
10972241076.01092	0
10972274392.058783	0
10972307707.106644	0
10972341023.154507	0
10972374338.20237	0
10972407653.25023	0
10972440969.298094	0
10972474289.345963	0
10972507600.39382	0
10972540915.44168	0
10972574231.489544	0
10972607546.537407	0
10972640862.58527	0
10972674177.633131	0
10972707492.680994	0
10972740808.728857	0
10972774124.77672	0
10972807439.824581	0
10972840754.872444	0
10972874070.920307	0
10972907385.968168	0
10972940702.016031	0
10972974018.063896	0
10973007333.111757	0
10973040649.15962	0
10973073964.207483	0
10973107279.255344	0
10973140594.303205	0
10973173910.35107	0
10973207226.398933	0
10973240541.446795	0
10973273857.494658	0
10973307172.54252	0
10973340487.590382	0
10973373803.638245	0
10973407118.686108	0
10973440434.73397	0
10973473749.781832	0
10973507065.829695	0
10973540380.877558	0
10973573696.92542	0
10973607011.973282	0
10973640327.021145	0
10973673643.069008	0
10973706959.11687	0
10973740274.164732	0
10973773589.212595	0
10973806905.260458	0
10973840220.30832	0
10973873536.356182	0
10973906851.404045	0
10973940167.451908	1
10973973482.49977	1
10974006797.547632	0
10974040113.595495	0
10974073429.643358	0
10974106744.69122	1
10974140059.739082	0
10974173375.786945	0
10974206690.834806	0
10974240006.88267	0
10974273321.930532	0
10974306637.978395	0
10974339953.026257	1
10974373269.074121	2
10974406584.121983	0
10974439901.169847	0
10974473215.217707	2
10974506530.26557	0
10974539846.313433	0
10974573162.361296	1
10974606477.409159	0
10974639793.457022	0
10974673108.504883	0
10974706423.552744	0
10974739739.600609	0
10974773054.64847	0
10974806370.696333	0
10974839685.744196	0
10974873001.792059	0
10974906316.83992	0
10974939632.887783	0
10974972947.935646	0
10975006262.983507	0
10975039579.03137	0
10975072895.079233	0
10975106210.127096	0
10975139525.174957	0
10975172841.22282	0
10975206156.270683	0
10975239472.318546	0
10975272787.366407	0
10975306103.41427	1
10975339418.462133	0
10975372734.509996	0
10975406049.557858	0
10975439364.60572	1
10975472680.653584	0
10975872466.227932	0
10975905782.275797	0
10975939097.323658	0
10975972413.371521	0
10976005728.419382	2
10976039044.467247	0
10976072359.515108	0
10976105675.562971	0
10976138990.610834	1
10976172305.658695	0
10976205621.706558	0
10976238937.754421	0
10976272252.802284	2
10976305567.850145	0
10976338883.898008	0
10976372198.945871	0
10976405514.993734	0
10976438830.041595	0
10976472146.089458	0
10976505461.137321	0
10976538777.185184	0
10976572092.233046	0
10976605408.280909	0
10976638724.328772	0
10976672039.376635	0
10976705354.424496	0
10976738669.472359	0
10976771985.520222	0
10976805300.568083	0
10976838616.615946	0
10976871931.663809	0
10976905247.711672	0
10976938562.759533	0
10976971878.807396	0
10977005193.855259	0
10977038509.903122	0
10977071824.950983	0
10977105139.998846	0
10977138456.04671	1
10977171771.09457	0
10977205087.142433	0
10977238403.190298	0
10977271718.23816	0
10977305033.28602	1
10977338349.333885	0
10977371667.38175	0
10977404980.42961	1
10977438295.477472	0
10977471610.525333	0
10977504926.573196	0
10977538242.62106	0
10977571557.668922	1
10977604872.716784	2
10977638188.764647	0
10977671503.81251	0
10977704819.860373	0
10977738134.908234	0
10977771450.956097	0
10977804766.00396	0
10977838081.05182	0
10977871397.099684	1
10977904713.147547	0
10977938028.19541	0
10977971343.24327	0
10978004659.291134	0
10978037974.338997	0
10978071290.38686	0
10978104606.434723	0
10978137921.482584	2
10978171236.530447	0
10978204552.57831	0
10978237867.626171	0
10978271183.674034	0
10978304498.721897	0
10978337813.769758	0
10978371129.817621	0
10978404444.865484	0
10978437760.913347	0
10978471075.961208	0
10978504392.009071	0
10984401237.480738	0
10984434552.5286	0
10984467867.576462	1
10984501183.624325	0
10984534498.672186	0
10984567813.720049	0
10984601130.767914	0
10984634444.815773	0
10984667760.863638	0
10984701076.9115	1
10984734391.959362	0
10984767707.007223	0
10984801023.055088	0
10984834339.102951	0
10984867654.150812	0
10984900969.198675	0
10984934285.246538	0
10984967600.2944	0
10985000915.34226	0
10985034232.390125	0
10985067546.437986	0
10985100862.48585	1
10985967065.730274	0
10986000381.77814	0
10986033696.826	0
10986067011.873861	1
10986100327.921726	0
10986133642.969587	0
10986166959.01745	0
10986200274.065313	1
10986233590.113176	0
10986266905.161037	0
10986300221.2089	0
10986333536.256763	1
10986366851.304625	0
10986400167.352488	0
10986433482.40035	0
10986466798.448214	0
10986500114.496077	2
10986533429.543938	2
10986566744.5918	0
10986600060.639664	0
10986633375.687525	2
10986666691.735388	0
10986700006.78325	0
10986733322.831114	0
10987099793.357601	0
10987133108.405462	0
10987166424.453327	0
10987199739.501188	0
10987233055.549051	0
10987266370.596912	0
10987299685.644775	0
10987333001.692638	0
10987366316.7405	0
10987399632.788364	0
10987432948.836227	0
10987466263.884089	0
10987499578.93195	0
10987532894.979815	0
10987566210.027676	1
10987599526.075539	0
10987632841.123402	0
10987666157.171265	0
10987699472.219126	0
10987732787.266989	0
10987766103.314852	1
10987799419.362715	0
10987832734.410576	0
10987866049.458439	0
10987899365.506302	0
10987932680.554163	2
10987965996.602026	0
10987999311.649889	2
10988032627.697752	0
10988065942.745613	2
10988099257.793476	0
10988132573.84134	0
10988165888.8892	2
10988199204.937063	0
10988232520.984926	1
10988265836.03279	0
10988299151.08065	2
10988332467.128513	1
10988365782.176376	0
10988399098.22424	0
10988432413.2721	0
10988465729.319963	1
10988499044.367826	1
10988532360.41569	0
10988565675.46355	2
10988598990.511414	0
10988632306.559277	0
10988665622.60714	1
10988698937.655003	2
10988732252.702864	1
10988765568.750727	0
10988798883.798588	0
10988832198.84645	2
10988865515.894316	1
10988898830.942177	0
10988932145.99004	0
10988965462.037903	0
10988998777.085764	0
10989032092.133625	1
10989065408.18149	0
10989098723.229351	0
10989132039.277214	0
10989165354.325077	0
10989198670.37294	0
10989231985.420801	0
10989265301.468664	0
10989298616.516527	0
10989331931.564388	0
10989365247.612251	0
10989398563.660114	0
10989431878.707977	1
10989465193.755838	0
10989498509.803701	0
10989531824.851564	1
10989565140.899427	1
10989598455.947289	0
10989631771.995152	1
10989665087.043015	0
10989698403.090878	0
10989731718.138739	0
10989765034.186602	1
10989798349.234465	2
10989831665.282328	0
10989864980.330189	0
10989898295.378052	1
10989931611.425915	0
10989964926.473776	0
10989998242.521639	0
10990031557.569502	0
10990064873.617365	1
10990098188.665226	0
10990131504.71309	0
10990164819.760952	0
10990198134.808813	0
10990231450.856676	0
10990264765.90454	0
10990298082.952404	0
10990331398.000265	0
10990364713.048128	0
10990398029.095991	0
10990431344.143852	0
10990464659.191715	0
10990497975.239578	0
10990531290.28744	0
10990564606.335302	0
10990597921.383165	0
10990631237.431028	0
10990664552.47889	0
10990697867.526752	0
10990731183.574615	0
10990764498.622477	0
10990797814.67034	0
10990831129.718203	0
10990864445.766066	0
10990897760.813927	0
10990931076.86179	0
10990964391.909653	0
10990997706.957514	0
10991031023.005377	0
10991064339.05324	0
10991097654.101103	0
10991130970.148966	0
10991164285.196827	0
10991197600.24469	0
10991230916.292553	0
10991264232.340416	0
10991297547.388277	0
10991330862.43614	0
10991364178.484003	1
10991397493.531864	0
10991430809.57973	0
10991464124.62759	0
10991497439.675451	2
10991530755.723314	1
10991564071.77118	0
10991597386.81904	0
10991630702.866903	0
10991664017.914766	1
10991697332.962627	0
10991730649.01049	0
10991763964.058352	0
10991797280.106216	0
10991830595.154078	0
10991863911.20194	0
10991897226.249804	0
10991930542.297667	1
10991963857.345528	0
10991997173.39339	0
10992030488.441254	0
10992063804.489117	0
10992097119.536978	0
10992130434.58484	0
10992163750.632704	0
10992197066.680567	0
10992230381.728428	0
10992263696.77629	0
10992297012.824154	0
10992330327.872015	0
10992363643.919878	0
10992396958.967741	0
10992430275.015604	0
10992463590.063465	0
10992496906.111328	0
10992530221.159191	0
10992563536.207052	0
10992596852.254915	0
10992630167.302778	0
10992663483.350641	0
10992696798.398502	0
10992730114.446365	0
10992763430.49423	0
10992796744.54209	0
10992830060.589952	0
10992863376.637817	0
10992896691.685678	0
10992930006.73354	0
10992963322.781403	0
10992996637.829266	0
10993029953.877129	0
10993063269.924992	0
10993096584.972855	0
10993129900.020716	0
10993163216.068579	0
10993196531.116442	0
10993229847.164305	0
10993263162.212166	0
10993296478.260029	0
10993329793.307892	0
10993363108.355753	0
10993396424.403616	0
10993429739.451479	0
10993463055.499342	0
10993496370.547203	0
10993529686.595066	0
10993563001.64293	0
10993596317.690792	0
10993629632.738653	0
10993662948.786516	0
10993696263.83438	0
10993729578.88224	0
10993762894.930103	0
10993796210.977966	0
10993829526.02583	0
10993862841.07369	0
10993896157.121553	0
10993929472.169416	0
10993962788.21728	0
10993996103.26514	0
10994029418.313004	0
10994062734.360867	0
10994195996.552317	0
10994229311.600178	0
10994262627.64804	0
10994295942.695904	0
10994329258.743767	0
10994362573.791628	0
10994395889.839493	0
10994429204.887354	0
10994462520.935217	0
10994495835.983078	0
10994529151.030941	0
10994562467.078804	0
10994595782.126665	0
10994629098.17453	0
10994662414.222393	0
10994695729.270254	0
10994729045.318117	1
10994762360.36598	0
10994795675.413841	0
10994828991.461704	0
10994862306.509567	0
10994895622.55743	0
10994928937.605291	0
10994962253.653154	0
10994995568.701017	0
10995028883.748878	0
10995062199.796741	0
10995095515.844604	0
10995128830.892467	0
10995162145.940329	0
10995195461.988192	0
10995228777.036055	0
10995262093.083918	3
10995295408.131779	0
10995328724.179642	0
10995362039.227505	0
10995395355.275368	1
10995428670.323229	0
10995461986.371092	0
10995495301.418955	1
10995528616.466816	0
10995561932.514679	0
10995595247.562542	0
10995628563.610405	0
10995661878.658266	0
10995695194.706131	0
10995728509.753992	0
10995761824.801853	0
10995795140.849716	0
10995828456.897581	0
10995861771.945442	0
10995895086.993303	0
10995928403.041168	0
10995961718.08903	0
10995995034.136892	0
10996028349.184753	0
10996061665.232618	0
10996094980.28048	0
10996128296.328342	0
10996161611.376205	0
10996194927.424068	0
10996228242.47193	0
10996261558.519793	0
10996294873.567656	0
10996328188.615517	0
10996361504.66338	0
10996394819.711243	0
10996428135.759106	0
10996461450.806967	0
10996494766.85483	0
10996528081.902693	0
10996561397.950556	0
10996594712.998417	0
10996628028.04628	0
10996661344.094143	0
10996694660.142006	0
10996727981.189877	0
10996761290.23773	0
10996794606.285593	0
10996827922.333456	0
10996861237.381317	0
10996894552.42918	0
10996927868.477043	0
10996961183.524904	0
10996994498.572767	0
10997027814.62063	0
10997061129.668491	0
10997094445.716354	0
10997127760.764217	0
10997161076.81208	0
10997194392.859943	0
10997227707.907804	0
10997261022.955667	0
10997294339.00353	0
10997327654.051392	0
10997360969.099255	0
10997394285.147118	0
10997427601.19498	0
10997460916.242844	0
10997494231.290705	0
10997527547.338568	0
10997560862.386429	0
10997594178.434294	0
10997627493.482155	0
10997660809.530018	0
10997694124.57788	0
10997727439.625742	0
10997760755.673605	0
10997794071.721468	0
10997827386.769331	0
10997860701.817192	0
10997894017.865055	0
10997927332.912918	0
10997960648.960781	0
10997993964.008642	0
10998027280.056505	0
10998060595.104368	0
10998093910.15223	0
10998127226.200092	0
10998160542.247955	0
10998193857.295818	0
10998227173.343681	0
10998260488.391542	0
10998293804.439405	0
10998327119.487268	0
10998360434.53513	0
10998393750.582993	0
10998427066.630857	0
10998460381.678719	0
10998493696.72658	0
10998527012.774443	0
10998560327.822306	0
11001092306.459856	0
11001125622.507719	0
11001158937.555582	0
11001192253.603445	0
11001225568.651306	0
11001258884.69917	0
11001292199.747032	0
11001325514.794893	0
11001358830.842756	0
11001392145.89062	0
11007555514.745184	0
11007588830.793047	0
11007622145.840908	0
11007655461.888773	0
11007688776.936634	0
11007722092.984497	0
11007755408.03236	0
11007788723.080221	0
11007822039.128084	0
11007855354.175945	0
11007888670.22381	0
11007921985.271671	0
11007955301.319534	0
11007988616.367397	0
11008021932.41526	0
11008055247.463121	0
11008088563.510984	0
11008121878.558847	0
11008155194.60671	0
11008188509.654572	0
11008221824.702435	0
11008255140.750298	0
11008288455.798159	0
11008321771.846022	0
11008355086.893885	0
11008388402.941748	0
11008421717.989609	0
11008455034.037472	0
11008488349.085335	0
11008521665.133198	0
11008554980.181059	0
11008588295.228922	0
11008621611.276785	0
11008654926.324646	0
11008688242.372509	0
11008721557.420372	0
11008754873.468235	0
11008788188.516096	0
11008821504.56396	0
11008854819.611822	0
11008888134.659683	0
11008921450.707546	0
11008954766.755411	0
11008988081.803272	0
11009021397.851135	0
11009054712.898996	0
11009088027.94686	0
11009121343.994722	0
11009154659.042583	0
11009187974.090446	0
11009221290.13831	0
11009254606.186172	0
11009287921.234035	0
11009321237.281898	0
11009354552.32976	0
11009387868.377623	0
11009421183.425486	0
11009454498.473347	0
11009487814.52121	0
11009521129.569073	0
11009554445.616936	0
11009587760.664797	0
11009621076.71266	0
11009654391.760523	0
11009687706.808384	0
11009721022.856247	0
11009754337.90411	0
11009787653.951973	0
11009820968.999834	0
11009854285.047697	0
11009887600.09556	0
11009920916.143423	0
11009954231.191284	0
11009987547.239147	0
11010020862.28701	0
11010054178.334873	0
11010087493.382734	0
11010120808.430597	0
11010154124.47846	0
11010187439.526321	0
11010220755.574184	1
11010254071.62205	1
11010287386.66991	0
11010320701.717772	0
11010354017.765635	0
11010387332.813498	0
11010420647.861359	0
11010453963.909222	0
11010487279.957087	0
11010520595.004948	0
11010553910.052809	0
11010587226.100672	0
11010620542.148537	0
11010653857.196398	0
11010687172.244259	0
11010720488.292124	0
11010753803.339985	0
11010787119.387848	0
11010820434.435709	0
11010853749.483572	0
11010887065.531435	0
11010920381.579298	0
11010953696.627161	0
11010987012.675024	0
11011020327.722885	0
11011053642.770748	0
11011086958.818611	0
11011120273.866472	0
11011153589.914335	0
11011186904.962198	0
11011220221.010061	0
11011253536.057922	0
11011286852.105785	0
11011320167.153648	0
11011353482.20151	0
11011386798.249372	0
11011420114.297235	0
11011453429.345098	0
11011486744.39296	0
11011520060.440823	0
11011553375.488686	0
11011586691.536549	0
11011620006.58441	0
11011653322.632273	0
11011686637.680136	0
11011719953.727999	0
11011753268.77586	0
11011786584.823723	0
11011819899.871586	0
11011853214.919447	0
11011886530.96731	0
11011919846.015173	0
11011953162.063036	0
11011986477.110897	0
11012019793.158762	0
11012053109.206625	0
11012086424.254486	0
11012119739.302347	0
11012153054.35021	0
11012186370.398073	0
11012219685.445934	0
11012253001.4938	0
11012286316.54166	0
11012319632.589523	0
11012352947.637384	0
11012386263.68525	0
11012419578.73311	0
11012452894.780973	0
11012486209.828836	0
11012519525.8767	2
11012552840.92456	0
11012586155.972422	0
11012619472.020287	0
11012652787.068148	0
11012686103.11601	0
11012719418.163874	0
11012752734.211737	0
11012786049.259598	0
11012819365.30746	1
11012852680.355324	0
11012885996.403187	0
11012919311.451048	0
11012952627.49891	0
11012985942.546774	0
11013019257.594635	0
11013052573.642498	0
11013085888.690361	0
11013119204.738224	0
11013152519.786085	0
11013185835.833948	0
11013219150.881811	0
11013252466.929674	0
11013285781.977535	0
11013319097.025398	0
11013352413.073261	0
11013385728.121122	0
11013419044.168985	0
11013452360.21685	0
11013485675.264711	0
11013518990.312572	0
11013552305.360435	0
11013585621.408298	0
11013618937.456161	0
11013652252.504023	0
11013685568.551888	0
11013718883.599749	0
11013752198.64761	0
11013785514.695475	0
11013818830.743338	0
11013852145.791199	0
11013885460.83906	0
11013918776.886925	0
11013952091.934786	0
11013985407.982649	0
11014018724.030512	0
11014052038.078373	0
11014085354.126236	0
11014118669.174097	0
11014151985.221962	0
11014185301.269825	0
11014218616.317686	0
11014251931.36555	0
11014285247.413412	0
11014318562.461273	0
11014385193.557	0
11014418508.60486	0
11014451824.652723	1
11014485140.700586	0
11014518455.74845	0
11014551771.796312	0
11014585086.844173	0
11014618401.892036	0
11014651717.9399	0
11014685032.98776	0
11014718349.035624	0
11014751664.083487	0
11014784979.131348	0
11014818296.179213	0
11014851610.227074	0
11014884926.274937	0
11014918242.3228	0
11014951557.37066	0
11014984873.418526	0
11015018188.466387	0
11015051503.514248	0
11015084819.56211	0
11015118134.609974	0
11015151450.657837	0
11015184765.705698	0
11015218081.753563	0
11015251396.801424	0
11015284712.849287	0
11015318027.89715	0
11015351343.945013	0
11015384658.992874	0
11015417974.040735	0
11015451290.0886	0
11015484605.136461	0
11015517921.184324	0
11015551236.232187	0
11015584552.28005	0
11015617867.327911	0
11016084284.997988	0
11016117600.045849	0
11016150915.093712	0
11016184231.141575	0
11016217546.189436	0
11016250862.237299	0
11016284177.285162	0
11016317493.333025	0
11022414231.091864	0
11022447546.139727	0
11022480861.187588	0
11022514177.23545	0
11022547492.283314	0
11022580808.331177	0
11022614123.379038	0
11022647439.4269	0
11022680754.474764	0
11022714070.522627	0
11022747385.570488	0
11022780700.618351	0
11022814016.666214	0
11022847331.714075	0
11022880647.761938	0
11022913962.809801	3
11022947278.857664	0
11022980593.905525	0
11023013909.95339	0
11023047225.001251	0
11023080540.049112	0
11023113856.096977	0
11023147172.14484	1
11023180487.192701	1
11023213803.240564	0
11023247118.288427	0
11023280434.33629	2
11023313749.384151	0
11023347064.432014	0
11023380380.479877	0
11023413695.527739	0
11023447011.575602	2
11023480326.623465	0
11023513641.671326	0
11023546957.719189	0
11023580272.767052	0
11023613588.814915	0
11023646903.862776	0
11023680219.910639	0
11023713534.958502	0
11023746850.006363	0
11023780166.054226	0
11023813482.102089	0
11023846797.149952	1
11023880112.197813	0
11023913428.245676	0
11023946743.29354	0
11023980059.341402	0
11024013374.389263	0
11024046690.437126	0
11024080005.48499	0
11024113321.532852	3
11024146636.580713	0
11024179951.628576	0
11024213267.67644	0
11024246582.7243	0
11024279898.772163	0
11024313214.820028	0
11024346529.86789	0
11024379845.915752	2
11024413160.963614	1
11024446476.011477	0
11024479792.05934	2
11024513107.1072	0
11024546423.155066	0
11024579738.202927	0
11024613054.25079	0
11024646369.298653	0
11024679685.346516	0
11024713000.394377	0
11024746315.442238	0
11024779631.490103	3
11024812946.537964	0
11024846262.585827	0
11024879577.63369	0
11024912893.681553	0
11024946208.729414	2
11024979524.777277	0
11025012839.82514	0
11025046155.873003	2
11025079470.920864	1
11025112786.968727	0
11025146102.01659	0
11025179418.064453	1
11025212733.112314	2
11025246048.160177	0
11025279364.20804	0
11025312679.255901	0
11025345995.303764	1
11025379310.351627	0
11025412625.399488	0
11025445941.447351	0
11025479257.495214	0
11025512572.543077	0
11025545887.590939	0
11025579203.638802	0
11025612518.686665	0
11025645834.734528	0
11025679149.782389	0
11025712465.830252	0
11025745780.878115	1
11025779096.925978	0
11025812411.973839	1
11025845727.021702	0
11025879043.069565	0
11025912358.117426	1
11025945674.165289	0
11025978989.213152	0
11026012305.261015	0
11026045620.308876	0
11026078936.35674	0
11026112251.404602	0
11026145567.452465	0
11026178882.500326	2
11026212198.548191	0
11026245515.596056	0
11026278828.643913	0
11026312144.691778	0
11026345460.739641	1
11026378775.787502	0
11026412090.835365	0
11026445406.883228	0
11026478721.93109	0
11026512037.978952	0
11026545353.026815	0
11026578669.074678	0
11026611984.12254	0
11026645300.170403	0
11026678615.218266	0
11026711930.266127	0
11026745246.31399	0
11026778561.361853	0
11026811877.409716	2
11026845192.457577	0
11026878507.50544	0
11026911823.553303	0
11026945139.601166	0
11026978454.649027	0
11027011770.69689	0
11027045085.744753	1
11027078401.792616	0
11027111716.840477	0
11027145031.88834	0
11027178347.936203	0
11027211663.984066	0
11027244979.031927	0
11027278294.07979	0
11027311610.127653	0
11027344925.175514	2
11027378241.22338	0
11027411556.27124	0
11027444871.319101	0
11027478187.366964	0
11027511503.41483	0
11027544818.46269	0
11027578133.510551	0
11027611449.558416	0
11027644764.606277	0
11027678079.654139	0
11027711395.702002	0
11027744711.749866	0
11027778026.797728	0
11027811342.84559	0
11027844657.893454	0
11027877972.941315	0
11027911288.989178	0
11027944604.03704	0
11027977920.084904	0
11028011235.132765	0
11028044551.180628	0
11028077866.22849	0
11028111182.276354	0
11028144497.324215	0
11028177812.372078	0
11028211128.41994	0
11028244443.467802	0
11028277759.515665	0
11028311074.563528	0
11028344390.611391	0
11028377705.659252	0
11028411021.707115	0
11028444336.754978	0
11028477651.80284	0
11028510967.850702	0
11028544282.898565	0
11028577598.946428	1
11028610913.99429	0
11028644230.042152	0
11028677545.090015	0
11028710862.13788	0
11028744176.18574	0
11028777492.233603	0
11028810808.281467	0
11028844123.329329	0
11028877450.377207	0
11028910754.425055	0
11028944069.472916	0
11028977385.520779	0
11029010700.56864	0
11029044016.616505	1
11029077331.664366	0
11029110646.712227	0
11029143962.760092	0
11029177277.807953	0
11029210593.855816	0
11029243908.903677	0
11029277223.95154	0
11029310539.999403	0
11029343855.047264	0
11029377171.095129	0
11029410486.14299	0
11029443802.190853	0
11029477117.238714	0
11029510433.28658	0
11029543748.33444	0
11029577064.382303	0
11029610379.430166	0
11029643695.47803	0
11029677010.52589	0
11029710325.573753	0
11029743641.621616	0
11029776956.669477	0
11029810272.71734	0
11029843588.765203	0
11029876903.813066	0
11029910218.860928	0
11029943534.90879	0
11029976849.956654	0
11030010165.004515	0
11030043481.052378	0
11030076797.10024	0
11030110112.148104	0
11030143427.195965	0
11030176743.243828	0
11030210058.29169	0
11030243374.339554	0
11030276689.387415	0
11030310005.435278	0
11030343320.48314	0
11030376636.531004	0
11030409951.578865	0
11030443267.626728	1
11030476582.674591	0
11030509898.722454	0
11030543213.770315	1
11030576528.818178	0
11030609844.866041	0
11030643159.913902	0
11030676475.961767	0
11030709791.009628	0
11030743107.057491	0
11030776423.105354	0
11030809739.153217	0
11030843053.201078	0
11030876369.248941	0
11030909684.296804	0
11030943000.344667	0
11030976315.392529	0
11031009630.44039	0
11031042946.488255	1
11031076261.536116	0
11031109577.583979	0
11031142892.631842	0
11031176208.679705	0
11031209523.727566	0
11031242838.775429	0
11031276154.823292	0
11031309469.871153	0
11031342785.919016	0
11031376100.966879	0
11031409417.014742	0
11031442732.062603	0
11031476048.110466	0
11031509363.158329	0
11031542678.20619	0
11031575994.254053	0
11031609310.301916	0
11031642625.34978	0
11031675941.397642	0
11031709256.445503	0
11031742572.493366	0
11031775887.54123	0
11031809202.58909	0
11031842518.636953	0
11031875833.684816	0
11031909149.73268	0
11031942464.78054	0
11031975780.828403	0
11032009095.876266	0
11032042410.924128	0
11032075726.97199	0
11032109042.019854	0
11032142358.067717	0
11032175673.115578	0
11032208989.163443	0
11032242304.211304	0
11032275620.259167	0
11032308935.307028	0
11032342250.35489	0
11032375566.402754	0
11032408882.450617	0
11032442197.49848	0
11032475513.546343	3
11032508828.594204	0
11032542143.642065	0
11032575459.68993	0
11032608775.737793	0
11032642090.785654	0
11032675405.833517	0
11032708721.88138	0
11032742036.929241	0
11032775352.977104	0
11032808668.024967	0
11032841984.07283	0
11032875299.120691	0
11032908614.168554	0
11032941930.216417	0
11032975246.26428	0
11033008561.312141	0
11033041876.360004	0
11033075192.407867	0
11033108507.455729	0
11033141823.503592	0
11033175138.551455	0
11033208454.599318	0
11033241769.647179	0
11033275084.695042	0
11033308400.742905	0
11033341716.790768	0
11033375031.838629	0
11033408346.886492	0
11033441662.934355	0
11033474977.982216	0
11033508294.030079	0
11033541609.077942	0
11033574925.125805	0
11033608240.173666	0
11033641556.22153	0
11033674871.269392	0
11033708186.317253	0
11033741503.365118	1
11033774818.412981	0
11033808133.460842	0
11033841449.508705	0
11033874764.556568	0
11033908079.60443	0
11033941395.652292	0
11033974710.700155	0
11034008026.748018	0
11034041341.79588	0
11034074656.84374	0
11034107972.891605	0
11034141287.939466	0
11034174603.98733	0
11034207919.035192	0
11034241235.083055	0
11034274550.130917	0
11034307866.17878	0
11034341181.226643	0
11034374496.274504	0
11034407812.322367	0
11034441127.37023	0
11034474443.418093	0
11034507759.465956	0
11034541074.513817	0
11034574389.56168	0
11034607705.609543	0
11034641020.657404	0
11034674336.705267	0
11034707651.75313	0
11034740966.800991	0
11034774282.848854	0
11034807598.896717	0
11034840913.94458	0
11034874229.992443	0
11034907545.040304	0
11034940860.088167	0
11034974176.13603	0
11035007491.183891	0
11035040807.231754	0
11035074122.279617	0
11035107437.327478	0
11035140753.375341	0
11035174069.423206	0
11035207384.471067	0
11035240700.51893	0
11035274015.566792	0
11035307330.614655	0
11035340646.662518	0
11035373961.710379	0
11035407277.758244	0
11035440592.806105	0
11035473908.853968	0
11035507223.901829	0
11035540539.949694	0
11035573854.997555	0
11035607170.045416	0
11035640486.09328	0
11035673801.141142	0
11035707117.189005	0
11035740432.236868	0
11035773748.28473	0
11035807064.332594	0
11035840378.380453	0
11035873694.428318	0
11035907009.47618	0
11035940325.524042	0
11035973641.571905	0
11036006956.619768	0
11036040272.667631	0
11036073587.715492	0
11036106902.763355	0
11036140218.811218	0
11036173533.85908	0
11036206849.906942	0
11036240164.954805	0
11036273481.002668	0
11036306796.05053	1
11036340112.098392	0
11036373427.146255	0
11036406743.194118	0
11036440058.24198	0
11036473373.289843	0
11036506689.337706	0
11036540004.385567	0
11036573320.43343	0
11036606635.481293	0
11036639951.529156	0
11036673266.577017	0
11036706581.62488	0
11036739897.672743	0
11036773212.720604	0
11036806528.768467	0
11036839843.81633	0
11036873159.864193	0
11036906474.912054	0
11036939790.959919	0
11036973107.007782	0
11037006422.055643	0
11037039737.103504	0
11037073053.15137	0
11037106368.19923	0
11037139684.247093	0
11037172999.294956	0
11037206314.342817	0
11037239630.39068	0
11037272946.438543	0
11037306261.486406	0
11037339576.534267	0
11037372892.58213	0
11037406207.629993	0
11037439523.677856	0
11037472838.725718	0
11037506154.77358	0
11037539469.821444	0
11037572784.869305	0
11037606100.917168	0
11037639416.96503	0
11037672732.012894	1
11037706047.060755	0
11037739363.108618	0
11037772678.15648	0
11037805994.204344	2
11037839309.252205	0
11037872625.300068	0
11037905940.34793	0
11037939255.395792	1
11037972571.443655	0
11038005886.491518	0
11038039202.539381	0
11038072517.587242	0
11038105833.635105	0
11038139148.682968	0
11038172464.730831	0
11038205779.778692	0
11038239094.826555	0
11038272410.874418	0
11038305726.922281	0
11038339041.970142	0
11038372357.018005	0
11038405673.065868	0
11038438988.11373	0
11038472304.161594	0
11038505619.209455	0
11038538935.257318	1
11038572250.30518	0
11038605566.353045	0
11038638881.400906	0
11038672197.448769	0
11038705512.496632	0
11038738827.544493	0
11038772143.592356	0
11038805458.640217	1
11038838774.688082	1
11038872090.735945	1
11038905405.783806	0
11038938720.831669	0
11038972036.879532	0
11039005351.927393	0
11039038667.975256	0
11039071983.023119	0
11039105299.070982	1
11039138614.118843	0
11039171930.166706	0
11039205245.21457	0
11039238560.26243	0
11039271875.310293	1
11039305191.358156	0
11039338507.40602	0
11039371822.45388	0
11039405138.501743	0
11039438453.549606	0
11039471768.597467	0
11039505084.64533	0
11039538399.693193	0
11039571715.741056	0
11039605030.788918	1
11039638346.83678	0
11039671661.884644	0
11039704977.932507	0
11039738292.980368	0
11039771609.02823	0
11039804924.076094	0
11039838240.123957	0
11039871555.171818	0
11039904870.21968	0
11039938186.267544	2
11039971501.315405	1
11040004817.36327	0
11040038132.41113	0
11040071448.458994	0
11040104763.506855	0
11040138079.55472	0
11040171394.602581	0
11040204710.650444	0
11040238025.698307	0
11040271340.746168	0
11040304656.794031	0
11040337971.841892	0
11040371287.889757	0
11040404602.937618	0
11040437918.985481	0
11040471234.033344	0
11040504550.081207	0
11040537865.129068	0
11040571180.176931	0
11040604496.224794	0
11040637811.272655	0
11040671127.320518	0
11040704443.368382	0
11040737758.416245	0
11040771073.464106	0
11040804389.511969	0
11040837704.559832	0
11040871020.607695	0
11040904335.655556	0
11040937651.703419	0
11040970966.751282	0
11041004282.799145	0
11041037597.847006	0
11041070913.894869	0
11041104228.942732	0
11041137543.990593	0
11041170860.038456	0
11041204176.08632	0
11041237491.134182	0
11041270806.182043	0
11041304122.229906	0
11041337437.27777	0
11041370753.325632	0
11041404068.373493	0
11041437384.421358	0
11041470699.46922	0
11041504014.51708	0
11041537330.564945	0
11041570645.612806	0
11041603961.66067	0
11041637276.70853	0
11041670592.756395	0
11041703907.804256	0
11041737223.85212	0
11041770538.899982	0
11041803854.947845	0
11041837169.995707	0
11041870486.04357	0
11041903801.091433	0
11041937116.139294	0
11041970432.187157	0
11042003747.23502	0
11042037063.282883	0
11042070378.330744	0
11042103694.378607	0
11042137009.42647	0
11042170325.474333	0
11042203640.522194	0
11042236955.570057	0
11042270271.61792	0
11042303586.665781	0
11042336902.713644	0
11042370217.761507	0
11042403533.80937	0
11042436848.857231	0
11042470164.905094	0
11042503479.952957	0
11042536796.00082	0
11042570111.048681	0
11042603427.096544	0
11042636742.144407	0
11042670057.192268	0
11042703373.240131	0
11042736688.287994	0
11042770004.335857	0
11042803319.383718	0
11042836635.431581	0
11042869950.479445	0
11042903266.527308	0
11042936581.575169	0
11042969897.623034	0
11043003212.670895	0
11043036527.718756	0
11043069843.766619	0
11043103158.814482	0
11043136474.862345	0
11043169789.910206	0
11043203105.95807	0
11043236421.005932	0
11043269737.053795	0
11043303052.101658	0
11043336368.14952	0
11043369683.197382	0
11043402998.245243	0
11043436314.293108	0
11043469629.34097	0
11043502945.388832	0
11043536261.436695	0
11043569576.484558	0
11043602891.53242	0
11043636207.580282	0
11043669522.628145	0
11043702838.676008	0
11043736153.72387	0
11043769469.771732	0
11043802784.819595	0
11043836099.867456	0
11043869415.91532	0
11043902731.963182	0
11043936047.011045	0
11043969362.058907	0
11044002678.10677	0
11044035993.154633	0
11044069308.202494	0
11044102624.250357	0
11044135939.29822	0
11044169256.346085	0
11044202570.393944	0
11044235886.441807	0
11044269201.48967	0
11044302517.537533	0
11044335832.585394	0
11044369148.633257	0
11044402463.68112	0
11044435778.728981	0
11044469094.776844	0
11044502409.824707	0
11044535725.87257	0
11044569040.920431	0
11044602356.968294	0
11044635672.016157	0
11044668988.06402	0
11044702303.111881	0
11044735619.159746	0
11044768934.207607	0
11044802250.25547	0
11044835565.303331	0
11044868880.351194	1
11044902196.399057	0
11044935511.446918	0
11044968827.494783	0
11045002143.542646	0
11045035459.59051	0
11045068773.63837	0
11045102089.686234	0
11045135404.734095	0
11045168719.781956	0
11045202035.82982	0
11045235351.877684	0
11045268666.925545	0
11045301982.973408	0
11045335298.02127	0
11045368613.069132	0
11045401929.116995	0
11045435245.164858	0
11045468560.21272	0
11045501875.260582	0
11045535191.308445	0
11045568506.356308	0
11045601822.404171	0
11045635137.452032	0
11045668452.499895	0
11045701768.547758	0
11045735084.595621	0
11045768399.643482	0
11045801714.691345	0
11045835030.739208	0
11045868345.78707	0
11045901661.834932	0
11045934976.882795	0
11045968292.930658	0
11046001607.97852	0
11046034923.026382	0
11046068239.074245	0
11046101554.122107	0
11046134870.16997	0
11046168186.217834	0
11046201501.265696	0
11046234816.313557	0
11046268131.36142	0
11046301447.409283	0
11046334763.457146	0
11046368078.505007	0
11046401394.552872	0
11046434709.600733	0
11046468024.648594	0
11046501340.696459	0
11046534656.744322	0
11046567971.792183	0
11046601286.840046	0
11046634602.887909	0
11046667917.93577	0
11046701233.983633	0
11046734549.031496	0
11046767865.07936	0
11046801188.127232	0
11046834496.175083	0
11046867811.222946	0
11046901127.27081	0
11046934442.31867	0
11046967757.366533	0
11047001073.414396	1
11047034388.462257	0
11047067704.51012	0
11047101020.557983	0
11047134335.605846	0
11047167650.653708	1
11047200966.70157	0
11047234281.749434	0
11047267596.797295	0
11047300912.845158	0
11047334227.89302	0
11047367543.940884	0
11047400858.988745	0
11047434175.036608	0
11047467490.08447	0
11047500806.132334	0
11047534121.180195	0
11047567436.228058	0
11047600752.27592	0
11047634068.323784	0
11047667383.371645	0
11047700698.419508	0
11047734014.467371	0
11047767329.515232	0
11047800645.563097	0
11047833960.610958	0
11047867276.658821	0
11047900591.706682	0
11047933907.754547	0
11047967223.80241	0
11048000537.85027	0
11048033853.898134	0
11048067169.945997	0
11048100483.993856	0
11048133800.04172	0
11048167116.089584	0
11048200431.137445	0
11048233747.185308	0
11048267062.233171	0
11048300378.281034	0
11048333693.328896	0
11048367009.376759	0
11048400324.424622	0
11048433639.472483	0
11048466955.520346	0
11048500270.568209	0
11048533586.616072	0
11048566901.663933	0
11048600217.711796	0
11048633532.759659	0
11048666848.807522	0
11048700163.855383	0
11048733478.903246	0
11048766794.951109	0
11048800110.998972	0
11048833426.046833	0
11048866742.094696	0
11048900057.14256	0
11048933373.190422	0
11048966688.238283	0
11049000003.286146	0
11049033319.33401	0
11049066634.38187	0
11049099950.429733	0
11049133265.477596	0
11049166581.52546	0
11049199896.57332	0
11049233212.621185	0
11049266527.669046	0
11049299842.716908	0
11049333158.764772	0
11049366473.812634	0
11049399789.860497	0
11049433104.908358	0
11049466420.956223	0
11049499736.004084	0
11049533052.051947	0
11049566367.09981	0
11049599683.147673	0
11049632998.195534	0
11049666313.243395	0
11049699629.29126	0
11049732945.339123	0
11049766260.386984	0
11049799575.434847	0
11049832891.48271	0
11049866206.530571	0
11049899522.578434	0
11049932837.626297	0
11049966153.67416	1
11049999468.722021	0
11050032783.769884	0
11050066099.817747	0
11050099415.86561	0
11050132730.913471	0
11050166045.961334	0
11050199362.009197	0
11050232677.057058	0
11050265993.104921	0
11050299308.152784	0
11050332623.200645	0
11050365939.248508	0
11050399254.296371	0
11050432570.344234	0
11050465885.392096	0
11050499201.439959	0
11050532516.487822	0
11050565832.535685	0
11050599147.583546	0
11050632463.631409	0
11050665778.679272	0
11050699094.727135	0
11050732409.774996	0
11050765724.822859	0
11050799040.870722	0
11050832356.918585	0
11050865671.966448	0
11050898987.014309	1
11050932303.062172	0
11050965618.110033	0
11050998934.157898	0
11051032249.20576	0
11051065565.253622	0
11051098880.301485	0
11051132195.349346	0
11051165511.39721	0
11051198827.445072	0
11051232142.492935	0
11051265457.540796	0
11051298773.58866	0
11051332088.636522	0
11051365404.684385	0
11051398719.732246	0
11051432035.78011	0
11051465350.827972	0
11051498666.875835	0
11051531981.923697	0
11051565297.97156	0
11051598613.019423	0
11051631929.067286	0
11051665244.115147	0
11051698559.16301	0
11051731875.210873	0
11051765190.258734	1
11051798506.306597	0
11051831821.35446	0
11051865136.40232	0
11051898452.450184	0
11051931767.498047	0
11051965083.54591	0
11051998399.593773	0
11052031714.641634	0
11052065029.689497	0
11052098345.73736	0
11052131660.785221	0
11052164976.833084	0
11052198291.880947	0
11052231607.92881	0
11052264922.976671	0
11052298239.024536	0
11052331554.072397	0
11052364869.120258	0
11052398185.168121	0
11052431500.215984	0
11052464816.263847	0
11052498131.311708	0
11052531447.359573	0
11052564762.407434	0
11052598078.455297	0
11052631393.50316	0
11052664709.551023	0
11052698024.598885	0
11052731340.646748	0
11052764655.69461	0
11052797970.742472	0
11052831286.790335	0
11052864602.838198	0
11052897917.88606	0
11052931232.933922	0
11052964548.981785	0
11052997864.029648	0
11053031180.07751	0
11053064495.125372	0
11053097810.173235	0
11053131126.221098	0
11053164441.268959	0
11053197757.316822	0
11053231072.364685	0
11053264388.412548	0
11053297703.46041	2
11053331019.508272	0
11053364334.556135	0
11053397649.603996	0
11053430965.65186	0
11053464280.699722	0
11053497596.747585	0
11053530911.795446	0
11053564227.84331	0
11053597543.891174	0
11053630858.939035	1
11053664173.986897	0
11053697489.03476	0
11053730805.082623	0
11053764120.130484	0
11053797436.178347	0
11053830752.226212	0
11053864068.274075	0
11053897382.321934	0
11053930698.369797	0
11053964013.41766	0
11053997329.465523	1
11054030644.513384	0
11054063960.561249	0
11054097275.60911	0
11054130591.656973	0
11054163906.704834	0
11054197222.752699	0
11054230537.80056	0
11054263852.848421	0
11054297168.896286	0
11054330483.944147	0
11054363799.99201	0
11054397115.039873	0
11054430431.087736	0
11054463746.135597	0
11054497061.183458	0
11054530377.231323	0
11054563693.279186	0
11054597008.327047	0
11054630324.37491	0
11054663639.422773	0
11054696955.470636	0
11054730270.518497	0
11054763585.56636	0
11054796901.614223	0
11054830216.662085	0
11054863532.709948	0
11054896847.75781	0
11054930163.805674	0
11054963478.853535	0
11054996794.901398	0
11055030109.94926	0
11055063424.997122	2
11055096741.044985	0
11055130057.092848	0
11055163372.14071	0
11055196688.188574	0
11055230003.236435	0
11055263318.284298	0
11055296634.33216	0
11055329949.380022	0
11055363265.427887	0
11055396580.475748	0
11055429895.52361	1
11055463212.571474	2
11055496526.619335	1
11055529842.667198	0
11055563157.71506	0
11055596473.762924	0
11055629788.810785	0
11055663104.858648	0
11055696419.90651	0
11055729735.954374	0
11055763051.002235	0
11055796366.050097	0
11055829682.097961	0
11055862997.145823	1
11055896313.193686	0
11055929628.241549	0
11055962944.289412	0
11055996259.337273	0
11056029575.385136	0
11056062890.432999	0
11056096206.480862	0
11056129521.528723	0
11056162836.576586	0
11056196152.624449	0
11056229467.67231	0
11056262783.720173	0
11056296098.768036	0
11056329414.815899	0
11056362729.86376	0
11056396045.911623	0
11056429360.959486	0
11056462677.007349	0
11056495992.05521	0
11056695885.342386	0
11056729200.390247	0
11056762516.43811	0
11056795831.485973	0
11056829146.533834	0
11056862462.581697	0
11056895777.62956	0
11056929093.677423	0
11056962408.725285	0
11056995724.773148	0
11057029039.82101	0
11057062355.868874	0
11057095670.916735	0
11057128986.9646	0
11057162302.01246	0
11057195618.060324	0
11057228933.108185	0
11057262249.15605	0
11057295564.20391	0
11057328879.251772	0
11057362195.299637	0
11057395511.3475	0
11057428826.39536	0
11057462141.443222	0
11057495457.491087	0
11057528772.538948	0
11057562088.586811	0
11057595404.634674	0
11057628719.682537	0
11057662034.730398	0
11057695350.778261	0
11057728665.826124	0
11057761980.873985	0
11057795296.921848	2
11057828612.969711	0
11057861928.017574	0
11057895243.065435	0
11057928559.113298	0
11057961874.161161	0
11057995190.209024	0
11058028505.256886	0
11058061821.304749	0
11058095136.352612	0
11058128451.400473	0
11058161767.448336	0
11058195083.496199	0
11058228398.544062	1
11058261713.591923	0
11058295029.639786	0
11058328344.687649	0
11058361660.735512	0
11058394984.783386	0
11058428290.831236	0
11058461606.879099	0
11058494921.92696	0
11058528237.974823	0
11058561553.022686	0
11058594869.070549	0
11058628184.11841	0
11058661499.166273	0
11058694815.214136	0
11058728131.262	0
11058761446.30986	0
11058794762.357725	0
11058828077.405586	0
11058861392.453447	0
11058894708.501312	0
11058928024.549175	0
11058961339.597036	0
11058994654.644897	0
11059027970.692762	0
11059061285.740623	0
11059094601.788486	0
11059127916.83635	0
11059161231.88421	0
11059194547.932074	0
11059227862.979937	0
11059261179.0278	1
11059294495.075663	0
11059327810.123524	0
11059361125.171387	0
11059394441.21925	0
11059427756.26711	0
11059461072.314974	0
11059494387.362837	0
11059527702.410698	2
11059561018.45856	0
11059594334.506424	0
11059627649.554287	0
11059660965.60215	0
11059694280.650011	1
11059727595.697874	0
11059760911.745737	0
11059794226.793598	0
11059827542.841461	0
11059860857.889324	0
11059894173.937187	0
11059927488.985048	0
11059960804.032911	1
11059994120.080774	0
11060027435.128635	0
11060060751.176498	0
11060094066.224361	0
11060127382.272224	0
11060160697.320086	0
11060194013.36795	0
11060227328.415812	0
11060260644.463675	0
11060293959.511536	1
11060327275.5594	2
11060360590.607262	0
11060393905.655123	0
11060427221.702988	1
11060460536.750849	1
11060493852.798712	0
11060527167.846573	0
11060560483.894438	0
11060593798.942299	2
11060627114.990162	1
11060660430.038025	0
11060693746.085888	0
11060727061.133749	1
11060760376.18161	2
11060793692.229475	0
11060827007.277336	0
11060860323.3252	1
11060893639.373062	1
11060926954.420925	0
11060960269.468786	0
11060993585.51665	0
11061026901.564512	0
11061060216.612375	0
11061093531.660236	0
11061126847.7081	0
11061160162.755962	2
11061193478.803825	0
11061226793.851686	0
11061260108.89955	1
11061293424.947412	1
11061326739.995274	1
11061360056.043137	1
11061393371.091	1
11061426687.138863	0
11061460002.186724	2
11061493317.234587	0
11061526633.28245	0
11061559949.330313	0
11061593264.378174	0
11061626579.426037	0
11061659895.4739	0
11061693210.52176	0
11061726526.569624	0
11061759841.617487	0
11061793157.66535	0
11061826472.713211	0
11061859787.761074	0
11061893103.808937	1
11061926418.856798	0
11061959734.904663	0
11061993049.952524	0
11062026366.000387	0
11062059681.048248	0
11062092997.096113	0
11062126313.143976	0
11062159627.191835	0
11062192943.2397	1
11062226259.287563	0
11062259574.335424	0
11062292889.383286	0
11062326205.43115	0
11062359520.479012	0
11062392836.526875	0
11062426151.574738	0
11062459467.6226	0
11062492782.670462	0
11062526098.718325	0
11062559413.766188	0
11062592729.81405	0
11062626044.861912	0
11062659359.909775	0
11062692675.957638	0
11062725992.0055	0
11062759307.053362	0
11062792622.101225	0
11062825938.149088	0
11062859254.19695	1
11062892569.244812	1
11062925884.292675	0
11062959200.340538	0
11063092461.531986	0
11063125777.57985	0
11063159092.627712	1
11063192408.675575	1
11063225723.723436	0
11063259039.7713	0
11063292354.819162	0
11063325670.867025	0
11063358985.914886	0
11063392300.96275	0
11063425617.010612	0
11063458932.058474	0
11063492248.106337	0
11063525564.154202	0
11063558879.202063	0
11063592194.249924	0
11063625510.297789	0
11063658825.34565	1
11063692141.393513	0
11063725456.441376	0
11063758772.489239	0
11063792087.5371	0
11063825403.584963	0
11063858718.632826	0
11063892033.680687	0
11063925349.72855	0
11063958664.776413	1
11063991980.824276	0
11064025295.872137	0
11064058611.92	0
11064091926.967863	0
11064125242.015724	0
11064158558.063587	0
11064191874.11145	0
11064225189.159313	0
11064258504.207174	0
11064291820.255037	0
11064325135.3029	0
11064358451.350763	0
11064391766.398624	0
11064425081.446487	0
11064458397.49435	1
11064491712.542212	0
11064525028.590075	0
11064558343.637938	0
11064591659.6858	0
11064624975.733664	1
11064658290.781525	0
11064691605.829388	0
11064724921.87725	0
11064758236.925112	0
11064791552.972975	0
11064824868.020838	0
11064858184.0687	0
11064891500.116564	0
11064924815.164427	0
11064958130.212288	0
11064991445.260149	0
11065024761.308012	0
11065058076.355875	0
11065091392.403738	0
11065124707.4516	0
11065158023.499464	0
11065191338.547325	0
11065224653.595186	0
11065257969.643051	0
11065291284.690912	0
11065324600.738775	0
11065357915.786636	0
11065391231.834501	0
11065424546.882362	0
11065457862.930225	0
11065491177.978088	0
11065524494.025951	0
11065557809.073812	0
11065591125.121675	0
11065624440.169538	0
11065657755.2174	1
11065691071.265263	0
11065724387.313126	0
11065757702.360989	0
11065791017.40885	0
11065824333.456713	1
11065857648.504576	1
11065890964.552439	0
11065924279.6003	0
11065957594.648163	0
11065990910.696026	0
11066024225.743887	0
11066057541.79175	0
11066090856.839613	0
11066124172.887476	0
11066157487.935337	0
11066190803.9832	0
11066224119.031063	0
11066257435.078926	1
11066290750.126787	0
11066324066.17465	0
11066357381.222513	0
11066390696.270374	0
11066424012.318237	0
11066457328.366102	0
11066490643.413963	0
11066523958.461824	0
11066557274.509687	0
11066590589.55755	0
11066623905.605413	0
11066657220.653275	0
11066690535.701138	0
11066723851.749	0
11066757167.796864	0
11066790482.844725	0
11066823797.892588	0
11066857113.94045	0
11066890428.988312	0
11066923745.036177	0
11066957060.084038	0
11066990376.1319	0
11067023691.179764	0
11067057007.227627	0
11067090322.275488	0
11067123638.32335	0
11067156953.371214	0
11067190269.419077	0
11067223584.466938	0
11067256899.514801	1
11067290215.562664	0
11067323530.610525	0
11067356846.658388	0
11067390162.706251	0
11067423477.754114	0
11067456792.801975	0
11067490108.849838	0
11067523423.897701	0
11067556738.945562	0
11067590054.993425	0
11067623370.041288	0
11067656686.089151	0
11067690001.137012	0
11067723317.184875	0
11067756632.232738	0
11067789948.280602	0
11067823263.328463	0
11067856579.376326	0
11067889894.424189	0
11067923209.47205	0
11067956525.519913	0
11067989841.567778	0
11068023156.615639	0
11068056471.6635	0
11068089787.711363	0
11068123102.759226	0
11068156418.807089	0
11068189733.85495	0
11068223049.902815	0
11068256364.950676	0
11068289679.998537	0
11068322996.0464	0
11068356312.094265	0
11068389627.142126	0
11068422942.189987	0
11068456258.237852	0
11068489574.285715	0
11068522889.333576	0
11068556204.38144	1
11068589520.429302	0
11068622835.477163	0
11068656151.525026	0
11068689466.57289	0
11068722782.620752	0
11068756097.668613	0
11068789412.716476	0
11068822728.76434	0
11068856044.812202	0
11068889359.860064	0
11068922674.907927	0
11068955990.95579	0
11068989306.00365	0
11069022622.051514	0
11069055937.099377	1
11069089253.14724	0
11069122568.1951	0
11069155883.242964	0
11069189199.290827	0
11069222514.338688	1
11069255830.38655	0
11069289145.434414	0
11069322461.482277	0
11069355776.530138	0
11069389092.578001	0
11069422407.625864	0
11069455722.673725	0
11069489038.721588	0
11069522354.769453	1
11069555669.817314	0
11069588984.865175	0
11069622300.913038	0
11069655615.960901	0
11069688931.008762	0
11069722247.056625	0
11069755563.10449	0
11069788878.152351	0
11069822194.200214	0
11069855509.248075	0
11069888824.295938	0
11069922140.343801	0
11069955455.391663	0
11069988771.439528	0
11070022086.487389	0
11070055402.535252	0
11070088717.583113	0
11070122033.630978	0
11070155348.678839	0
11070188664.726702	0
11070221979.774565	0
11070255295.822428	0
11070288610.870289	0
11070321925.918152	0
11070355241.966015	0
11070388557.013876	0
11070421873.061739	0
11070455188.109602	0
11070488504.157465	0
11070521819.205326	0
11070555135.25319	0
11070588450.301052	0
11070621766.348915	2
11070655081.396776	0
11070688396.44464	1
11070721712.492502	0
11070755027.540363	0
11070788343.588226	0
11070821658.63609	0
11070854974.683952	0
11070888289.731813	0
11070921605.779676	0
11070954920.82754	0
11070988236.875402	0
11071021551.923264	0
11071054866.971127	0
11071088183.01899	0
11071121498.06685	0
11071154814.114714	0
11071188129.162577	0
11071221445.21044	0
11071254760.2583	0
11071288076.306166	0
11071321391.354027	0
11071354707.40189	0
11071388022.44975	0
11071421338.497616	0
11071454653.545477	0
11071487969.59334	0
11071521284.641203	0
11071554599.689064	0
11071587915.736927	0
11071621230.784788	0
11071654546.832653	0
11071687861.880514	0
11071721177.928377	0
11071754492.97624	0
11071787808.024101	0
11071821124.071964	0
11071854439.119827	0
11071887755.16769	0
11071921070.215551	0
11071954386.263414	0
11071987701.311277	0
11072021017.35914	0
11072054332.407001	0
11072087648.454865	0
11072120963.502728	0
11072154279.55059	0
11072187594.598452	0
11072220910.646315	0
11072254225.694178	0
11072287541.74204	0
11072320856.789902	0
11072354171.837765	0
11072387487.885628	0
11072420802.933489	0
11072454118.981352	0
11072487434.029215	0
11072520750.077078	0
11072554065.124939	0
11072587380.172802	0
11072620696.220665	0
11072654012.268528	0
11072687327.31639	0
11072720642.364252	0
11072753958.412115	0
11072787273.459976	0
11072820589.50784	0
11072853904.555702	0
11072887220.603565	0
11072920535.651426	0
11072953850.69929	0
11072987166.747152	0
11073020482.795015	0
11073053797.842878	0
11073087112.89074	0
11073120428.938602	0
11073153744.986465	0
11073187060.034328	0
11073220376.082191	0
11073253691.130053	0
11073287006.177916	0
11073320322.225779	0
11073353637.27364	0
11073386953.321503	0
11073420268.369366	0
11073453583.417227	0
11073486899.46509	0
11073520215.512953	0
11073553530.560816	0
11073586845.608677	0
11073620161.65654	0
11073653476.704403	0
11073686792.752266	0
11073720107.800127	0
11073753423.84799	0
11073786738.895853	0
11073820053.943714	0
11073853369.991577	0
11073886685.03944	0
11073920001.087303	0
11073953316.135164	0
11073986632.183027	0
11074019947.23089	0
11074053263.278753	0
11074086578.326614	0
11074119894.374477	0
11074153210.422342	0
11074186524.470201	0
11074219840.518064	0
11074253155.565928	0
11074286471.61379	0
11074319786.661652	0
11074353102.709515	0
11074386417.757378	0
11074419733.80524	0
11074453048.853102	0
11074486364.900967	0
11074519679.948828	0
11074552994.996689	0
11074586311.044554	0
11074619626.092415	0
11074652942.140278	0
11074686257.188139	0
11074719573.236004	0
11074752888.283865	0
11075319252.097528	0
11075352567.14539	0
11075385883.193253	0
11075419198.241116	0
11075452514.288979	0
11075485829.33684	0
11075519144.384703	0
11075552460.432566	0
11075585776.480429	0
11075619091.52829	0
11075652407.576153	0
11075685722.624016	0
11075719037.671877	0
11075752353.71974	0
11075785668.767603	0
11075818984.815466	0
11075852299.863327	0
11075885615.91119	0
11075918930.959053	0
11075952247.006916	0
11075985562.054777	0
11076018878.102642	0
11076052193.150503	0
11076085509.198366	0
11076118824.246227	0
11076152139.29409	0
11076185455.341953	0
11076218770.389814	0
11076252086.43768	0
11076285401.48554	0
11076318717.533403	0
11076352032.581266	0
11076385348.62913	0
11076418663.67699	0
11076451978.724852	0
11076485294.772717	0
11076518609.820578	0
11076551925.86844	0
11076585240.916304	0
11076618556.964167	0
11076651872.012028	0
11076685188.05989	0
11076718503.107754	0
11076751818.155615	0
11076785134.203478	0
11076818450.25134	0
11076851765.299204	0
11076885080.347065	0
11076918396.394928	0
11076951711.442791	0
11076985028.490656	0
11077018342.538515	0
11077051658.586378	0
11077084973.634241	0
11077118289.682104	0
11077151604.729965	0
11077184920.777828	0
11077218235.825691	0
11077251550.873552	0
11077284866.921415	0
11077318181.969278	1
11077351498.017141	0
11077384813.065002	0
11077418129.112865	2
11077451444.160728	0
11077484760.208591	0
11077518075.256453	2
11077551391.304317	1
11077584706.352179	0
11077618021.40004	0
11077651337.447903	0
11077684652.495766	0
11077717968.543629	0
11077751283.59149	0
11077784599.639355	0
11077817914.687216	0
11077851230.735079	0
11077884545.782942	0
11077917861.830805	0
11077951176.878666	0
11077984491.926527	1
11078017807.974392	0
11078051123.022253	0
11078084439.070116	1
11078117754.11798	2
11078151070.165842	3
11078184385.213703	0
11078217701.261566	0
11078251016.30943	0
11078284332.357292	1
11078317647.405153	0
11078350962.453016	0
11078384278.50088	0
11078417593.54874	2
11078450909.596603	1
11078484224.644466	2
11078517540.69233	0
11078550855.74019	0
11078584171.788054	0
11078617486.835917	1
11078650801.883778	3
11078684117.93164	1
11078717433.979504	0
11078750749.027367	0
11078784064.075228	1
11078817380.12309	2
11078850695.170954	2
11078884011.218817	1
11078917326.266678	0
11078950642.31454	0
11078983957.362404	0
11079017273.410267	0
11079050588.458128	0
11079083904.505993	0
11079117219.553854	0
11079150534.601715	1
11079183850.649578	1
11079217165.697441	0
11079250481.745304	2
11079283796.793165	0
11079317112.84103	0
11079350427.888891	0
11079383743.936754	0
11079417058.984615	0
11079450375.03248	0
11079483690.080341	0
11079517005.128202	0
11079550321.176067	0
11079583637.22393	0
11079616952.271791	0
11079650267.319654	0
11079683583.367517	0
11079716898.415379	0
11079750214.463242	0
11079783529.511105	0
11079816845.558968	1
11079850160.606829	0
11079883475.654692	0
11079916791.702555	0
11079950106.750416	1
11079983422.798279	0
11080016737.846142	0
11080050053.894005	0
11080083368.941866	0
11080116683.989729	2
11080150000.037592	0
11080183316.085455	0
11080216631.133316	1
11080249946.18118	1
11080283262.229042	0
11080316577.276903	0
11080349893.324766	0
11080383208.37263	0
11080416524.420492	0
11080449839.468353	2
11080483155.516216	0
11080516470.56408	0
11080549786.611942	0
11080583101.659803	0
11080616417.707668	0
11080649732.75553	0
11080683048.803392	0
11080716363.851254	0
11080749678.899117	0
11080782994.94698	0
11080816309.99484	0
11080849626.042706	0
11080882941.090567	0
11080916257.13843	0
11080949572.18629	0
11080982887.234154	0
11081016203.282017	0
11081049519.32988	0
11081082834.377743	0
11081116149.425604	0
11081149465.473467	0
11081182780.52133	0
11081216096.569193	0
11081249411.617054	0
11081282727.664917	0
11081316042.71278	0
11081349358.760643	0
11081382673.808504	0
11081415988.856367	0
11081449304.90423	0
11081482620.952093	0
11081515935.999954	0
11081549252.047817	0
11081582567.09568	0
11081615882.143541	0
11081649198.191404	0
11081682513.239267	1
11081715829.28713	0
11081749144.334991	0
11081782460.382854	0
11081815775.430717	0
11081849090.478579	0
11081882406.526442	0
11081915721.574305	0
11081949037.622168	1
11081982352.670029	1
11082148929.909342	0
11082182245.957205	0
11082215561.005066	0
11082248877.052929	0
11082282192.100792	0
11082315508.148655	0
11082348823.196516	0
11082382139.24438	0
11082415454.292242	0
11082448769.340103	0
11082482085.387966	0
11082515401.435831	0
11082548716.483692	0
11082582031.531553	0
11082615347.579418	0
11082648662.62728	0
11082681978.675142	0
11082715293.723003	0
11082748609.770868	0
11082781924.81873	0
11082815240.866592	0
11082848555.914455	0
11082881871.962318	0
11082915187.01018	1
11082948503.058043	0
11082981818.105906	0
11083015133.153767	0
11083048449.20163	0
11083081770.2495	1
11083115080.297356	0
11083148395.345217	0
11083181710.39308	0
11083215026.440943	0
11083248341.488804	0
11083281657.536667	0
11083314973.58453	0
11083348288.632393	0
11083381603.680254	0
11083414919.728117	0
11083448234.77598	0
11083481550.823843	0
11083514865.871704	1
11083548181.919567	0
11083581496.96743	0
11083614813.015293	0
11083648128.063154	0
11083681444.111017	0
11083714759.15888	0
11083748075.206743	0
11083781390.254604	0
11083814706.30247	0
11083848021.35033	0
11083881336.398191	0
11083914652.446056	1
11083947967.493917	0
11083981283.54178	0
11084014598.589642	0
11084047913.637505	0
11084081229.685368	0
11084114544.733229	0
11084147860.781094	0
11084181176.828957	0
11084214491.876818	0
11084247806.924679	0
11084281122.972544	1
11084314438.020405	0
11084347754.068268	0
11084381069.11613	0
11084414385.163994	0
11084447700.211855	0
11084481015.259716	0
11084514331.30758	0
11084547646.355442	0
11084580962.403305	0
11084614277.451168	0
11084647593.499031	0
11084680908.546892	0
11084714224.594755	0
11084747539.642618	0
11084780855.690481	0
11084814170.738342	1
11084847486.786205	0
11084880801.834068	0
11084914117.881931	0
11084947432.929792	0
11084980748.977655	0
11085014064.025518	0
11085047379.07338	0
11085080695.121243	0
11085114010.169106	0
11085147326.216969	0
11085180641.26483	0
11085213957.312693	0
11085247272.360556	0
11085280588.408419	0
11085313903.45628	0
11085347219.504145	0
11085380534.552006	0
11085580427.839182	0
11085613742.887043	0
11085647058.934906	0
11085680373.982769	0
11085713690.030632	0
11085747005.078493	0
11085780320.126354	0
11085813636.17422	0
11085846951.22208	0
11085880267.269943	0
11085913582.317806	0
11085946897.365667	0
11085980213.41353	0
11086013529.461393	0
11086046844.509256	0
11086080159.557117	0
11086113475.60498	0
11086146790.652843	0
11086180106.700706	0
11086213421.748568	0
11086246737.79643	0
11086280052.844294	0
11086313368.892157	0
11088512192.05108	0
11088545507.098944	0
11088578823.146807	0
11088612138.194668	0
11088645454.242533	0
11088678769.290394	1
11088712084.338255	0
11088745400.386118	0
11088778716.433983	0
11088812031.481844	0
11088845347.529707	0
11088878662.57757	0
11088911977.625431	0
11088945293.673294	0
11088978608.721157	0
11089011924.76902	0
11089045239.816881	0
11089078555.864744	2
11089111870.912607	0
11089145185.960468	0
11089178502.008331	0
11089211817.056194	0
11089245134.104057	0
11089278448.151918	1
11089311764.199781	2
11089345079.247644	0
11089378395.295507	0
11089411710.343369	0
11089445026.391232	0
11089478341.439095	0
11089511656.486956	0
11089544972.534819	0
11089578288.582682	0
11089611603.630545	0
11089644918.678406	0
11089678234.726269	0
11089711550.774132	0
11089744865.821995	0
11089778181.869858	0
11089811496.917719	0
11089844811.965582	0
11089878127.013443	0
11089911443.061306	0
11089944759.10917	0
11089978074.157032	0
11090011390.204895	0
11090044705.252756	0
11090078020.30062	0
11090111336.348482	0
11090144651.396343	0
11090177966.444206	0
11090211282.49207	0
11090244598.539932	0
11090277913.587793	0
11090311229.635658	0
11090344544.68352	0
11090377859.73138	0
11090411175.779245	0
11090444490.827106	0
11090477806.87497	0
11090511121.922832	0
11090544451.970715	0
11090577753.018557	1
11090611069.06642	0
11090644384.114283	0
11090677699.162144	0
11090711015.210007	0
11090744330.25787	0
11090777646.305733	0
11090810961.353594	0
11090844277.401457	0
11090877592.44932	0
11090910908.497183	0
11090944223.545044	0
11090977539.592907	0
11091010854.64077	1
11091044169.688631	0
11091077485.736494	0
11091110801.784357	0
11091144116.83222	0
11091177432.880083	0
11091210747.927944	0
11091244062.975807	0
11091277379.02367	0
11091310694.071531	0
11091344010.119394	0
11091377325.167257	0
11091410641.21512	4
11091443956.262981	0
11091477272.310846	0
11091510587.358707	0
11091543902.406569	0
11091577218.454432	1
11091610533.502295	0
11091643849.550158	0
11091677164.598019	0
11091710480.645884	0
11091743795.693745	0
11091777111.741608	0
11091810426.789469	0
11091843742.837334	0
11091877057.885195	0
11091910373.933058	0
11091943688.98092	0
11091977004.028782	0
11092010320.076645	0
11092043635.124506	0
11092076951.17237	0
11092110266.220232	0
11092143582.268095	0
11092176897.315958	0
11092210213.363821	0
11092243528.411682	0
11092276843.459545	0
11092310159.507408	0
11092343475.555271	0
11092376790.603132	0
11092410105.650995	0
11092443421.698858	0
11092476736.74672	0
11092510052.794582	0
11092543367.842445	0
11092576683.890308	0
11092609998.93817	0
11092643313.986032	0
11092676630.033895	0
11092709946.081758	2
11092743261.12962	0
11092776576.177483	0
11092809892.225346	0
11092843207.273207	0
11092876523.32107	0
11092909838.368933	0
11092943154.416796	0
11092976469.464657	0
11093009784.51252	1
11093043100.560383	0
11093076416.608246	0
11093109731.656107	1
11093143046.70397	0
11093176362.751833	0
11093209677.799694	3
11093242993.847559	0
11093276309.895422	0
11093309624.943283	0
11093342939.991144	1
11093376255.039007	0
11093409571.08687	0
11093442887.134733	0
11093476202.182596	0
11093509518.23046	0
11093542833.27832	0
11093576149.326183	0
11093609464.374046	0
11093642779.421907	1
11093676095.46977	0
11093709410.517633	0
11093742725.565495	0
11093776041.613358	0
11093809357.66122	0
11093842672.709084	0
11093875987.756945	0
11093909303.804808	0
11093942618.85267	0
11093975934.900534	0
11094009249.948395	0
11094042565.996258	0
11094075881.04412	0
11094109197.091984	0
11094142512.139845	0
11094175828.187708	0
11094209143.23557	0
11094242458.283432	0
11094275774.331295	0
11094309089.379158	0
11094342404.42702	0
11094375720.474882	0
11094409036.522745	0
11094442351.570608	0
11094475667.618471	0
11094508982.666332	0
11094542297.714195	0
11094575613.762058	0
11094608928.80992	0
11094642244.857782	0
11094675560.905647	0
11094708875.953508	0
11094742192.001371	0
11094775508.049234	0
11094808822.097095	0
11094842138.144958	0
11094875453.19282	0
11094908769.240685	0
11094942084.288546	0
11094975400.336409	0
11095008715.384272	0
11095042030.432133	0
11095075346.479996	0
11095108661.527857	0
11095141977.575722	0
11095175292.623583	0
11095208608.671446	0
11095241923.719309	0
11095275239.767172	0
11095308554.815033	0
11095341870.862896	0
11095375185.910759	0
11095408500.95862	0
11095441817.006483	0
11095475132.054346	0
11095508448.10221	0
11095541763.15007	0
11095575079.197933	0
11095608394.245796	0
11095641710.29366	1
11095675025.34152	0
11095708341.389383	0
11095741656.437246	1
11095774972.48511	0
11095808287.53297	0
11095841603.580833	0
11095874918.628696	0
11095908233.676558	0
11095941549.72442	0
11095974864.772284	0
11096008180.820147	0
11096041495.868008	0
11096074810.91587	0
11096108126.963734	0
11096141443.011597	0
11096174758.059458	0
11096208073.10732	0
11096241389.155184	0
11096274704.203045	0
11096308020.250908	0
11096341335.29877	0
11096374651.346634	0
11096407966.394495	0
11096441281.442358	0
11096474597.490221	0
11096507913.538084	0
11096541228.585947	0
11096574543.633808	0
11096607859.681671	0
11096641174.729532	0
11096674490.777397	0
11096707805.825258	0
11096741121.873121	0
11096774436.920984	0
11096807752.968847	0
11096841068.016708	0
11096874383.06457	0
11096907699.112434	0
11096941014.160295	0
11096974330.208158	0
11097007646.256021	0
11097040961.303885	0
11097074276.351746	0
11097107592.399609	0
11097140907.447472	0
11097174222.495333	0
11097207540.5432	0
11097240853.591059	0
11097274169.638922	0
11097307485.686785	0
11097340800.734646	0
11097374115.782509	0
11097407431.830372	0
11097440746.878233	0
11097474062.926096	0
11097507377.973959	0
11097540694.021822	0
11097574009.069683	0
11097607325.117546	0
11097640640.16541	0
11097673956.213272	0
11097707271.261133	0
11097740586.308996	2
11097773902.35686	0
11097807217.40472	0
11097840533.452583	0
11097873848.500446	0
11097907164.54831	0
11097940479.59617	0
11097973795.644035	0
11098007110.691896	0
11098040426.73976	0
11098073741.78762	0
11098107056.835484	0
11098140372.883347	0
11098173687.931208	0
11098207003.979073	0
11098240319.026934	0
11098273635.074797	0
11098306950.12266	0
11098340266.170523	0
11098373581.218384	0
11098406897.266247	0
11098440212.31411	0
11098473528.361973	0
11098506843.409834	0
11098540158.457697	0
11098573474.50556	0
11098606789.553421	0
11098640105.601284	0
11098673420.649147	0
11098706735.697008	0
11098740051.744871	0
11098773367.792734	0
11098806682.840597	0
11098839997.888458	0
11098873313.936321	0
11098906628.984184	0
11098939945.032047	0
11098973260.079908	0
11099006575.127771	0
11099039891.175634	0
11099073207.223497	0
11099106522.271358	0
11099139838.319221	0
11099173153.367085	0
11099206469.414948	0
11099239784.462809	0
11099273099.510672	0
11099306415.558535	0
11099339730.606396	0
11099373046.654259	0
11099406361.702122	0
11099439677.749985	0
11099472992.797846	0
11099506308.84571	0
11099539623.893572	0
11099572938.941433	0
11099606254.989296	0
11099639570.037159	0
11099672886.085022	0
11099706202.132885	0
11099739517.180748	0
11099772832.22861	0
11099806148.276472	0
11099839463.324335	0
11099872779.372198	0
11099906094.42006	0
11099939410.467922	0
11099972725.515785	0
11100006040.563646	0
11100039356.61151	0
11100072672.659372	0
11100105987.707235	0
11100139302.755096	0
11100172618.80296	0
11100205933.850822	0
11100239249.898685	0
11100272564.946547	0
11100305880.99441	0
11100339196.042273	0
11100372512.090136	0
11100405827.137997	0
11100439142.18586	0
11100472459.233725	0
11100505773.281584	0
11100539089.329447	0
11100572404.37731	0
11100605720.425173	0
11100639035.473034	0
11100672351.520897	0
11100705666.56876	0
11100738982.616623	0
11100772297.664484	0
11100805613.712349	0
11100838928.76021	0
11100872243.808071	0
11100905559.855934	0
11100938874.903797	0
11100972190.95166	0
11101005505.999521	0
11101038822.047386	0
11101072137.095247	0
11101105452.143108	0
11101138768.190971	0
11101172084.238836	0
11101205399.286697	0
11101238714.334558	0
11101272030.382423	0
11101305345.430285	0
11101338661.478148	0
11101371976.526009	0
11101405292.573874	0
11101438607.621735	0
11101471922.669596	0
11101505238.71746	0
11101538553.765322	0
11101571869.813185	0
11101605184.861048	0
11101638500.90891	0
11101671815.956772	0
11101705132.004635	0
11101738447.052498	0
11101771762.100359	2
11101805078.148222	0
11101838393.196085	0
11101871709.243948	0
11101905025.291811	0
11101938340.339672	0
11101971655.387535	0
11102004971.435398	0
11102038286.48326	0
11102071602.531122	0
11102104917.578985	0
11102138233.626848	0
11102171548.67471	0
11102204864.722572	0
11102238179.770435	0
11102271494.818296	0
11102304810.86616	0
11102338125.914022	0
11102371441.961885	0
11102404757.009747	0
11102438073.05761	0
11102471388.105473	0
11102504704.153336	0
11102538019.201197	0
11102571335.249062	0
11102604650.296923	0
11102637965.344784	0
11102671281.392647	0
11102704596.44051	0
11102737912.488373	0
11102771227.536234	0
11102804543.584099	0
11102837858.63196	0
11102871174.679823	0
11102904489.727684	0
11102937805.775549	0
11102971120.82341	0
11103004436.871273	0
11103037751.919136	0
11103071067.967	0
11103104383.01486	0
11103137699.062723	0
11103171014.110586	0
11103204329.158447	0
11103237645.20631	0
11103270960.254173	0
11103304276.302036	0
11103337591.349897	0
11103370907.39776	0
11103404222.445623	0
11103437537.493484	0
11103470853.541348	0
11103504168.58921	0
11103537484.637074	0
11103570799.684935	0
11103604115.732798	0
11103637431.78066	0
11103670746.828524	0
11103704061.876385	0
11103737377.924248	0
11103770692.97211	0
11103804009.019974	0
11103837324.067835	0
11103870639.115698	0
11103903955.16356	0
11103937270.211422	0
11103970586.259285	0
11104003901.307148	0
11104037217.355011	0
11104070532.402872	0
11104103848.450735	0
11104137163.498598	0
11104170479.546461	0
11104203794.594322	0
11104237109.642185	0
11104270425.690048	0
11104303740.73791	0
11104337056.785774	0
11104370371.833635	0
11104403687.881498	0
11104437002.92936	0
11104470317.977222	0
11104503634.025085	0
11104536949.072947	0
11104570265.120811	0
11104603580.168673	0
11104636896.216536	0
11104670211.264397	0
11104703527.312262	0
11104736842.360123	0
11104770158.407986	0
11104803473.455849	0
11104836789.503712	0
11104870104.551573	0
11104903420.599436	0
11104936735.647299	0
11104970051.695162	0
11105003366.743023	0
11105036681.790886	0
11105069997.838749	0
11105103312.88661	0
11105136628.934473	0
11105169943.982336	0
11105203260.0302	0
11105236575.07806	0
11105269891.125923	0
11105303206.173786	0
11105336521.221647	0
11105369837.26951	0
11105403152.317373	0
11105436468.365236	0
11105469783.413097	0
11105503099.46096	0
11105536414.508823	0
11105569730.556686	0
11105603045.604548	0
11105636361.65241	0
11105669676.700274	0
11105702992.748137	0
11105736307.795998	0
11105769622.84386	0
11105802938.891724	0
11105836253.939585	0
11105869569.98745	0
11105902886.035313	0
11105936201.083174	0
11105969516.131035	0
11106002832.1789	0
11106036147.22676	0
11106069463.274624	0
11106102778.322487	0
11106136093.370348	0
11106169409.418211	0
11106202724.466072	0
11106236040.513937	0
11106269355.561798	0
11106302671.609661	0
11106335986.657524	0
11106369302.705387	0
11106402617.753248	0
11106435932.80111	0
11106469248.848974	0
11106502564.896837	1
11106535879.944698	0
11106569194.992561	0
11106602511.040424	0
11106635826.088285	0
11106669143.13615	0
11106702457.184011	0
11106735773.231874	0
11106769088.279736	0
11106802404.327599	0
11106835719.375462	0
11106869035.423325	0
11106902350.471186	0
11106935665.519049	0
11106968981.566912	0
11107002296.614773	0
11107035612.662636	0
11107068934.710508	0
11107102243.758362	0
11107135558.806223	0
11107168873.854086	1
11107202189.901949	0
11107235505.949812	0
11107268820.997673	0
11107302137.045538	0
11107335452.0934	0
11107368767.14126	0
11107402085.189127	0
11107435398.236986	0
11107468714.28485	0
11107502029.33271	0
11107535345.380575	0
11107568660.428436	0
11107601975.476297	1
11107635291.524162	0
11107668606.572023	1
11107701922.619886	0
11107735237.667747	0
11107768553.715612	0
11107801868.763474	0
11107835184.811337	0
11107868499.8592	0
11107901815.907063	0
11107935130.954924	0
11107968446.002785	0
11108001762.05065	0
11108035077.09851	0
11108068393.146374	0
11108101708.194237	0
11108135024.2421	0
11108168339.28996	1
11108201655.337824	0
11108234970.385687	0
11108268285.433548	0
11108301601.481411	0
11108334917.529274	0
11108368232.577137	0
11108401547.624998	0
11108434863.672861	0
11108468178.720724	0
11108501494.768587	0
11108534809.816448	0
11108568125.864311	0
11108601440.912174	0
11108634755.960035	0
11108668072.007898	0
11108701388.055761	0
11108734703.103624	0
11108768019.151487	0
11108801334.199348	0
11108834649.247211	0
11108867965.295074	0
11108901280.342936	0
11108934597.3908	0
11108967911.438662	0
11109001227.486525	0
11109034542.534386	0
11109067858.58225	0
11109101173.630112	0
11109134489.677975	0
11109167804.725838	1
11109201119.773699	0
11109234435.821562	0
11109267750.869423	0
11109301066.917288	0
11109334382.96515	0
11109367698.013012	0
11109401013.060875	0
11109434329.108738	0
11109467644.156599	0
11109500960.204462	0
11109534275.252325	0
11109567590.300186	0
11109600906.34805	0
11109634221.395912	0
11109667537.443775	0
11109700853.491638	0
11109734168.5395	0
11109767483.587362	0
11109800799.635225	0
11109834115.683088	0
11109867429.73095	0
11109900745.778812	0
11109934060.826674	0
11109967376.874537	0
11110000691.9224	0
11110034007.970263	0
11110067323.018124	0
11110100639.065987	0
11110133954.11385	0
11110167270.161713	0
11110200585.209574	0
11110233901.257437	0
11110267216.3053	0
11110300531.35316	0
11110333847.401024	0
11110367162.448887	0
11110400478.49675	0
11110433793.544611	0
11110467109.592474	0
11110500424.640337	0
11110533740.6882	0
11110567055.736061	0
11110600370.783924	0
11110633686.831787	0
11110667001.879648	0
11110700317.927511	0
11110733632.975374	0
11110766949.023237	0
11110800264.071098	1
11110833580.118963	1
11110866895.166824	0
11110900211.214687	0
11110933526.26255	3
11110966842.310413	0
11111000157.358274	0
11111033472.406136	0
11111066788.454	3
11111100104.501863	1
11111133419.549725	0
11111166735.597588	0
11111200050.64545	3
11111233365.693312	1
11111266681.741175	0
11111299996.789038	1
11111333312.8369	1
11111366627.884762	0
11111399943.932625	0
11111433258.980488	0
11111466574.028349	3
11111499890.076212	1
11111533205.124075	0
11111566521.171938	0
11111599836.219799	1
11111633152.267662	1
11111666467.315525	0
11111699783.363388	0
11111733098.41125	0
11111766414.459112	0
11111799729.506975	0
11111833044.554836	0
11111866360.6027	0
11111899675.650562	0
11111932991.698425	2
11111966306.746286	0
11111999622.79415	0
11112032937.842012	0
11112066253.889875	0
11112099568.937737	1
11112132883.9856	0
11112166200.033463	0
11112199515.081324	1
11112232831.129187	0
11112266146.17705	0
11112299462.224913	0
11112332777.272774	0
11112366093.320639	0
11112399408.3685	0
11112432723.41636	1
11112466039.464224	0
11112499355.512089	0
11112532670.55995	0
11112565985.607811	0
11112599301.655676	0
11112632616.703537	0
11112665932.7514	1
11112699247.799263	1
11112732563.847126	1
11112765878.894987	0
11112799194.94285	0
11112832509.990713	0
11112865826.038576	0
11112899141.086437	0
11112932456.1343	0
11112965772.182163	0
11112999087.230024	0
11113032403.277887	1
11113065718.32575	0
11113099034.373613	0
11113132349.421474	0
11113165665.469337	0
11113198980.5172	0
11113232296.565063	0
11113265611.612925	1
11113298926.660788	0
11113332242.70865	0
11113365558.756514	0
11113398873.804375	0
11113432188.852238	0
11113465504.9001	0
11113498819.947962	2
11113532135.995825	0
11113565451.043688	3
11113598767.09155	0
11113632082.139412	0
11113665398.187277	2
11113698713.235138	0
11113732028.282999	0
11113765344.330862	0
11113798660.378727	0
11113831975.426588	0
11113865290.47445	0
11113898606.522314	0
11113931921.570175	0
11113965237.618038	0
11113998552.6659	0
11114031867.713762	0
11114065183.761625	0
11114098498.809486	0
11114131814.857351	1
11114165129.905212	0
11114198445.953075	0
11114231761.000938	2
11114265077.048801	0
11114298392.096663	0
11114331708.144526	0
11114365023.192389	0
11114398338.24025	0
11114431654.288113	0
11114464970.335976	0
11114498285.383839	0
11114531600.4317	0
11114564916.479563	0
11114598231.527426	0
11114631547.575289	0
11114664862.62315	0
11114698178.671013	0
11114731493.718876	0
11114764809.766739	0
11114798124.8146	0
11114831439.862463	0
11114864755.910326	0
11114898070.958187	0
11114931387.00605	0
11114964702.053913	0
11114998018.101776	0
11115031333.149637	0
11115064649.1975	0
11115097964.245363	0
11115131280.293226	0
11115164595.341087	0
11115197910.38895	0
11115231226.436813	0
11115264541.484674	0
11115297857.532537	0
11115331173.580402	1
11115364488.628263	0
11115397803.676125	0
11115431119.72399	0
11115464434.77185	1
11115497750.819714	1
11115531065.867575	0
11115564380.915438	0
11115597696.9633	3
11115631012.011162	1
11115664328.059027	0
11115697644.10689	0
11115730959.15475	1
11115764274.202612	0
11115797589.250475	0
11115830905.298338	0
11115864221.3462	0
11115897536.394064	0
11115930851.441925	0
11115964167.489788	0
11115997482.537651	0
11116030798.585514	0
11116064113.633375	0
11116097429.681238	0
11116130744.729101	0
11116164060.776964	0
11116197375.824825	0
11116230691.872688	0
11116264006.920551	0
11116297321.968412	0
11116330638.016275	0
11116363953.064138	0
11116397269.112001	1
11116430584.159863	2
11116463900.207726	0
11116497215.255589	0
11116530531.303452	1
11116563846.351313	1
11116597162.399176	0
11116630477.447039	0
11116663793.494902	0
11116697108.542763	0
11116730423.590626	0
11116763739.638489	0
11116797054.68635	0
11116830370.734213	0
11116863685.782076	0
11116897000.829937	0
11116930317.877802	0
11116963632.925665	1
11116996947.973526	0
11117030263.021387	0
11117063579.06925	0
11117096894.117113	0
11117130210.164976	0
11117163525.212837	0
11117196841.260702	0
11117230157.308565	0
11117263472.356426	0
11117296787.404287	2
11117330103.452152	0
11117363418.500013	0
11117396734.547876	0
11117430049.59574	1
11117463365.643602	0
11117496681.691465	0
11117529995.739326	1
11117563311.78719	0
11117596626.83505	2
11117629942.882914	2
11117663257.930777	0
11117696573.97864	2
11117729889.0265	0
11117763205.074364	3
11117796520.122227	1
11117829835.170088	1
11117863151.21795	1
11117896466.265814	3
11117929782.313677	1
11117963097.361538	1
11117996413.4094	0
11118029728.457264	0
11118063044.505127	3
11118096359.552988	0
11118129675.600851	0
11118162990.648714	0
11118196306.696577	0
11118229621.744438	0
11118262937.792301	0
11118296252.840164	3
11118329567.888025	0
11118362883.935888	0
11118396198.983751	0
11118429515.031614	0
11118462830.079475	2
11118496146.12734	1
11118529461.175201	0
11118562777.223064	0
11118596092.270926	0
11118629407.318789	0
11118662723.366652	0
11118696038.414513	1
11118729354.462378	0
11118762669.510239	2
11118795985.558102	1
11118829300.605963	3
11118862616.653828	0
11118895931.701689	0
11118929246.74955	0
11118962562.797415	2
11118995877.845276	0
11119029193.893139	0
11119062508.941	0
11119095824.988865	0
11119129141.036728	0
11119162456.084589	0
11119195771.132452	0
11119229086.180313	0
11119262402.228176	0
11119295718.27604	0
11119329033.323902	0
11119362349.371765	0
11119395664.419626	0
11119428979.46749	1
11119462295.515352	0
11119495610.563213	0
11119528926.611076	0
11119562241.65894	1
11119595556.7068	0
11119628872.754663	0
11119662188.802526	1
11119695503.85039	1
11119728818.89825	0
11119762134.946114	0
11119795450.993977	0
11119828766.04184	0
11119862081.0897	0
11119895397.137564	0
11119928712.185427	0
11119962028.23329	0
11119995343.28115	0
11120028658.329014	0
11120061985.376892	0
11120095289.424738	0
11120128605.4726	0
11120161921.520466	0
11120195236.568327	1
11120228551.616188	0
11120261867.664053	0
11120295182.711914	0
11120328498.759777	0
11120361813.807638	0
11120395128.855501	0
11120428444.903364	0
11120461759.951225	0
11120495075.99909	0
11120528391.046951	0
11120561707.094814	0
11120595023.142677	1
11120628338.19054	0
11120661653.238401	0
11120694969.286264	0
11120728284.334127	2
11120761599.381989	0
11120794915.429852	0
11120828230.477715	0
11120861546.525578	0
11120894861.573439	0
11120928177.621302	0
11120961492.669165	0
11120994808.717028	0
11121028123.764889	0
11121061439.812752	0
11121094754.860615	0
11121128070.908478	0
11121161385.956339	0
11121194702.004202	0
11121228017.052065	0
11121261332.099926	0
11121294648.147789	0
11121327963.195652	0
11121361279.243515	0
11121394594.291376	0
11122427374.775114	0
11122460690.822977	0
11122494005.87084	0
11122527321.918703	0
11122560636.966564	2
11122593953.014427	0
11122627268.06229	0
11122660584.110153	0
11122693899.158014	0
11122727215.205877	0
11122760530.25374	2
11122793846.301603	1
11122827161.349464	1
11122860476.397327	0
11122893792.44519	1
11122927108.493053	0
11122960423.540915	1
11122993738.588778	2
11123027054.63664	0
11123060369.684502	0
11123093684.732365	1
11123127000.780228	1
11123160315.828089	0
11123193631.875952	0
11123226946.923815	0
11123260262.971678	2
11123293578.019539	1
11123326894.067402	1
11123360209.115265	2
11123393525.163128	0
11123426840.210989	0
11123460155.258852	0
11123493471.306715	0
11123526786.354576	0
11123560102.402441	0
11123593417.450302	1
11123626733.498165	1
11123660048.546026	0
11123693364.593891	0
11123726679.641752	0
11123759995.689615	0
11123793310.737478	0
11123826625.78534	0
11123859941.833202	1
11123893256.881063	0
11123926572.928928	0
11123959887.97679	2
11123993204.024652	0
11124026519.072515	0
11124059834.120377	0
11124093150.16824	1
11124126466.216103	0
11124159781.263966	0
11124193096.311827	2
11124226412.35969	0
11124259727.407553	0
11124293043.455416	0
11124326358.503277	1
11124359674.55114	1
11124392989.599003	0
11124426305.646866	0
11124459620.694727	2
11124492935.74259	1
11124526251.790453	0
11124559567.838316	0
11124592882.886177	1
11124626197.93404	1
11124659513.981903	0
11124692829.029764	0
11124726145.077627	1
11124759460.12549	0
11124792776.173353	0
11124826091.221214	0
11124859407.269077	0
11124892722.31694	0
11124926037.364801	0
11124959353.412664	0
11124992668.460527	0
11125025984.50839	0
11125059299.556252	0
11125092615.604115	0
11125125930.651978	0
11125159246.69984	0
11125192561.747702	0
11125225877.795567	0
11125259192.843428	0
11125292508.89129	1
11125325823.939154	1
11125359139.987017	1
11125392455.034878	0
11125425770.082739	0
11125459086.130604	0
11125492401.178465	0
11125525717.226328	0
11125559032.27419	0
11125592348.322054	0
11125625663.369915	0
11125658978.417776	0
11125692295.465641	0
11125725610.513504	0
11125758925.561365	0
11125792240.609228	0
11125825556.657091	0
11125858872.704954	0
11125892187.752815	0
11125925502.800678	2
11125958818.848541	1
11125992133.896402	0
11126025449.944265	0
11126058764.992128	0
11126092081.039991	0
11126125396.087852	0
11126158711.135715	0
11126192027.183578	0
11126225342.23144	0
11126258658.279303	0
11126291973.327166	0
11126325289.375029	0
11126358604.42289	0
11126391920.470753	0
11126425235.518616	1
11126458550.566477	1
11126491866.61434	0
11126525181.662203	1
11126558497.710066	0
11126591812.757927	0
11126625128.80579	1
11126658443.853653	0
11126691759.901516	2
11126725075.949379	0
11126758389.99724	1
11126791706.045103	0
11126825021.092964	0
11126858337.14083	2
11126891653.188692	0
11126924968.236553	0
11126958283.284414	0
11126991599.33228	0
11127024914.38014	0
11127058229.428001	0
11127091545.475866	0
11127124861.52373	0
11127158176.57159	0
11127191492.619453	0
11127224807.667316	1
11127258123.71518	1
11127291438.76304	0
11127324753.810904	1
11127358069.858767	0
11127391384.906628	0
11127424700.95449	1
11127458016.002354	0
11127491332.050217	0
11127524647.098078	0
11127557963.14594	1
11127591278.193804	2
11127624593.241665	0
11127657909.289528	0
11127691225.33739	0
11127724540.385254	0
11127757855.433115	0
11127791171.480978	0
11127824486.528841	0
11127857802.576704	1
11127891117.624565	0
11127924433.672428	0
11127957748.720291	0
11127991064.768154	0
11128024379.816015	0
11128057694.863878	0
11128091010.911741	0
11128124325.959602	0
11128157642.007465	0
11128190957.055328	0
11128224273.103191	0
11128257588.151052	0
11128290903.198915	0
11128324220.24678	0
11128357534.29464	1
11128390850.342503	0
11128424165.390366	0
11128457481.438229	0
11128490796.48609	0
11128524112.533955	1
11128557427.581816	0
11128590742.629677	0
11128624058.677542	0
11128657374.725405	0
11128690689.773266	0
11128724005.821129	0
11128757320.868992	0
11128790635.916853	0
11128823951.964716	0
11128857267.012579	0
11128890583.060442	0
11128923898.108303	0
11128957214.156166	0
11128990529.20403	1
11129023844.25189	2
11129057160.299753	0
11129090475.347616	0
11129123791.39548	0
11129157106.44334	0
11129190422.491203	0
11129223737.539066	1
11129257053.58693	0
11129290368.63479	0
11129323684.682653	0
11129356999.730516	1
11129390314.778378	1
11129423630.82624	0
11129456945.874104	0
11129490261.921967	1
11129523576.969828	0
11129556893.01769	0
11129590208.065554	0
11129623524.113417	1
11129656840.16128	0
11129690154.20914	0
11129723470.257004	0
11129756786.304867	0
11129790101.352728	0
11129823417.400593	0
11129856732.448454	0
11129890047.496315	0
11129923363.544178	1
11129956678.592041	0
11129989994.639904	0
11130023309.687765	1
11130056625.73563	2
11130089940.783491	0
11130123256.831354	0
11130156571.879217	0
11130189887.92708	1
11130223202.974941	1
11130256518.022802	0
11130289834.070667	0
11130323149.118528	0
11130356465.166391	0
11130389780.214254	0
11130423096.262117	0
11130456411.309978	0
11130489726.35784	0
11130523043.405704	0
11130556357.453566	0
11130589673.501429	0
11130622988.549292	0
11130656304.597155	2
11130689619.645016	0
11130722935.692879	0
11130756250.740742	2
11130789566.788605	0
11130822881.836466	0
11130856197.884329	0
11130889512.932192	0
11130922828.980055	0
11130956144.027916	0
11130989460.075779	0
11131022775.123642	0
11131056091.171505	0
11131089406.219366	0
11131122721.26723	0
11131156037.315092	0
11131189352.362953	0
11131222668.410816	0
11131255983.45868	0
11131289298.50654	0
11131322614.554403	0
11131355929.602266	0
11131389245.65013	0
11131422560.69799	0
11131455876.745853	0
11131489191.793716	0
11131522507.84158	0
11131555822.88944	0
11131589138.937305	0
11131622453.985167	0
11131655770.03303	0
11131689085.08089	0
11131722400.128754	0
11131755716.176617	0
11131789032.22448	1
11131822347.272343	2
11131855663.320206	0
11131888978.368067	0
11131922293.41593	2
11131955609.463793	2
11131988924.511654	0
11132022240.559517	2
11132055555.60738	0
11132088871.655243	2
11132122186.703104	1
11132155502.750967	0
11132188817.79883	1
11132222132.846691	3
11132255448.894554	0
11132288763.942417	0
11132322079.99028	0
11132355395.038141	3
11132388711.086004	0
11132422027.133867	0
11132455342.18173	3
11132488657.229591	1
11132521972.277454	0
11132555288.325317	0
11132588603.373178	0
11132621919.421041	2
11132655234.468904	1
11132688550.516768	0
11132721865.564629	0
11132755181.612492	1
11132788496.660355	0
11132821812.708218	0
11132855127.756079	0
11132888443.803944	1
11132921758.851805	0
11132955073.899666	0
11132988389.947529	0
11133021704.995392	1
11133055021.043255	0
11133088336.091116	0
11133121652.13898	0
11133154967.186842	0
11133188282.234703	0
11133221598.282566	0
11133254913.33043	0
11133288230.378294	0
11133321544.426153	0
11133354860.474018	0
11133388176.521881	0
11133421491.569742	0
11133454806.617603	0
11133488122.665468	0
11133521437.71333	0
11133554753.761192	0
11133588068.809055	0
11133621383.856916	0
11133654699.90478	0
11133688014.952642	0
11133721331.000505	0
11133754646.048367	0
11133787962.09623	0
11133821277.144093	0
11133854593.191956	0
11133887908.239817	0
11133921224.28768	0
11133954539.335543	0
11133987854.383404	0
11134021170.431267	0
11134054485.47913	1
11134087801.526993	0
11134121117.574856	0
11134154432.622717	0
11134187747.67058	1
11134221063.718443	0
11134254378.766304	0
11134287694.814167	0
11134321010.862032	0
11134354325.909893	0
11134387640.957754	0
11134420956.005617	0
11134454272.05348	0
11134487587.101341	1
11134520903.149204	0
11134554218.197067	0
11134587534.24493	0
11134620849.292791	0
11134654165.340656	0
11134687480.388517	0
11134720796.43638	0
11134754111.484241	0
11134787426.532104	0
11134820742.579967	0
11134854057.627829	0
11134887373.675694	0
11134920688.723555	0
11134954004.771418	0
11134987319.819279	0
11135020635.867144	0
11135053950.915005	0
11135087266.962868	0
11135120582.01073	0
11135153897.058592	0
11135187213.106455	0
11135220528.154318	0
11135253844.20218	0
11135287159.250042	0
11135320475.297905	0
11135353790.345768	0
11135387106.393631	0
11135420421.441492	0
11135453737.489355	0
11135487052.537218	0
11135520368.585081	0
11135553683.632942	0
11135586999.680805	0
11135620314.728668	1
11135653630.776531	1
11135686945.824392	0
11135720260.872255	2
11135753575.920116	0
11135786891.96798	0
11135820208.015842	0
11135853523.063705	0
11135886839.111568	2
11135920154.15943	0
11135953469.207293	0
11135986785.255156	3
11136020100.303017	0
11136053416.35088	0
11136086731.398743	0
11136120047.446606	0
11136153362.494467	0
11136186678.542332	0
11136219994.590195	0
11136253309.638056	0
11136286624.685917	0
11136319940.733782	0
11136353255.781643	0
11136386570.829504	0
11136419886.877369	0
11136453201.92523	0
11136486517.973093	0
11136519833.020954	3
11136553149.068819	0
11136586464.11668	0
11136619779.164541	0
11136653095.212406	1
11136686410.260267	0
11136719726.30813	0
11136753041.355991	0
11136786357.403856	0
11136819672.451717	2
11136852988.49958	0
11136886303.547443	0
11136919619.595306	1
11136952934.643167	0
11136986249.69103	0
11137019565.738894	0
11137052880.786755	0
11137086196.834618	0
11137119511.88248	0
11137152830.930347	0
11137186142.978205	0
11137219459.026068	0
11137252775.07393	0
11137286090.121794	0
11137319405.169655	0
11137352721.217518	0
11137386036.26538	0
11137419351.313242	0
11137452667.361105	0
11137485982.408968	0
11137519298.456831	2
11137552613.504692	0
11137585929.552555	0
11137619244.600418	0
11137652560.648281	0
11137685875.696142	0
11137719191.744005	0
11137752506.791868	0
11137785821.83973	0
11137819137.887592	0
11137852452.935455	0
11137885768.983318	0
11137919084.03118	0
11137952400.079044	0
11137985715.126905	0
11138019031.174768	0
11138052346.22263	0
11138085661.270493	0
11138118977.318356	0
11138152292.366217	0
11138185608.414082	0
11138218923.461943	0
11138252239.509806	0
11138285555.557669	0
11138318869.60553	0
11138352185.653393	0
11138385501.701256	0
11138418816.749119	0
11138452131.79698	0
11138485447.844843	0
11138518762.892706	0
11138552078.940569	1
11138585393.98843	0
11138618710.036293	0
11138652025.084156	0
11138685341.132019	0
11138718656.17988	0
11138751972.227743	0
11138785287.275606	0
11138818603.32347	0
11138851918.37133	0
11138885233.419193	0
11138918549.467056	0
11138951864.514917	0
11138985180.56278	0
11139018495.610643	0
11139051811.658506	0
11139085126.706367	0
11139118442.75423	0
11139151757.802094	0
11139185072.849955	0
11139218388.897818	0
11139251704.94568	0
11139285019.993544	0
11139318335.041405	0
11139351651.089268	0
11139384966.13713	0
11139418282.184994	0
11139451597.232855	0
11139484913.28072	0
11139518228.32858	0
11139551543.376442	0
11139584859.424305	0
11139618175.47217	0
11139651490.520031	0
11139684805.567892	0
11139718121.615757	0
11139751436.663618	0
11139784752.711481	0
11139818067.759342	0
11139851383.807207	0
11139884698.855068	0
11139918014.902931	0
11139951329.950794	0
11139984645.998657	0
11140017961.046518	0
11140051276.09438	0
11140084592.142244	0
11140117907.190105	0
11140151223.237968	0
11140184538.285831	0
11140217853.333693	0
11140251169.381556	0
11140284484.429419	0
11140317800.477282	0
11140351115.525143	0
11140384431.573006	0
11140417746.620869	0
11140451062.668732	0
11140484377.716593	0
11140517693.764456	0
11140551012.812325	0
11140584324.860182	0
11140617639.908043	0
11140650955.955906	0
11140684271.003769	0
11140717587.051632	0
11140750902.099493	0
11140784217.147356	0
11140817533.195219	0
11140850848.24308	0
11140884164.290943	0
11140917479.338806	0
11140950795.38667	0
11140984110.43453	0
11141017425.482393	0
11141050741.530256	0
11141084056.578117	0
11141117372.62598	0
11141150688.673845	0
11141184003.721706	0
11141217318.769567	0
11141250634.817432	0
11141283949.865294	0
11141317265.913157	0
11141350580.961018	0
11141383897.008883	0
11141417212.056744	1
11141450528.104607	0
11141483843.15247	0
11141517159.200333	0
11141550474.248194	0
11141583789.296055	0
11141617105.34392	0
11141650420.39178	0
11141683736.439644	0
11141717051.487507	0
11141750367.53537	0
11141783682.583231	0
11141816997.631092	0
11141850313.678957	0
11141883628.726818	0
11141916944.774681	0
11141950260.822544	0
11141983575.870407	0
11142016890.918268	0
11142050206.966131	0
11142083522.013994	0
11142116838.061857	0
11142150153.109718	0
11142183469.157581	0
11142216784.205444	0
11142250099.253305	0
11142283415.301168	0
11142316730.349031	0
11142350046.396894	0
11142383361.444756	0
11142416677.492619	0
11142449992.540482	0
11142483308.588345	0
11142516623.636206	0
11142549938.684069	0
11142583254.731932	0
11142616570.779795	0
11142649885.827656	0
11142683200.875519	0
11142716516.923382	0
11142749831.971243	0
11142783148.019106	0
11142816463.066969	0
11142849779.114832	0
11142883094.162693	0
11142916409.210556	0
11142949725.258419	0
11142983041.306282	0
11143016356.354145	0
11143049671.402006	0
11143082987.44987	0
11143116302.49773	0
11143149618.545595	0
11143182933.593456	0
11143216249.64132	0
11143249564.689182	0
11143282879.737043	0
11143316195.784906	0
11143349511.83277	0
11143382826.880632	0
11143416142.928495	0
11143449457.976357	0
11143482774.02422	0
11143516089.072083	0
11143549404.119944	0
11146847638.858332	0
11150479029.075346	0
11150512344.123207	0
11150545660.17107	0
11150578975.218933	0
11150612290.266794	0
11150645606.314657	0
11150678922.36252	0
11150712237.410383	0
11150745556.45825	0
11150778868.506107	0
11150812183.55397	0
11150845499.601833	0
11150878815.649696	0
11150912130.697557	0
11150945445.74542	0
11150978761.793283	0
11151012076.841145	0
11151045392.88901	0
11151078707.93687	0
11151112023.984734	0
11151145339.032597	0
11151178654.080458	0
11151211970.12832	0
11151245286.176184	0
11151278601.224047	0
11151311916.271908	0
11151345232.31977	0
11151378547.367634	0
11151411863.415497	0
11151445178.463358	0
11151478494.51122	0
11151511809.559084	0
11151545124.606945	0
11151578440.654808	0
11151611755.702671	0
11151645071.750534	0
11151678386.798395	0
11151711702.846258	0
11151745017.894121	0
11151778333.941984	0
11151811649.989847	0
11151844964.037708	0
11151878280.085571	0
11151911596.133434	0
11151944911.181295	0
11151978226.229158	0
11152011542.277021	0
11152044857.324883	0
11152078173.372746	0
11152111489.420609	0
11152144803.46847	0
11152178119.516333	0
11152211435.564196	0
11152244750.612059	0
11152278065.65992	0
11162972342.023785	0
11163005658.071648	0
11163038973.11951	0
11163072289.167374	0
11163105604.215235	0
11163138920.263098	0
11164238331.842562	0
11164271646.890423	0
11164304962.938286	0
11164338277.986147	0
11164371593.03401	0
11164404909.081873	0
11164438224.129734	0
11164471540.177599	0
11164504855.22546	0
11164538171.273323	0
11164571486.321186	0
11164604802.36905	0
11164638117.41691	0
11164671432.464771	0
11164704748.512636	0
11164738063.560497	0
11164771379.60836	0
11164804694.656223	0
11164838010.704086	0
11164871325.751947	0
11164904641.79981	0
11164937956.847673	0
11164971271.895535	0
11165004587.943398	0
11165037902.99126	0
11165071219.039124	0
11165104535.086987	0
11165137850.134848	0
11165171165.18271	0
11165204481.230574	0
11165237797.278437	0
11165271112.326298	0
11165304427.37416	0
11165337743.422024	0
11165371058.469885	0
11165404374.517748	0
11165437689.56561	0
11165471004.613472	0
11165504320.661335	0
11165537636.7092	0
11165570951.757061	0
11165604266.804922	0
11165637582.852785	0
11165670897.900648	0
11165704213.948511	0
11165737528.996372	0
11165770844.044235	0
11165804160.092098	0
11165837475.13996	0
11165870791.187822	0
11165904106.235685	0
11165937422.283548	0
11165970737.33141	0
11166004053.379274	0
11166037368.427135	0
11166070684.474998	0
11166104000.522861	0
11166137314.570723	0
11166170630.618586	0
11166203945.666447	0
11166237261.714312	0
11166270577.762175	0
11166303892.810036	0
11166337207.857899	0
11166370523.905762	0
11166403838.953623	0
11166437154.001484	0
11166470470.049349	0
11166503785.09721	0
11166537101.145073	0
11166570416.192936	0
11166603732.240799	0
11166637047.28866	0
11166670363.336523	0
11166703678.384386	0
11166736994.43225	0
11166770309.48011	0
11166803624.527973	0
11166836940.575836	0
11166870255.623697	0
11166903571.67156	0
11166936886.719423	0
11166970202.767286	0
11167003517.815147	0
11167036833.86301	0
11167070148.910873	0
11167103463.958735	0
11167136780.006598	0
11167170095.05446	0
11167203411.102324	0
11167236727.150187	0
11167270042.198048	0
11167303357.24591	0
11167336673.293774	0
11167369988.341635	0
11167403304.389498	0
11167436619.43736	0
11167469935.485224	0
11167503250.533085	0
11167536565.580948	0
11167569881.62881	0
11167603196.676672	0
11167636512.724535	0
11167669827.772398	0
11167703143.820261	0
11167736458.868122	0
11167769774.915987	1
11167803089.963848	1
11167836406.011711	0
11167869721.059574	0
11167903037.107437	0
11167936352.155298	0
11167969667.20316	0
11168002983.251024	0
11168036298.298885	0
11168069614.346748	0
11168102929.394611	0
11168136245.442474	0
11168169560.490335	0
11168202875.538197	1
11168236191.586061	0
11168269506.633923	0
11168302822.681786	0
11168336137.729649	0
11168369453.777512	0
11168402768.825373	0
11168436083.873234	0
11168469400.921099	0
11168502715.968962	0
11168536031.016823	0
11168569347.064686	0
11168602662.112549	0
11168635977.16041	0
11168669293.208273	0
11168702608.256136	0
11168735924.303999	0
11168769239.35186	0
11168802555.399723	0
11168835870.447586	0
11168869186.49545	0
11168902501.54331	0
11168935817.591173	0
11168969132.639036	0
11169002447.686897	0
11169035763.73476	0
11169069078.782623	0
11169102394.830486	0
11169135709.878347	0
11169169025.92621	0
11169202340.974073	0
11169235657.021936	0
11169268972.069798	0
11177564531.987562	0
11177597848.035425	0
11177631163.083286	1
11177664479.131151	0
11177764425.274736	0
11177797740.3226	0
11177831056.370462	0
11177864372.418325	0
11177897687.466188	0
11177931002.51405	0
11177964318.561913	0
11177997633.609776	0
11178030949.657639	0
11182928327.693424	0
11182961643.74129	0
11182994958.78915	0
11183028273.837011	0
11183061589.884876	0
11183094905.93274	0
11183128220.9806	0
11183161536.028461	0
11183194852.076326	0
11183228167.124187	0
11183261483.17205	0
11183294798.219913	0
11183328114.267776	0
11183361429.315638	0
11183394744.363499	0
11183428060.411364	0
11183461375.459225	0
11183494691.507088	0
11183528006.55495	0
11183561322.602814	0
11183594637.650675	0
11183627952.698538	0
11183661268.7464	0
11183694583.794262	0
11183727899.842125	0
11183761214.889988	0
11183794530.93785	0
11183827846.985714	0
11183861162.033575	0
11183894478.081438	0
11183927793.129301	0
11183961108.177162	0
11183994424.225025	0
11184027740.27289	0
11184061055.320751	0
11184094370.368612	0
11184127686.416475	0
11184161001.464338	0
11184194316.5122	0
11184227632.560062	0
11184260947.607925	0
11184294263.655788	0
11184327578.70365	0
11184360894.751513	0
11184394209.799376	0
11184494155.942963	0
11184527471.990826	0
11184560787.038687	0
11184594103.086552	0
11184627418.134413	0
11184660734.182276	0
11184694049.230137	0
11184727365.278002	0
11184993888.6609	0
11185027204.708763	0
11185060519.756626	0
11185093835.80449	0
11185127152.852354	0
11185160466.900213	0
11185193781.948076	0
11185227097.99594	0
11185260413.0438	0
11185293729.091663	1
11185327044.139526	0
11185360359.187387	0
11185393675.23525	0
11185426990.283113	0
11185460306.330976	0
11185493621.378838	0
11185526936.4267	0
11185560252.474564	0
11185593568.522427	0
11185626883.570288	0
11185660199.61815	0
11185693514.666014	0
11185726829.713875	0
11185760145.761738	0
11185793461.809603	0
11185826776.857464	0
11185860091.905325	0
11185893407.953188	0
11185926723.00105	0
11185960039.048914	0
11185993354.096775	0
11186026670.14464	0
11186059985.192501	0
11186093300.240362	0
11186126616.288225	2
11186159931.336088	0
11186193246.38395	0
11186226562.431812	0
11186259878.479677	0
11186293193.527538	0
11186326509.575401	0
11186359824.623264	0
11186393139.671125	0
11186426455.718988	0
11186459771.766851	0
11186493086.814714	0
11186526401.862576	1
11186559717.910439	0
11186593032.958302	0
11186626348.006163	0
11186659664.054026	0
11186692980.101889	0
11186726295.149752	0
11186759610.197613	0
11186792926.245476	0
11186826241.293339	0
11186859557.341202	0
11186892872.389063	0
11186926188.436926	0
11186959503.484789	0
11186992819.532652	0
11187026134.580513	0
11187059450.628376	0
11187092765.676239	0
11187126080.7241	0
11187159396.771963	0
11187192711.819826	0
11187226027.86769	2
11187259342.91555	0
11187292658.963413	0
11187325974.011276	0
11187359290.05914	0
11187392605.107	0
11187425920.154863	0
11187459236.202726	0
11187492551.250587	0
11187525867.29845	2
11187559182.346313	1
11187592498.394176	0
11187625813.442038	0
11187659128.4899	0
11187692444.537764	0
11187725760.585627	0
11187759075.633488	0
11187792390.68135	0
11187825706.729214	0
11187859021.777075	0
11187892337.82494	0
11187925652.8728	0
11187958968.920664	0
11187992283.968525	0
11188025600.01639	0
11188058915.06425	0
11188092231.112114	0
11188125546.159977	0
11188158861.207838	0
11188192177.255701	0
11188225492.303562	0
11188258808.351427	0
11188292123.399288	0
11188325439.447151	0
11188358754.495014	0
11188392070.542877	0
11188425385.590738	0
11188458700.6386	0
11188492016.686464	0
11188525331.734325	0
11188558647.782188	0
11188591963.830051	0
11188625278.877914	0
11188658593.925776	0
11188691909.973639	0
11188725226.021502	0
11188758540.069363	0
11188791856.117226	0
11188825172.165089	0
11188858487.212952	0
11188891803.260815	0
11188925118.308676	0
11188958433.356539	0
11188991749.404402	0
11189025065.452265	0
11189058380.500126	0
11189091695.547989	0
11189125011.595852	0
11189158326.643713	0
11189191642.691576	0
11189224957.739439	0
11189258272.7873	0
11189291588.835163	0
11189324903.883026	0
11189358219.93089	0
11189391534.97875	0
11189424851.026613	0
11189458166.074476	0
11189491482.12234	0
11189524797.1702	0
11189558113.218065	0
11189591428.265926	0
11189624744.31379	0
11189658059.361652	0
11189691374.409513	0
11189724690.457376	0
11189758006.50524	0
11189791320.5531	0
11189824636.600964	0
11189857951.648825	0
11189891267.69669	0
11189924583.744553	0
11189957898.792414	0
11189991213.840275	0
11190024529.88814	0
11190057844.936	0
11190091160.983864	0
11190124476.031727	0
11190157792.07959	1
11190191107.12745	0
11190224423.175314	0
11190257738.223177	0
11190291054.27104	0
11190324370.318903	0
11190357684.366764	0
11190391000.414627	0
11190424316.46249	0
11190457631.510351	0
11190490946.558214	1
11190524262.606077	0
11190557577.653938	0
11190590892.701801	0
11190624208.749664	0
11190657524.797527	0
11190690839.845388	0
11190724155.893251	0
11190757470.941114	0
11190790785.988976	0
11190824102.036839	0
11190857417.084702	0
11190890733.132565	0
11190924048.180426	0
11190957363.228289	0
11190990679.276152	0
11191023994.324013	1
11191057310.371876	1
11191090626.41974	0
11191123941.467602	0
11191157256.515463	0
11191190572.563328	0
11191223887.611189	0
11191257203.659052	0
11191290518.706913	0
11191323835.754778	0
11191357149.802639	0
11191390465.850502	0
11191423780.898365	0
11191457095.946226	0
11191490411.99409	0
11191523727.04195	0
11191557043.089815	0
11191590358.137676	0
11191623674.18554	0
11191656989.233402	0
11191690305.281265	0
11191723620.329126	0
11191756936.37699	0
11191790251.424852	0
11191823566.472713	0
11191856882.520576	0
11191890198.56844	0
11191923513.616302	0
11191956828.664164	0
11191990144.712027	0
11192023459.75989	0
11192056774.80775	0
11192090090.855614	0
11192123405.903477	0
11192156721.95134	0
11192190037.999203	0
11192223353.047064	0
11192256669.094927	0
11192289984.14279	0
11192323299.19065	0
11192356615.238514	0
11192389930.286377	0
11192423245.334238	0
11192456561.382101	0
11192489877.429964	0
11192523192.477827	0
11192556507.525688	0
11192589823.573551	0
11192623138.621414	0
11192656454.669277	0
11192689769.717138	0
11192723085.765001	0
11192756400.812864	0
11192789716.860727	0
11192823031.908588	0
11192856347.956453	0
11192889663.004314	0
11192922978.052176	0
11192956294.10004	0
11192989609.147902	0
11193022925.195765	0
11193056240.243626	0
11193089556.29149	0
11193122871.339352	0
11193156187.387215	0
11193189502.435078	0
11193222818.48294	0
11193256133.530802	0
11193289448.578663	0
11193322764.626528	0
11193356080.67439	0
11193389395.722252	0
11193422710.770115	0
11193456026.817978	0
11193489341.865839	0
11193522657.913702	0
11193555972.961565	0
11193589289.009428	0
11193622604.05729	0
11193655919.105152	0
11193689235.153015	0
11193722550.200876	0
11193755866.24874	0
11193789181.296602	0
11193822497.344465	0
11193855812.392326	0
11193889128.44019	0
11193922443.488052	0
11193955759.535915	0
11193989074.583776	0
11194022389.63164	0
11194055705.679502	0
11194089020.727364	0
11194122336.775227	0
11194155651.82309	0
11194188967.870953	0
11194222282.918814	0
11194255598.966677	0
11194288914.01454	0
11194322230.062403	0
11194355545.110264	0
11194388860.158127	0
11194422176.20599	0
11194455491.25385	0
11194488807.301714	0
11194522122.349577	0
11194555438.39744	0
11194588753.445301	0
11194622068.493164	0
11194655384.541027	0
11194688699.588888	0
11194722015.636753	0
11194755330.684614	0
11194788646.732477	0
11194821961.780338	0
11194855277.828203	0
11194888592.876064	0
11194921907.923925	0
11194955223.97179	0
11194988539.019651	0
11195021855.067514	0
11195055170.115376	0
11195088486.16324	0
11195121802.211103	0
11195155117.258965	0
11195188432.306828	0
11195221748.35469	0
11195255063.402552	0
11195288379.450415	0
11195321694.498278	0
11195355009.546139	0
11195388325.594002	0
11195421640.641865	0
11195454956.689728	0
11195488272.73759	0
11195521587.785452	0
11195554902.833315	0
11195588218.881178	0
11195621533.929039	0
11195654849.976902	0
11195688165.024765	0
11195721481.072628	0
11195754796.12049	0
11195788111.168352	0
11195821427.216215	0
11195854742.264076	0
11195888058.31194	0
11195921373.359802	0
11195954689.407665	0
11195988005.455528	0
11196021320.50339	0
11196054635.551252	0
11196087950.599113	0
11196121266.646976	0
11196154582.694841	0
11197220685.22645	0
11197253993.274302	0
11197287309.322165	0
11197320624.370028	0
11197520517.657202	0
11197553832.705065	0
11197587148.752928	0
11197620464.80079	0
11197653779.848652	0
11197687094.896515	0
11197720410.944378	0
11197753725.992239	0
11197787041.040102	0
11197820357.087965	0
11197853672.135826	0
11197886989.183691	0
11199819286.959715	0
11199852603.007578	0
11199885918.055439	0
11199919234.103304	0
11199952549.151165	0
11199985864.199026	0
11200019180.246891	0
11200052495.294752	0
11200085811.342615	0
11200119126.390476	0
11200152442.438341	0
11200185757.486202	0
11200219073.534065	0
11200252388.581928	0
11200285703.62979	0
11200319019.677652	0
11200352334.725515	0
11200385650.773378	0
11200418965.82124	0
11200452281.869102	0
11200485596.916965	0
11200518912.964828	0
11200552228.01269	0
11203717200.559628	0
11203750516.60749	0
11203783831.655354	0
11203817147.703217	0
11203850462.751078	0
11203883778.79894	0
11204350195.469015	0
11204383510.516878	0
11204416826.564741	0
11204450141.612602	0
11204483457.660465	0
11204516772.708328	0
11204550088.756191	0
11204583403.804052	0
11204616719.851917	0
11204650034.899778	0
11204683349.94764	0
11204716665.995502	0
11204749981.043365	0
11204783297.091228	0
11204816612.13909	0
11204849928.186954	0
11204883243.234816	0
11204916559.282679	0
11204949874.33054	0
11204983189.378403	0
11205016505.426266	0
11205049820.474127	0
11205083136.521992	0
11205116451.569853	0
11205149767.617716	0
11205183082.665577	0
11205216398.713442	0
11205249713.761303	0
11205283029.809166	0
11205316344.857029	0
11205349659.90489	0
11205382976.952755	0
11205416292.000616	0
11205449606.048477	0
11205482922.09634	0
11205516238.144203	1
11205549553.192066	0
11205582869.23993	0
11205616184.28779	0
11205649499.335653	0
11205682815.383516	0
11205716130.431377	0
11205749446.47924	0
11205782761.527103	3
11205816077.574966	0
11205849392.622828	0
11205882708.67069	0
11205916023.718554	0
11205949339.766417	0
11205982654.814278	0
11206015970.86214	1
11206049285.910004	1
11206082600.957865	0
11206115917.005728	0
11206149232.05359	0
11206182548.101454	0
11206215863.149315	0
11206249178.197178	0
11206282494.24504	0
11206315810.292904	0
11206349126.340767	0
11206382440.388628	0
11206415756.436491	0
11206449071.484352	0
11206482387.532215	0
11206515702.580078	0
11206549017.62794	0
11206582333.675802	0
11206615649.723667	0
11206648964.771528	0
11206682280.819391	0
11206715595.867252	0
11206748910.915115	0
11206782226.962978	0
11206815543.010841	0
11206848858.058704	0
11206882173.106565	0
11206915489.154428	0
11206948804.202291	0
11206982119.250153	0
11207015435.298016	0
11207048750.345877	0
11207082066.393742	0
11207115382.441605	2
11207148697.489466	1
11207182012.537329	0
11207215328.585192	0
11207248643.633053	0
11207281959.680916	0
11207315274.728779	0
11207348589.77664	0
11207381905.824503	0
11207415221.872366	1
11207448536.920229	1
11207481852.968092	2
11207515168.015953	0
11207548483.063816	0
11207581799.11168	0
11207615114.15954	0
11207648430.207403	0
11207681745.255266	0
11207715061.30313	0
11207748376.35099	0
11207781691.398853	0
11207815007.446716	0
11207848323.49458	0
11207881638.54244	0
11207914953.590303	0
11207948269.638166	0
11207981584.686028	0
11208014900.73389	0
11208048215.781754	0
11208081531.829617	0
11208114846.877478	0
11208148161.92534	0
11208181477.973204	0
11208214794.021067	0
11208248109.068928	0
11208281424.11679	0
11208314740.164654	0
11208348055.212515	0
11208381370.260378	0
11208414686.30824	0
11208448001.356102	0
11208481317.403965	2
11208514632.451828	0
11208547948.499691	0
11208581263.547552	0
11208614585.595425	0
11208647894.643278	0
11208681209.69114	0
11208714525.739004	0
11208747841.786867	0
11208781156.834728	1
11208814471.88259	1
11208847787.930454	0
11208881102.978315	0
11208914419.026178	0
11208947735.074041	0
11208981050.121904	0
11209014365.169765	0
11209047681.217628	0
11209080996.265491	0
11209114314.313356	0
11209147627.361216	0
11209180942.409079	2
11209214258.456942	0
11209247573.504803	0
11209280889.552666	0
11209314204.600529	0
11209347520.648392	0
11209380835.696253	0
11209414151.744116	1
11209447466.791979	1
11209480782.839842	0
11209514097.887703	0
11209547413.935566	0
11209580728.983429	0
11209614044.03129	0
11209647360.079153	0
11209680675.127016	0
11209713991.17488	1
11209747306.22274	0
11209780622.270603	0
11209813937.318466	0
11209847253.36633	0
11209880568.41419	0
11209913884.462055	0
11209947199.509916	0
11209980515.55778	0
11210013830.60564	0
11210047145.653503	0
11210080461.701366	0
11210113776.749228	0
11210147092.797092	0
11210180407.844954	0
11210213722.892815	0
11210247038.94068	0
11210280353.98854	0
11210513563.32358	0
11210546878.37144	0
11210580194.419304	0
11210613509.467167	0
11210646824.515028	0
11210880033.850067	0
11211213188.328691	0
11211246520.376577	1
11211279819.424416	0
11211313134.472279	0
11211346450.520142	0
11211379765.568003	0
11211413081.615866	0
11211446396.663729	0
11211479712.711592	1
11211513027.759453	0
11211546343.807316	0
11211579658.855179	0
11211612974.903042	0
11211646289.950903	0
11211679605.998768	0
11211712921.046629	0
11211746236.09449	1
11211779552.142353	0
11211812867.190216	0
11211846183.23808	0
11211879499.285942	0
11211912814.333805	0
11211946129.381666	0
11211979444.429527	0
11212012760.477392	0
11212046076.525255	0
11212079391.573116	0
11212112707.62098	0
11212146022.668842	0
11212179337.716703	0
11212212653.764566	0
11212245968.81243	0
11212279284.860292	0
11212312599.908154	0
11212345915.956017	0
11214678000.30639	0
11214711315.354254	0
11214744631.402117	0
11214777946.449978	0
11214811262.49784	0
11214844577.545704	0
11224639334.61728	0
11224672650.665142	1
11224705965.713005	3
11224739281.760868	0
11224772596.80873	0
11224805912.856592	0
11224839228.904455	0
11224872543.952318	0
11224905859.00018	1
11224939174.048042	2
11224972490.095905	0
11225005806.143768	0
11225039121.19163	0
11225072437.239492	0
11225105752.287355	0
11225139068.335218	0
11225172383.38308	1
11225205698.430943	1
11225239014.478806	1
11225272329.526667	0
11225305645.57453	1
11225338960.622393	0
11225372275.670254	0
11225405591.718117	1
11225438907.765982	1
11225472222.813843	0
11225505537.861704	0
11225538853.909567	1
11225572168.95743	0
11225605485.005293	0
11225638800.053154	0
11225672116.101019	0
11225705431.14888	0
11225738746.196741	0
11225772062.244604	0
11225805377.292467	0
11225838693.34033	0
11225872008.388191	0
11225905324.436056	0
11225938639.483917	0
11225971955.53178	0
11226005270.579643	1
11226038585.627504	0
11226071901.675367	0
11226105216.723228	0
11226138532.771093	2
11226171847.818954	0
11226205163.866817	0
11226238478.91468	0
11226271794.962543	0
11226305110.010405	0
11226338426.058268	0
11226371741.10613	0
11226405057.153994	0
11226438372.201855	1
11226471687.249718	0
11226505003.29758	0
11226538318.345442	0
11226571634.393305	0
11226604950.441168	0
11226638265.48903	0
11226671580.536892	0
11226704895.584755	0
11226738211.632618	0
11226771526.68048	0
11226804842.728342	0
11226838157.776205	0
11226871473.824068	1
11226904788.87193	1
11226938104.919792	0
11226971419.967655	0
11227004736.015518	0
11227038051.06338	0
11227071366.111242	0
11227104689.159115	0
11227137997.206966	2
11227171313.25483	0
11227204629.302694	0
11227237944.350555	0
11227271259.398417	0
11227304575.44628	0
11227337890.494143	0
11227371206.542006	1
11227404521.589867	0
11229270190.270168	0
11229303505.318031	0
11229336820.365892	0
11229370136.413755	0
11229403451.461617	0
11229436767.509481	0
11229470083.557344	0
11229503398.605206	0
11229536713.653069	0
11229570029.700932	0
11229603344.748793	0
11229636660.796656	0
11229903185.179556	0
11229936500.227419	0
11229969815.27528	0
11230003130.323143	0
11230036446.371006	0
11230636125.23253	0
11230669440.280392	0
11230702756.328255	0
11230736071.376118	0
11230769387.42398	0
11230802702.471842	0
11230836018.519705	0
11230869333.567568	0
11230902649.61543	0
11230935964.663292	0
11230969280.711157	0
11231002595.759018	0
11231035910.806879	0
11231069226.854744	0
11231102541.902605	0
11231135857.950468	0
11231169172.99833	0
11231202489.046194	1
11231235804.094055	0
11231269119.141916	0
11231302435.189781	0
11231335751.237644	0
11231369066.285505	0
11231402382.333368	0
11231435697.381231	0
11231469012.429092	0
11231502328.476955	0
11231535643.524818	0
11231568959.572681	0
11231602274.620543	0
11231635590.668406	0
11231668905.716269	0
11238965000.198156	0
11238998316.24602	0
11239031631.29388	0
11239064947.341743	0
11239098262.389606	0
11239131578.43747	0
11239164893.48533	0
11239198208.533194	0
11239231524.581057	0
11239264839.628918	0
11239298155.67678	0
11239331470.724644	0
11239364786.772507	0
11239398101.820368	0
11239431417.868233	1
11239464732.916094	0
11239498048.963957	0
11239531364.011818	0
11239564679.05968	0
11239597995.107544	0
11239631310.155405	0
11239664626.20327	0
11239697941.251131	0
11239731257.298994	0
11239764572.346855	0
11239797888.39472	0
11239831203.442581	1
11239864519.490444	0
11239897834.538307	0
11239931150.58617	1
11239964465.634031	3
11239997780.681894	0
11240031096.729757	0
11240064411.777618	0
11240097727.825481	0
11240131042.873344	0
11240164358.921207	0
11240197673.969069	0
11240230989.016932	0
11240264305.064795	0
11240297620.112656	2
11240330936.160519	1
11240364251.208382	0
11240397567.256245	0
11240430882.304106	0
11240464198.351969	1
11240497513.399832	0
11240530828.447693	0
11240564144.495556	0
11240597459.543419	0
11240630775.591282	0
11240664090.639143	0
11240697406.687006	0
11240730721.734869	0
11240764051.782751	0
11240797352.830593	0
11240830667.878456	0
11240863983.92632	0
11240897299.974182	1
11240930615.022043	0
11240963930.069906	0
11240997246.11777	0
11241030561.16563	0
11241063877.213493	0
11241097192.261356	0
11241130508.30922	0
11241163823.35708	1
11241197139.404945	0
11241230454.452806	0
11241263769.500668	0
11241297085.54853	1
11241330400.596394	0
11241363716.644257	0
11241397031.692118	0
11241430347.739983	0
11241463662.787844	0
11241496978.835707	0
11241530293.883568	0
11241563609.931433	0
11241596924.979294	0
11241630241.027157	0
11241663556.07502	0
11241696872.122883	0
11241730187.170744	0
11241763503.218607	1
11241796818.26647	0
11241830133.314331	0
11241863449.362194	0
11241896764.410057	0
11241930079.457918	0
11241963395.505781	1
11241996710.553644	0
11242030026.601507	0
11242063342.64937	0
11242096657.697231	1
11242129972.745094	0
11242163288.792957	0
11242196603.840818	0
11242229918.888681	0
11242263234.936544	0
11242296550.984407	0
11242329866.032269	0
11242363182.080132	0
11242396497.127995	0
11242429812.175856	0
11242463128.223719	0
11242496443.271582	0
11242529758.319443	0
11242563074.367306	0
11242596390.415169	1
11242629705.463032	0
11242663021.510895	0
11242696336.558756	0
11242729651.606619	0
11242762967.654482	0
11242796283.702345	0
11242829598.750206	0
11242862913.798069	0
11242896229.845932	0
11242929544.893793	0
11242962860.941658	0
11242996175.98952	0
11243029491.03738	0
11243062807.085243	0
11243096122.133106	0
11243129438.18097	0
11243162754.228832	0
11243196069.276695	0
11243229384.324556	0
11243262700.37242	0
11243296015.42028	0
11243329330.468143	0
11243362646.516006	0
11243395961.563868	0
11243429277.611732	2
11243462592.659594	0
11243495908.707457	0
11243529223.75532	0
11243562539.803183	0
11243595854.851044	0
11243629169.898905	0
11243662485.94677	0
11243695801.994633	0
11243729117.042494	0
11243762432.090357	0
11243795748.13822	0
11243829063.18608	0
11243862379.233944	0
11243895694.281807	0
11243929010.32967	0
11243962325.377531	0
11243995641.425394	0
11244028956.473257	0
11244062272.52112	0
11244095587.568981	0
11244128902.616844	0
11244162218.664707	0
11244195533.712568	0
11244228849.760431	0
11244262164.808294	0
11244295480.856157	0
11244328795.904018	0
11244362110.951881	0
11244395426.999744	0
11244428742.047606	0
11244462058.095469	0
11244495373.143332	0
11244528689.191195	0
11244562004.239056	0
11244595320.286919	0
11244628635.334782	0
11244661950.382643	0
11244695267.430508	0
11244728581.478369	0
11244761897.526232	0
11244795212.574093	0
11244828528.621956	0
11244861843.669819	0
11244895159.717682	0
11244928474.765543	0
11244961790.813408	0
11244995105.861269	0
11245028420.90913	0
11245061736.956995	0
11245095053.004858	0
11245128368.05272	0
11245161683.10058	0
11245194999.148445	0
11245228314.196306	0
11245261630.24417	0
11245294945.292032	0
11245328261.339895	0
11245361576.387756	1
11245394892.43562	0
11245428207.483482	0
11245461523.531345	0
11245494838.579206	0
11245528153.62707	0
11245561469.674932	0
11245594785.722795	0
11245628100.770657	0
11245661415.81852	0
11245694731.866383	0
11245728046.914244	0
11245761362.962107	0
11245794678.00997	0
11245827993.05783	0
11245861309.105694	0
11245894625.153557	0
11245927940.20142	0
11245961255.24928	0
11245994571.297144	0
11246027886.345007	0
11246061202.39287	0
11246094517.440731	0
11246127833.488594	0
11246161148.536457	0
11246194463.584318	0
11246227779.632181	0
11246261095.680046	0
11246294410.727907	0
11246327725.775768	0
11246361041.823631	0
11246394356.871494	0
11246427672.919357	0
11246460987.967218	0
11246494303.015081	0
11246527619.062944	0
11246560934.110806	0
11246594250.158669	0
11246627566.206533	0
11246660881.254395	0
11246694196.302256	0
11246727512.35012	0
11246760827.397982	0
11246794142.445843	0
11246827458.493708	0
11246860774.54157	0
11246894089.589432	0
11246927405.637295	0
11246960720.685158	0
11246994036.73302	0
11247027351.780882	0
11247060666.828745	0
11247093982.876608	0
11247127297.924469	0
11247160613.972332	0
11247560399.546682	0
11247593714.594543	0
11247627030.642406	0
11247660346.69027	0
11247693661.738132	0
11247726976.785994	0
11247760292.833857	0
11247793607.88172	0
11247826922.92958	0
11247860238.977444	0
11247893555.025307	0
11248060132.26462	0
11248093447.31248	0
11248126763.360344	0
11248160078.408207	0
11248193394.45607	0
11248226709.503931	2
11248260025.551796	0
11248293340.599657	0
11248326655.647518	0
11248359971.695383	0
11248393286.743244	0
11248426602.791107	0
11248459917.838968	0
11248493232.886831	0
11248526548.934694	0
11248559863.982555	0
11248593180.03042	0
11248626495.078281	0
11248659811.126144	0
11248693126.174006	0
11248726442.22187	0
11248759757.269732	1
11248793073.317595	0
11248826388.365458	0
11248859704.41332	0
11248893019.461182	0
11248926334.509043	0
11248959650.556908	0
11248992966.60477	0
11249026281.652632	0
11249059596.700495	0
11249092912.748358	0
11249126227.796219	0
11249159543.844082	0
11249192858.891945	0
11249226174.939808	0
11249259489.987669	0
11249292806.035532	0
11249326121.083395	0
11249359437.131258	0
11249392752.17912	0
11249426067.226982	0
11249459383.274845	0
11249492698.322706	0
11249526014.37057	0
11249559329.418432	0
11249592645.466295	0
11249625960.514156	0
11249659276.56202	0
11249692591.609882	0
11249725907.657745	0
11249759222.705606	0
11249792537.75347	0
11249825853.801332	0
11249859168.849194	0
11249892484.897057	0
11249925799.94492	0
11249959115.992783	0
11249992431.040644	0
11250025747.088509	0
11250059062.13637	0
11250092378.184233	0
11250125693.232096	0
11250159009.279959	0
11250192324.32782	0
11250225639.37568	0
11250258955.423546	0
11250292270.471407	0
11250325586.51927	0
11250358901.567133	0
11250392217.614996	0
11250425532.662857	0
11250458847.710718	0
11250492163.758583	0
11250525479.806446	0
11250558794.854307	0
11250592109.90217	0
11250625425.950033	0
11250658740.997894	0
11250692057.045757	0
11250725373.09362	0
11250758687.141481	0
11250792003.189344	0
11250825318.237207	0
11250858634.28507	1
11250891949.332932	2
11250925265.380795	0
11250958580.428658	3
11250991896.47652	0
11251025211.524382	0
11251058527.572245	0
11251091842.620108	0
11251125158.66797	0
11251158473.715832	2
11251191789.763695	0
11251225104.811558	0
11251258419.859419	3
11251291735.907282	0
11251325050.955145	0
11251358367.003008	0
11251391682.050869	0
11251424997.098732	0
11251458313.146595	0
11251491629.194458	0
11251524944.24232	0
11251558259.290182	1
11251591575.338045	1
11251624890.385906	0
11251658206.43377	0
11251691521.481632	0
11251724837.529495	0
11251758152.577356	0
11251791468.625221	0
11251824783.673082	0
11251858098.720943	0
11251891414.768808	0
11251924729.81667	0
11251958045.864532	0
11251991360.912394	0
11252024676.960258	0
11252057992.00812	0
11252091308.055983	0
11252124623.103846	0
11252157939.151709	0
11252191255.199572	0
11252224570.247433	0
11252257885.295296	0
11252291200.343157	0
11252324516.39102	0
11252357831.438883	0
11252391147.486746	0
11252424462.534607	0
11252457778.58247	0
11252491093.630333	0
11252524409.678196	0
11252557724.726057	0
11252591040.77392	0
11252624355.821783	0
11252657670.869644	0
11252690986.917507	0
11252724301.96537	0
11252757617.013231	0
11252790933.061094	0
11252824249.108957	0
11252857564.15682	0
11252890880.204683	0
11252924195.252544	0
11252957510.300407	0
11252990826.34827	0
11253024142.396133	0
11253057457.443995	0
11253090773.49186	0
11253124088.53972	0
11253157403.587582	0
11253190719.635445	0
11253224034.683308	0
11253257350.73117	0
11253290665.779032	0
11253323980.826895	0
11253357296.874758	0
11253390611.922619	0
11253423927.970484	0
11253457243.018345	0
11253490559.066208	0
11253523874.114069	0
11253557189.161932	0
11253590505.209795	0
11253623821.257658	0
11253657136.305521	0
11253690452.353384	0
11253723767.401245	0
11253757082.449106	0
11253790398.496971	0
11253823713.544832	0
11253857029.592695	0
11253890344.640558	0
11253923660.688421	0
11253956975.736282	0
11253990290.784143	0
11254023606.832008	0
11254056921.87987	0
11254090237.927732	0
11254123552.975595	0
11254156869.023458	0
11254190184.07132	0
11254223499.119183	0
11254256815.167046	0
11254290130.214907	0
11254323446.26277	0
11254356761.310633	0
11254390077.358496	0
11254423392.406357	0
11254456708.45422	0
11254490023.502083	0
11254523339.549946	0
11254556654.597807	0
11254589970.64567	0
11254623285.693533	0
11254656601.741396	0
11254689916.789257	0
11254723231.83712	0
11254756547.884983	0
11254789862.932844	0
11254823178.980707	0
11254856494.02857	0
11254889810.076433	0
11254923125.124294	3
11254956441.172157	0
11254989756.22002	0
11255023072.267883	0
11255056387.315744	0
11255089702.363607	0
11255123018.41147	0
11255156334.459333	0
11255189649.507196	0
11255222964.555058	0
11255256280.60292	0
11255289595.650782	0
11255322910.698645	0
11255356226.746508	0
11255389542.79437	0
11255422857.842234	0
11255456172.890095	0
11255489488.937958	0
11255522803.985819	0
11255556120.033684	0
11255589435.081545	0
11255622751.129408	0
11255656066.17727	0
11255689382.225134	0
11255722697.272995	0
11255756013.320858	0
11255789328.368721	0
11255822643.416582	1
11255855959.464445	0
11255889274.512308	1
11255922590.560171	0
11255955905.608032	0
11255989221.655895	0
11256022536.703758	0
11256055852.751621	0
11256089167.799482	0
11256122482.847345	0
11256155798.895208	1
11256189113.94307	0
11256222429.990932	0
11256255745.038795	0
11256289061.086658	0
11256322376.13452	0
11256355691.182383	0
11256389007.230246	0
11256422322.278107	0
11256455638.32597	0
11256488953.373833	0
11256522269.421696	0
11256555584.469557	2
11256588900.51742	0
11256622215.565283	0
11256655531.613146	0
11256688846.661007	0
11256722162.708872	0
11256755477.756733	0
11256788793.804596	0
11256822108.852457	0
11256855423.90032	0
11256888739.948183	0
11256922054.996044	0
11256955371.04391	0
11256988686.09177	0
11257022002.139633	0
11257055317.187494	0
11257088633.23536	0
11257121948.28322	0
11257155263.331081	0
11257188579.378946	0
11257221894.426807	0
11257255210.47467	0
11257288525.522532	0
11257321840.570395	0
11257355156.618258	0
11257388472.66612	0
11257421787.713984	0
11257455103.761847	0
11257488418.809708	0
11257521734.85757	0
11257555049.905434	0
11257588364.953295	0
11257621681.001158	0
11257654996.04902	0
11257688312.096884	0
11257721627.144745	0
11257754943.192608	0
11257788258.24047	0
11257821573.288332	0
11257854889.336195	0
11257888205.384058	0
11257921520.431921	0
11257954835.479782	0
11257988151.527645	0
11258021466.575508	0
11258054782.623371	0
11258088097.671232	0
11258121413.719095	0
11258154728.766958	0
11258188043.81482	0
11258221359.862682	0
11258254674.910545	0
11258287990.958408	0
11258321306.00627	0
11258354622.054132	0
11258387937.101995	0
11258421253.149858	0
11258454568.19772	0
11258487884.245584	0
11258521199.293446	0
11258554515.341309	0
11258587830.38917	0
11258621145.437033	0
11258654461.484896	0
11258687776.532757	0
11258721092.580622	0
11258754407.628483	0
11258787723.676346	0
11258821038.724207	0
11258854354.772072	0
11258887669.819933	0
11258920984.867794	0
11258954300.915659	0
11258987615.96352	0
11259020932.011383	0
11259054247.059246	0
11259087563.10711	0
11259120878.15497	0
11259154194.202833	0
11259187509.250696	0
11259220825.29856	0
11259254140.34642	0
11259287455.394283	0
11259320771.442146	0
11259354086.490007	0
11259387402.53787	0
11259420717.585733	0
11259454033.633596	0
11259487348.681458	0
11259520663.72932	0
11259553980.777184	0
11259587294.825045	0
11259620610.872908	0
11259653926.92077	0
11259687241.968634	0
11259720557.016495	0
11259753874.06436	0
11259787188.11222	0
11259820504.160084	0
11259853819.207945	0
11259887135.255808	0
11259920450.30367	0
11259953766.351534	0
11259987081.399395	0
11260020396.447258	0
11260053712.495121	0
11260087027.542982	0
11260120343.590845	0
11260153658.638708	0
11260186974.686571	0
11260220289.734432	0
11260253605.782297	0
11260286920.830158	0
11260320235.87802	0
11260353551.925882	0
11260386866.973745	0
11260420183.021608	0
11260453499.069471	1
11260486814.117334	0
11260520129.165195	0
11260553445.213058	0
11260586760.26092	0
11260620075.308783	0
11260653391.356646	0
11260686707.404509	0
11260720022.452372	0
11260753337.500233	0
11260786653.548096	0
11260819968.595959	0
11260853284.643822	0
11260886599.691683	0
11260919914.739544	0
11260953230.787409	0
11260986546.835272	0
11261019861.883133	0
11261053177.930996	0
11261086492.978859	0
11261119808.02672	0
11261153124.074583	0
11261186439.122446	0
11261219755.17031	0
11261253070.21817	0
11261286386.266033	0
11261319701.313896	0
11261353017.36176	0
11261386332.40962	0
11261419647.457483	0
11261452963.505346	0
11261486279.55321	0
11261519594.60107	0
11261552909.648933	0
11261586225.696796	0
11261619540.744658	0
11261652856.79252	0
11261686171.840384	0
11261719486.888245	0
11261752802.936108	0
11261786118.983973	0
11261819434.031834	0
11261852749.079695	0
11261886065.127558	0
11261919380.17542	0
11261952696.223284	0
11261986011.271145	0
11262019327.31901	0
11262052642.36687	0
11262085958.414734	0
11262119273.462595	0
11262152589.51046	0
11262185904.558321	0
11262219219.606182	0
11262252535.654047	0
11262285850.701908	0
11262319166.749771	0
11262352481.797632	1
11262385797.845497	0
11262419112.893358	0
11262452427.94122	0
11262485743.989084	0
11262519059.036945	0
11262552375.084808	0
11262585690.132671	0
11262619006.180534	0
11262652321.228395	0
11262685637.276258	0
11262718952.324121	0
11262752268.371984	0
11262785583.419846	0
11262818898.467709	0
11262852214.515572	0
11262885531.563437	0
11262918845.611296	0
11262952160.659159	0
11262985476.707022	0
11263018791.754883	0
11263052107.802746	0
11263085422.850609	0
11263118738.898472	0
11263152053.946333	0
11263185369.994196	0
11263218685.042059	1
11263252001.089922	0
11263285316.137783	0
11263318632.185646	0
11263351947.23351	0
11263385262.28137	0
11263418578.329233	0
11263451893.377096	0
11263485209.42496	0
11263518524.47282	0
11263551839.520683	0
11263585155.568546	0
11263618470.616407	0
11263651786.66427	0
11263685101.712133	0
11263718417.759996	0
11263751732.807858	0
11263785048.855722	0
11263818363.903584	0
11263851679.951447	0
11263884994.999308	1
11263918311.047173	0
11263951626.095034	0
11263984942.142897	0
11264018257.19076	0
11264051573.238623	0
11264084888.286484	0
11264118203.334347	0
11264151519.38221	0
11264184834.43007	0
11264218150.477934	0
11264251465.525797	0
11264284780.573658	0
11264318096.621521	0
11264351411.669384	0
11264384727.717247	0
11264418042.765108	0
11264451358.812971	0
11264484673.860834	0
11264517989.908697	0
11264551304.956558	0
11264584621.004421	1
11264617936.052284	1
11264651251.100145	0
11264684567.148008	0
11264717882.195871	0
11264751198.243734	0
11264784513.291595	0
11264817829.339458	0
11264851144.387321	0
11264884460.435184	0
11264917775.483046	1
11264951091.530909	0
11264984406.578772	0
11265017722.626635	0
11265051037.674496	0
11265084353.72236	0
11265117668.770222	0
11265150983.818083	0
11265184299.865946	1
11265217614.913809	0
11265250930.961672	0
11265284246.009533	0
11265317561.057396	0
11265350877.105259	0
11265384193.153122	0
11265417508.200983	1
11265450824.248848	1
11265484139.29671	0
11265517454.34457	0
11265550770.392435	0
11265584085.440296	0
11265617400.488157	0
11265650717.536022	0
11265684032.583885	0
11265717347.631746	0
11265750662.679607	1
11265783978.727472	0
11265817293.775333	0
11265850609.823196	0
11265883924.87106	0
11265917240.918922	0
11265950556.966785	0
11265983872.014647	0
11266017187.06251	0
11266050503.110373	0
11266083818.158234	0
11266117134.206097	0
11266150449.25396	1
11266183764.30182	0
11266217080.349684	0
11266250395.397547	0
11266283711.44541	0
11266317026.49327	0
11266350342.541134	0
11266383657.588997	0
11266416972.636858	0
11266450288.684721	0
11266483603.732584	0
11266516919.780447	0
11266550234.828308	0
11266583550.876171	0
11266616865.924034	0
11266650181.971897	0
11266683497.019758	0
11266716812.067621	0
11266750128.115484	0
11266783443.163345	0
11266816759.211208	0
11266850074.259071	0
11266883390.306934	0
11266916705.354795	0
11266950021.402658	0
11266983337.450523	0
11267016652.498384	0
11267049967.546246	0
11267083282.594109	0
11267116598.641972	0
11267149914.689835	0
11267183229.737696	0
11267216544.785559	0
11267249860.833422	0
11267283175.881283	0
11267316491.929148	0
11267349806.977009	0
11267383123.024872	0
11267416438.072735	0
11267449754.120598	1
11267483069.168459	0
11267516385.216322	0
11267549700.264185	0
11267583015.312046	0
11267616331.35991	0
11267649648.407774	0
11267682962.455635	0
11267716277.503496	0
11267749593.55136	0
11267782908.599222	0
11267816224.647085	0
11267849540.694948	0
11267882854.74281	0
11267916170.790672	0
11267949485.838533	0
11267982801.886396	0
11268016116.93426	0
11268049432.982122	0
11268082748.029984	0
11268116064.077847	0
11268149379.12571	0
11268182695.173573	0
11268216010.221434	0
11268249325.269297	0
11268282641.31716	0
11268315956.36502	0
11268349272.412884	0
11268382587.460747	0
11268415903.50861	0
11268449218.55647	0
11268482534.604334	0
11268515849.652197	0
11268549164.700058	0
11268582480.747921	0
11268615795.795784	0
11268649111.843647	1
11268682427.89151	0
11268715742.939371	0
11268749058.987236	0
11268782374.035097	0
11268815689.082958	0
11268849005.130823	0
11268882320.178684	0
11268915636.226547	0
11268948951.274408	0
11268982266.322271	0
11269015582.370134	0
11269048898.417997	0
11269082213.46586	0
11269115529.513723	0
11269148844.561584	0
11269182160.609447	0
11269215475.65731	0
11269248790.705172	0
11269282106.753035	0
11269315421.800898	0
11269348736.848759	0
11269382052.896622	0
11269415367.944485	0
11269448683.992348	0
11269481999.040209	0
11269515315.088072	0
11269548630.135935	0
11269581946.183798	0
11269615261.231659	0
11269648576.279522	0
11269681892.327385	0
11269715208.375248	0
11269748523.42311	0
11269781839.470972	0
11269815154.518835	0
11269848469.566696	0
11269881785.61456	0
11269915100.662422	0
11269948418.710287	0
11269981731.758146	0
11270015047.80601	0
11270048362.853872	0
11270081677.901733	0
11270114993.949596	0
11270148308.99746	0
11270181625.045322	0
11270214940.093184	0
11270248256.141047	0
11270281584.188929	0
11270314886.23677	0
11270348202.284634	0
11270381518.332499	0
11270414833.38036	0
11270448149.428223	0
11270481464.476084	0
11270514779.523947	0
11270548095.57181	0
11270581410.61967	0
11270614726.667536	0
11270648041.715397	0
11270681356.763258	0
11270714672.811121	0
11270747987.858984	0
11270781303.906847	0
11270814618.954708	0
11270847935.002573	0
11270881250.050434	0
11270914566.098297	0
11270947881.14616	0
11270981197.194023	0
11271014512.241884	0
11271047828.289747	0
11271081143.33761	0
11271114458.385471	0
11271147774.433334	0
11271181089.481197	0
11271214405.52906	0
11271247720.576921	0
11271281036.624784	0
11271314351.672647	0
11271347667.72051	0
11271380982.768372	0
11271414297.816235	0
11271447613.864098	0
11271480929.91196	0
11271514244.959822	0
11271547560.007685	0
11271580876.055548	0
11271614191.103409	0
11271647507.151272	0
11271680822.199135	0
11271714138.246998	0
11271747453.294859	0
11271780769.342722	0
11271814084.390585	0
11271847400.438448	0
11271880715.48631	0
11271914030.534172	0
11271947346.582035	0
11271980661.629896	0
11272013977.67776	0
11272047292.725622	0
11272080608.773485	0
11272113923.821346	0
11272147239.869211	0
11272180554.917072	0
11272213869.964933	0
11272247186.012796	0
11272280501.06066	0
11272313817.108522	0
11272347133.156385	0
11272380448.204248	0
11272413764.252111	0
11272447079.299973	0
11272480394.347836	0
11272513710.395699	0
11272547025.44356	0
11272580340.49142	0
11272613656.539286	0
11272646971.587147	0
11272680287.63501	0
11272713603.682873	0
11272746918.730736	0
11272780233.778597	0
11272813549.82646	0
11272846864.874323	0
11272880179.922184	0
11272913495.970047	0
11272946811.01791	0
11272980127.065773	0
11273013442.113634	0
11273046758.161497	0
11273080074.20936	0
11273113389.257223	0
11273146704.305084	0
11273180020.352947	0
11273213335.40081	0
11273246650.448671	0
11273279966.496534	0
11273313281.544397	0
11273346597.59226	0
11273379913.640123	0
11273413228.687984	0
11273446543.735847	0
11273479859.78371	1
11273513174.831572	0
11273546490.879435	0
11273579805.927298	0
11273613121.97516	0
11273646437.023022	1
11273679753.070887	0
11273713068.118748	0
11273746383.166609	0
11273779699.214472	0
11273813014.262335	0
11273846330.310198	0
11273879645.358059	1
11273912960.405922	0
11273946276.453785	0
11273979592.501648	0
11274012907.54951	0
11274046222.597372	0
11274079538.645235	0
11274112853.693096	1
11274146169.740961	1
11274179484.788822	0
11274212800.836685	1
11274246115.884548	0
11274279430.93241	0
11274312746.980272	0
11274346063.028135	0
11274379378.075998	0
11274412694.123861	0
11274446009.171722	1
11274479324.219585	2
11274512640.267448	1
11274545955.31531	0
11274579271.363173	1
11274612586.411036	0
11274645901.458897	0
11274679217.50676	0
11274712532.554623	0
11274745848.602486	0
11274779163.650347	0
11274812479.69821	0
11274845794.746073	0
11274879110.793936	0
11274912425.841797	0
11274945741.88966	0
11274979058.937525	0
11275079004.08111	0
11275112319.128973	0
11275145634.176834	0
11275178950.224697	0
11275212265.27256	0
11275245581.320423	0
11275278897.368286	0
11275312212.416147	0
11275345527.46401	0
11275378843.511873	0
11275412158.559734	0
11275445474.6076	0
11275478789.65546	0
11275512104.703321	0
11275545420.751184	0
11275578735.799047	0
11275612051.84691	0
11275645366.894772	0
11275678682.942636	0
11275711997.990498	0
11275745314.03836	0
11275778629.086224	0
11275811944.134085	0
11275845260.181948	0
11275878575.229809	0
11275911891.277674	0
11275945206.325535	0
11275978522.373398	0
11276011837.42126	0
11276045153.469124	0
11276078468.516985	0
11276111783.564846	0
11276145099.61271	0
11276178414.660572	0
11276211730.708435	0
11276245045.756298	0
11276278361.804161	0
11276311676.852022	0
11276344992.899885	0
11276378307.947748	0
11276411623.995611	0
11276444939.043472	0
11276478254.091335	0
11276511570.139198	0
11276544885.18706	0
11276578201.234922	0
11276611516.282785	0
11276644832.330648	0
11276678147.37851	0
11276711463.426373	0
11276744778.474236	0
11276778094.522099	0
11276811409.56996	0
11276844725.617823	0
11276878040.665686	0
11276911355.713547	0
11276944671.76141	0
11276977986.809273	0
11277011302.857136	0
11277044617.904997	0
11277077933.95286	0
11277111249.000723	0
11277144565.048586	0
11277177880.096447	0
11277211195.14431	0
11277244511.192173	0
11277277826.240034	0
11277311142.287897	0
11277344457.33576	0
11277377773.383623	0
11277411088.431484	1
11277444404.47935	0
11277477719.52721	0
11277511035.575073	0
11277544350.622936	0
11277577666.6708	0
11277610981.71866	0
11277644297.766523	0
11277677612.814386	0
11277710927.862247	0
11277744243.91011	0
11277777558.957973	0
11277810875.005836	0
11277844190.053698	0
11277877506.10156	0
11277910821.149424	0
11277944137.197287	0
11277977452.245148	0
11278010767.29301	0
11278044083.340874	0
11278077398.388735	0
11278110714.436598	0
11278144029.48446	0
11278177345.532324	0
11278210660.580185	0
11278243976.628048	0
11278277291.67591	0
11278310606.723772	0
11278343922.771635	0
11278377237.819498	0
11278410553.867361	0
11278443869.915224	0
11278477184.963085	0
11278510500.010948	0
11278543816.058811	0
11278577131.106672	0
11278610446.154535	0
11278643762.202398	0
11278677078.250261	0
11278710393.298122	0
11278743708.345985	0
11278777024.393848	0
11278810339.44171	0
11278843655.489573	0
11278876970.537436	0
11278910286.585299	0
11278943605.633165	0
11278976917.681025	0
11279010232.728886	0
11279210126.016062	0
11279243441.063923	0
11279276757.111786	0
11279310072.159649	0
11279343387.20751	0
11279376703.255373	0
11279410018.303234	0
11279443334.351099	0
11279476649.39896	0
11279509965.446823	0
11279543280.494686	0
11279576596.54255	0
11279609911.59041	0
11279643227.638273	0
11279676542.686136	0
11279709858.734	0
11279743173.78186	0
11279776489.829723	0
11279809804.877586	0
11279843120.92545	0
11279876435.97331	0
11279909751.021173	0
11279943067.069036	0
11279976382.116898	0
11280009698.16476	0
11280043014.212626	0
11280076328.260485	0
11280109644.308348	0
11280142959.35621	0
11280176275.404074	0
11280209590.451935	0
11280242906.499798	0
11280276221.54766	0
11280309537.595524	0
11280342852.643385	0
11280376168.691248	0
11280409483.73911	0
11280442798.786972	0
11280476114.834835	0
11280509429.882698	0
11280542745.930561	0
11280576060.978422	0
11280609377.026285	0
11280642692.074148	0
11280676008.122011	0
11280709323.169872	0
11280742638.217735	0
11280775954.265598	0
11280809270.313461	0
11280842585.361324	0
11280875904.409191	0
11280909216.457048	0
11280942531.50491	0
11280975847.552774	0
11281009162.600636	0
11281042478.648499	0
11281075793.696362	0
11281109108.744223	0
11281142424.792086	0
11281175740.839949	0
11281209055.887812	0
11281242370.935673	0
11281275686.983536	0
11281309002.031399	0
11281342318.079262	0
11281375633.127123	0
11281408949.174986	0
11281442264.222849	0
11281475579.27071	0
11281508895.318573	0
11281542210.366436	0
11281575526.414299	0
11281608841.46216	0
11281642157.510023	0
11281675472.557886	0
11281708788.60575	0
11281742103.65361	0
11281775419.701473	0
11281808734.749336	0
11281842050.7972	0
11281875365.84506	0
11281908680.892923	0
11281941996.940786	0
11281975312.98865	0
11282008628.03651	0
11282041944.084375	0
11282075259.132236	0
11282108574.180098	0
11282141889.22796	0
11282175205.275824	0
11282208520.323685	0
11282241836.371548	0
11282275151.41941	0
11282308467.467274	0
11282341782.515135	0
11282375098.562998	0
11282408413.61086	0
11282441728.658722	0
11282475044.706585	0
11282508360.75445	0
11282541675.80231	0
11282574991.850174	0
11282608306.898037	0
11282641621.945898	0
11282674937.993761	0
11282708254.041624	0
11282741569.089487	0
11282774884.137348	0
11282808200.185211	0
11282841515.233074	0
11282874831.280937	0
11282908146.328798	0
11282941461.37666	0
11282974777.424524	0
11283008092.472385	0
11283041408.520248	0
11283074723.568111	0
11283108039.615974	0
11283141354.663836	0
11283174670.711699	0
11283207985.759562	0
11283241301.807425	0
11283274616.855286	0
11283307931.903149	0
11283341247.951012	0
11283374562.998873	0
11283407879.046736	0
11283441194.094599	0
11283474510.142462	0
11283507825.190323	0
11283541141.238186	0
11283574456.286049	0
11283607772.333912	0
11283641087.381773	0
11283674402.429636	0
11283707718.477499	0
11283741034.525362	0
11283774349.573223	0
11283807665.621088	0
11283840980.66895	0
11283874295.71681	1
11283907611.764673	0
11283940926.812536	0
11283974241.860397	0
11284007557.90826	0
11284040872.956123	0
11284074189.003986	0
11284107504.051847	0
11284140820.099712	0
11284174135.147573	0
11284207451.195436	0
11284240766.243298	0
11284274082.291162	2
11284307397.339024	0
11284340713.386887	0
11284374028.43475	0
11284407343.48261	1
11284440659.530474	0
11284473974.578335	1
11284507290.6262	0
11284540605.67406	0
11284573921.721924	0
11284607237.769787	0
11284640552.81765	0
11284673867.86551	0
11284707183.913374	1
11284740498.961237	0
11284773815.0091	0
11284807130.056961	1
11284840445.104824	0
11284873761.152687	0
11284907076.200548	0
11284940392.248411	0
11284973707.296274	1
11285007022.344135	0
11285040338.391998	0
11285073654.439861	0
11285106970.487726	0
11285140284.535585	0
11285173600.583448	0
11285206915.631311	0
11285240231.679174	1
11285273546.727036	0
11285306862.774899	0
11285340177.822762	0
11285373493.870625	0
11285406808.918486	0
11285440123.966349	0
11285473440.014212	0
11285506755.062073	0
11285540071.109936	0
11285573386.157799	0
11285606702.205662	0
11285640018.253525	0
11285673333.301386	0
11285706648.349249	0
11285739963.39711	0
11285773279.444973	0
11285806595.492838	0
11285839910.540699	0
11285873225.58856	0
11285906541.636425	0
11285939856.684286	0
11285973172.73215	0
11286006487.78001	0
11286039803.827875	0
11286073118.875736	0
11286106434.9236	0
11286139749.971462	0
11286173066.019325	0
11286206381.067186	0
11286239696.115047	0
11286273012.162912	0
11286306327.210773	0
11286339642.258635	0
11286372958.3065	0
11286406274.354362	0
11286439589.402224	0
11286472904.450087	0
11286506220.49795	0
11286539535.54581	0
11286572851.593674	0
11286606166.641537	0
11286639482.6894	0
11286672797.73726	0
11286706113.785124	0
11286739428.832987	2
11286772744.88085	0
11286806059.92871	0
11286839374.976574	0
11286872691.024437	2
11286906007.0723	0
11286939322.120161	0
11286972638.168024	0
11287005953.215887	0
11287039268.263748	0
11287072584.311611	0
11287105899.359474	0
11287139214.407335	3
11287172530.455198	0
11287205845.503061	0
11287239161.550924	0
11287272476.598785	0
11287305792.646648	0
11287339107.694511	0
11287372423.742374	0
11287405738.790236	0
11287439054.8381	0
11287472369.885962	0
11287505685.933825	0
11287539000.981686	0
11287572316.029549	0
11287605632.077412	0
11287638947.125273	0
11287672263.173138	0
11287705578.220999	0
11287738894.268862	0
11287772209.316723	0
11287805525.364588	2
11287838840.412449	0
11287872156.460312	0
11287905471.508175	0
11287938786.556036	1
11287972102.603899	0
11288005418.651762	0
11288038733.699625	0
11288072048.747486	0
11288105364.79535	0
11288138679.843212	0
11288171995.891075	0
11288205310.938936	0
11288238625.9868	0
11288271942.034662	0
11288305258.082525	0
11288338573.130386	0
11288371888.17825	0
11288405204.226112	0
11288438519.273973	0
11288471835.321836	0
11288505150.3697	0
11288538465.41756	0
11288571781.465424	0
11288605096.513287	0
11288638412.56115	0
11288671728.609013	0
11288705043.656874	0
11288738358.704737	0
11288771674.7526	0
11288804989.80046	0
11288838305.848324	0
11288871620.896187	0
11288904936.94405	0
11288938251.99191	0
11288971567.039774	0
11289004883.087637	0
11289038198.135498	0
11289071514.183361	0
11289104829.231224	0
11289138145.279087	0
11289171461.32695	0
11289204776.374813	0
11289238091.422674	0
11289271407.470537	0
11289304722.518398	0
11289338038.566263	0
11289371353.614124	0
11289404668.661985	0
11291836700.155949	0
11291870016.203812	0
11291903331.251675	0
11291936647.299538	0
11291969962.347399	0
11292003277.395262	0
11292669588.352512	1
11292702903.400373	0
11292736219.448238	0
11292769534.4961	0
11292802850.543962	0
11292836165.591824	0
11292869480.639687	0
11292902796.68755	0
11292936111.73541	0
11292969427.783276	0
11293002742.831137	0
11293036058.879	0
11293069373.92686	0
11293102689.974726	0
11293136005.022587	0
11293169321.07045	0
11293202636.118313	0
11293235951.166174	0
11293269267.214037	0
11293302583.2619	0
11293335898.309763	0
11293369214.357626	0
11293402529.405487	0
11293435844.45335	0
11293469160.501213	0
11293502475.549074	1
11293535791.596937	0
11293569106.6448	0
11293602421.692661	0
11293635737.740524	0
11293669052.788387	0
11293702368.83625	0
11293735683.884111	0
11293768999.931974	0
11293802314.979837	0
11293835631.0277	0
11293868946.075562	0
11293902262.123425	0
11293935578.17129	0
11293968892.219149	0
11294002208.267012	0
11294035523.314875	0
11294068839.362738	0
11294102154.410599	0
11294135470.458462	0
11294168785.506325	0
11294202100.554186	0
11294235416.602049	0
11294268731.649912	0
11294302047.697775	0
11294335363.745638	0
11294368678.793499	0
11294401993.841362	0
11294435309.889225	0
11294468624.937086	0
11294501940.984951	0
11294535256.032812	0
11294568572.080675	0
11294601887.128536	0
11294635203.176401	0
11294668518.224262	0
11294701834.272125	0
11294735149.319988	0
11294768464.36785	0
11294801781.415714	0
11294835095.463575	0
11294868411.511438	0
11294901726.5593	0
11294935042.607162	0
11294968357.655025	0
11295001672.702887	0
11295034988.75075	0
11295068303.798613	0
11295101619.846476	0
11295134934.894337	0
11295168250.9422	0
11295201566.990063	0
11295234882.037926	0
11295268197.085787	0
11295301513.13365	0
11295334828.181513	0
11295368144.229376	0
11295401459.277237	0
11295434774.3251	0
11295468090.372963	0
11295501405.420824	0
11295534721.468687	0
11295568037.51655	0
11295601352.564413	0
11295634667.612274	0
11295667982.660137	0
11295701298.708	0
11295734614.755863	0
11295767929.803724	0
11295801244.851587	0
11295834560.89945	0
11295867875.947311	0
11295901191.995174	0
11295934507.043037	0
11295967823.0909	0
11296001138.138762	0
11296034454.186626	0
11296067769.234488	0
11296101084.282349	0
11296134400.330212	0
11296167715.378075	0
11296201031.425938	0
11296234346.473799	0
11296267662.521664	0
11296300977.569525	0
11296334293.617388	0
11296367608.665249	0
11296400924.713114	0
11296434239.760975	0
11296467554.808836	0
11296500870.8567	0
11296534185.904562	0
11296567501.952425	0
11296600817.000288	0
11296634133.048151	0
11296667448.096012	0
11296700764.143875	0
11296734079.191738	0
11296767394.2396	0
11296800710.287462	0
11296834025.335325	0
11296867342.383188	0
11296900656.43105	0
11296933972.478912	0
11296967287.526775	0
11297000603.574638	0
11297033918.6225	0
11297067233.670362	0
11297100549.718225	0
11297133864.766087	0
11297167180.81395	0
11297200495.861813	0
11297233811.909676	0
11297267126.957537	0
11297300443.0054	0
11297333759.053263	0
11297367073.101124	0
11297400389.148987	0
11297433704.19685	0
11297467020.244713	0
11297500335.292574	0
11297533651.340437	0
11297566966.3883	0
11297600282.436163	0
11297633597.484024	0
11297666913.531887	0
11297700228.57975	0
11297733544.627613	1
11297766859.675474	0
11297800175.72334	0
11297833490.7712	0
11297866805.819061	2
11297900121.866924	1
11297933436.914787	0
11297966752.96265	0
11298000068.010511	0
11298033383.058374	0
11298066699.106237	0
11298100015.1541	0
11298133330.201963	0
11298166646.249826	0
11298199961.297688	0
11298233276.345549	0
11298266592.393414	0
11298299907.441275	0
11298333222.489136	0
11298366538.537	0
11298399853.584862	0
11298433169.632725	0
11298466484.680586	0
11298499800.72845	0
11298533115.776312	0
11298566431.824175	0
11298599747.872038	0
11298633062.9199	0
11298666377.967762	0
11298699693.015623	0
11298733009.063488	0
11298766325.111351	0
11298799640.159212	0
11298832955.207075	0
11298866271.254938	0
11298899586.3028	0
11298932902.350662	0
11298966218.398525	0
11298999533.446388	0
11299032848.49425	0
11299066164.542112	0
11299099479.589975	0
11299132794.637836	0
11299166110.6857	0
11299199425.733562	0
11299232741.781425	0
11299266057.829288	0
11299299372.87715	0
11299332687.925013	0
11299366003.972876	0
11299399319.020737	0
11299432634.0686	0
11299465950.116463	0
11299499266.164326	0
11299532581.212187	0
11299565897.260052	0
11299599212.307913	0
11299632527.355774	0
11299665843.403637	0
11299699158.4515	0
11299732474.499363	0
11299765789.547224	0
11299799119.595108	0
11299832420.64295	0
11299865736.690813	0
11299899051.738676	0
11299932366.786537	0
11299965682.8344	0
11299998997.882261	0
11300032313.930126	0
11300065628.977987	0
11300098945.02585	0
11300132260.073713	0
11300165576.121576	0
11300198891.169437	0
11300232207.2173	0
11300265522.265163	0
11300298838.313026	1
11300332153.360888	0
11300365468.40875	0
11300398784.456614	0
11300432099.504475	0
11300465415.552338	0
11300498730.6002	0
11300532045.648062	0
11300565361.695925	0
11300598676.743788	0
11300631992.79165	0
11300665308.839514	0
11300698623.887375	1
11300731938.935238	0
11300765254.9831	0
11300798570.030962	0
11300831886.078825	0
11300865201.126688	0
11300898517.174551	0
11300931832.222412	0
11300965148.270275	0
11300998463.318138	0
11301031779.366001	0
11301065094.413862	0
11301098409.461725	0
11301131725.509588	0
11301165040.55745	0
11301198356.605312	0
11301231671.653175	0
11301264987.701038	0
11301298302.7489	0
11301331618.796764	0
11301364933.844625	0
11301398248.892487	1
11301431564.94035	2
11301464879.988213	0
11301498196.036076	0
11301531511.083937	0
11301564827.131802	1
11301598142.179663	0
11301631458.227526	0
11301664773.275389	1
11301698089.323252	2
11301731404.371113	0
11301764719.418974	0
11301798035.466839	0
11301831351.514702	1
11301864666.562563	0
11301897981.610426	0
11301931297.658289	2
11301964612.70615	1
11301997927.754011	0
11302031243.801876	0
11302064558.849737	1
11302097874.8976	2
11302131189.945463	0
11302164505.993326	2
11302197821.041187	1
11302231137.08905	0
11302264452.136913	0
11302297767.184774	0
11302331083.232637	2
11302364399.2805	0
11302397714.328363	0
11302431030.376226	0
11302464345.424088	0
11302497660.47195	0
11302530976.519814	0
11302564291.567675	0
11302597607.615538	0
11302630922.6634	0
11302664238.711264	0
11302697553.759125	0
11302730869.806988	0
11302764184.85485	2
11302797500.902714	0
11302830815.950575	0
11302864130.998438	0
11302897447.0463	0
11302930762.094162	2
11302964078.142025	1
11302997393.189888	0
11303030708.23775	0
11303064024.285612	0
11303097340.333477	1
11303130655.381338	1
11303163971.429201	0
11303197286.477064	0
11303230601.524925	1
11303263917.572788	2
11303297232.62065	0
11303330547.668512	0
11303363864.716377	1
11303397178.764236	0
11303430494.812101	0
11303463810.859964	0
11303497125.907825	0
11303530440.955687	2
11303563757.003551	0
11303597072.051413	0
11303630388.099276	0
11303663703.147139	2
11303697019.195002	0
11303730334.242863	0
11303763649.290724	0
11303796965.338589	0
11303830281.386452	0
11303863596.434313	0
11303896912.482176	0
11303930227.530039	0
11303963542.5779	2
11303996858.625763	1
11304030173.673626	0
11304063489.721489	0
11304096804.76935	0
11304130120.817213	0
11304163435.865076	0
11304196750.912937	0
11304230066.9608	0
11304263382.008663	0
11304296698.056526	0
11304330013.104387	0
11304363329.15225	0
11304396644.200113	0
11304429960.247976	0
11304463275.295837	0
11304496590.3437	0
11304529906.391563	1
11304563221.439425	2
11304596537.487288	0
11304629852.53515	0
11304663168.583014	0
11304696483.630875	0
11304729799.678738	0
11304763115.726603	1
11304796430.774464	1
11304829745.822325	0
11304863060.870188	1
11304896376.91805	0
11304929691.965912	0
11304963008.013777	0
11304996323.061638	0
11305029639.1095	0
11305062954.157362	0
11305096270.205227	0
11305129585.253088	0
11305162901.300951	0
11305196216.348814	0
11305229532.396677	0
11305262847.444538	0
11305296163.492401	0
11305329478.540264	0
11305362793.588125	0
11305396109.635988	0
11305429424.683851	0
11305462740.731714	1
11305496055.779575	0
11305529370.827438	0
11305562686.875301	0
11305596001.923162	0
11305629317.971025	0
11305662633.018888	0
11305695949.066751	0
11305729264.114613	1
11305762580.162476	0
11305795895.210339	0
11305829211.258202	0
11305862526.306063	1
11305895842.353926	0
11305929157.401789	0
11305962472.44965	0
11305995788.497513	0
11306029103.545376	0
11306062419.593239	0
11306095734.6411	0
11306129049.688963	0
11306162365.736826	0
11306195681.784689	0
11306228996.83255	0
11306262311.880413	0
11306295627.928276	0
11306328942.976137	0
11306362259.024	0
11306395575.071865	0
11306428890.119726	0
11306462205.167587	0
11306495521.215452	0
11306528836.263313	0
11306562151.311174	4
11306595467.359037	0
11306628782.4069	0
11306662098.454763	0
11306695413.502625	0
11306728729.55049	1
11306762044.59835	0
11306795360.646214	0
11306828675.694075	0
11306861991.74194	0
11306895306.7898	0
11306928621.837662	0
11306961937.885527	0
11306995252.933388	0
11307028568.98125	0
11307061885.029114	0
11307095200.076977	0
11307128516.12484	0
11307161831.1727	1
11307195146.220564	0
11307228462.268427	0
11307261777.316288	0
11307295093.364151	0
11307328408.412014	1
11307361723.459875	0
11307395039.507738	0
11307428354.555601	0
11307461670.603464	0
11307494985.651325	0
11307528301.699188	0
11307561616.747051	0
11307594932.794914	1
11307628247.842775	0
11307661562.890638	0
11307694878.938501	0
11307728193.986362	0
11307761510.034225	0
11307794825.082088	0
11307828141.129951	0
11307861456.177813	0
11307894772.225676	0
11307928088.27354	0
11307961403.321402	0
11307994718.369263	0
11308028033.417126	0
11308061349.464989	0
11308094664.51285	0
11308127980.560713	0
11308161295.608576	0
11308194611.656439	0
11308227926.7043	0
11308261241.752163	0
11308294557.800026	0
11308327872.847887	0
11308361188.89575	0
11308394504.943615	0
11308427819.991476	0
11308461135.039337	0
11308494451.087202	0
11308527766.135063	0
11308561082.182926	0
11308594397.230787	0
11308627713.278652	0
11308661028.326513	0
11308694343.374374	0
11308727659.42224	0
11308760974.4701	0
11308794290.517963	0
11308827605.565826	0
11308860921.61369	0
11308894236.66155	0
11308927552.709414	0
11308960868.757277	0
11308994183.80514	0
11309027498.853	0
11309060813.900864	0
11309094129.948727	0
11309127444.996588	0
11309160761.04445	0
11309194077.092314	0
11309227392.140177	0
11309260707.188038	0
11309294023.2359	0
11309327338.283764	0
11309360654.331627	0
11309393969.379488	0
11309427285.427351	0
11309460600.475214	0
11309493915.523075	0
11309527231.570938	0
11309560546.618801	0
11309593862.666664	0
11309627178.714527	0
11309660493.762388	0
11309693808.810251	0
11309727124.858114	0
11309760439.905975	0
11309793754.953838	0
11309827071.001701	0
11309860386.049562	0
11309893702.097425	0
11309927017.145288	0
11309960333.193151	2
11309993648.241013	0
11310026964.288877	0
11310060279.336739	0
11310093594.3846	0
11310126910.432463	0
11310160225.480326	0
11310193541.528189	0
11310226856.57605	0
11310260172.623915	0
11310293487.671776	1
11310326803.719639	0
11310360118.7675	0
11310393434.815365	0
11310426749.863226	0
11310460065.911089	0
11310493380.958952	0
11310526696.006813	0
11310560012.054676	1
11310593327.10254	0
11310626643.150402	0
11310659958.198263	0
11310693274.246126	0
11310726589.29399	0
11310759905.341852	0
11310793220.389713	2
11310826536.437576	1
11310859851.48544	1
11310893167.533302	0
11310926482.581163	2
11310959797.629026	0
11310993113.67689	0
11311026428.72475	0
11311059744.772614	2
11311093059.820477	2
11311126375.86834	0
11311159690.9162	0
11311193005.964064	3
11311226322.011927	0
11311259638.05979	1
11311292953.10765	1
11311326268.155514	0
11311359584.203377	0
11311392899.251238	1
11311426215.2991	0
11311459530.346964	0
11311492846.394827	0
11311526161.442688	0
11311559476.490551	0
11311592792.538414	0
11311626107.586275	0
11311659423.634138	0
11311692739.682003	1
11311726054.729864	0
11311759369.777725	0
11311792685.82559	0
11311826000.873451	0
11311859316.921314	1
11311892631.969175	0
11311925948.01704	0
11311959263.064901	0
11311992579.112764	0
11312025894.160627	0
11312059209.208488	2
11312092525.256351	0
11312125840.304213	0
11312159156.352077	0
11312192471.399939	1
11312225787.447802	1
11312259103.495665	0
11312292418.543528	0
11312325733.591389	2
11312359049.639252	1
11312392364.687115	0
11312425680.734978	0
11312458995.782839	0
11312492311.830702	0
11312525626.878565	0
11312558941.926426	0
11312592257.974289	1
11312625574.022152	1
11312658889.070015	0
11312692204.117876	0
11312725519.16574	0
11312758835.213602	0
11312792150.261463	0
11312825466.309326	0
11312858781.35719	0
11312892097.405052	0
11312925412.452913	0
11312958728.500776	0
11312992043.54864	0
11313025359.596502	0
11313058674.644363	0
11313091989.692226	0
11313125305.74009	0
11313158620.78795	0
11313191936.835814	0
11313225251.883677	0
11313258567.93154	0
11313291890.979412	0
11313325199.027266	0
11313358514.075127	0
11313391829.122988	0
11313425145.17085	0
11313458461.218716	0
11313491776.266577	0
11313525091.314438	0
11313558407.362303	0
11313591722.410164	0
11313625038.458027	0
11313658353.505888	0
11313691669.553753	0
11313724984.601614	0
11313758299.649475	0
11313791615.69734	0
11313824930.745201	0
11313858246.793064	0
11313891561.840927	0
11313924877.88879	0
11313958192.936651	0
11313991507.984512	0
11314024824.032377	0
11314058140.08024	0
11314091455.128101	0
11314124770.175964	0
11314158086.223827	0
11314191401.271688	0
11314224717.319551	0
11314258032.367414	0
11314291348.415277	0
11314324663.463139	0
11314357979.511002	0
11314391294.558865	0
11314424610.606728	0
11314457925.654589	0
11314491240.702452	0
11314524556.750315	0
11314557871.798176	0
11314591187.846039	0
11314624502.893902	0
11314657817.941763	0
11314691133.989626	0
11314724449.037489	0
11314757765.085352	0
11314791081.133215	0
11314824396.181076	0
11314857711.22894	0
11314891027.276802	0
11314924343.324665	0
11314957658.372526	0
11314990973.42039	0
11315024289.468252	0
11315057604.516113	0
11315090920.563978	0
11315124235.61184	0
11315157551.659702	0
11315190866.707563	0
11315224181.755426	0
11315257497.80329	0
11315290812.85115	0
11315324128.899015	0
11315357443.946877	0
11315390759.99474	0
11315424075.0426	0
11315457390.090464	0
11315490706.138327	0
11315524022.18619	0
11315557337.234053	0
11315590652.281914	0
11315623968.329777	0
11315657283.37764	0
11315690598.4255	0
11315723914.473364	0
11315757230.521227	0
11315790545.56909	0
11315823860.616951	0
11315857176.664814	0
11315890491.712677	0
11315923807.76054	0
11315957123.808403	0
11315990438.856264	0
11316023753.904127	0
11316057069.95199	0
11316090384.999851	0
11316123700.047714	0
11316157016.095577	0
11316190331.143438	0
11316223647.191301	0
11316256962.239164	0
11316290278.287027	0
11316323593.334888	0
11316356909.382751	0
11316390224.430614	0
11316423540.478477	0
11316456855.526339	0
11316490170.574202	0
11316523486.622065	0
11316556801.669926	0
11316590117.717789	0
11316623432.765652	0
11316656748.813515	0
11316690063.861376	0
11316723378.909239	0
11316756694.957102	0
11316790010.004963	0
11316823326.052826	0
11316856642.10069	0
11316889957.148552	0
11316923272.196413	0
11316956588.244276	0
11316989903.29214	0
11317023219.340002	0
11317056534.387863	0
11317089850.435728	0
11317123165.48359	0
11317156481.531452	0
11317189796.579315	0
11317223111.627176	0
11317256428.675041	0
11317289742.7229	0
11317323058.770765	0
11317356373.818626	0
11317389689.86649	0
11317423004.914352	0
11317456320.962215	0
11317489636.010077	0
11317522951.057938	0
11317556267.105803	0
11317589582.153664	0
11317622898.201527	0
11317656213.24939	0
11317689529.297253	0
11317722844.345114	0
11317756160.392977	0
11317789475.44084	0
11317822791.488703	0
11317856106.536564	0
11317889422.584427	0
11317922737.63229	0
11317956052.680151	0
11317989368.728014	0
11318022684.775877	0
11318055999.82374	0
11318089314.871601	0
11318122630.919464	0
11318155945.967327	0
11318189262.01519	0
11318222577.063051	0
11318255892.110914	0
11318289208.158777	0
11318322523.206638	0
11318355839.254501	0
11318389154.302364	0
11318422470.350227	0
11318455785.398088	0
11318489101.445951	0
11318522416.493814	0
11318555732.541677	0
11318589047.589539	0
11318622362.637402	0
11318655678.685265	0
11318688993.733126	0
11318722309.780989	0
11318755624.828852	0
11318788940.876715	0
11318822255.924576	0
11318855571.97244	0
11318888887.020302	0
11318922202.068163	0
11318955518.116028	0
11318988834.16389	0
11319022149.211752	0
11319055465.259615	0
11319088780.307478	0
11319122095.35534	0
11319155411.403202	0
11319188726.451065	0
11319222042.498928	0
11319255357.54679	0
11319288673.594652	0
11319321988.642515	0
11319355304.690378	0
11319388619.73824	0
11319421934.786102	0
11319455250.833965	0
11319488565.881826	0
11319521881.92969	0
11319555196.977552	0
11319588513.025415	0
11319621828.073277	0
11319655144.12114	0
11319688459.169003	0
11319721774.216864	0
11319755090.264727	0
11319788405.31259	0
11319821721.360453	0
11319855036.408314	0
11319888352.456177	0
11319921667.50404	0
11319954983.551903	0
11319988298.599764	0
11320021614.647627	0
11320054929.69549	0
11320088244.743351	0
11320121560.791214	0
11320154875.839077	0
11320188191.88694	0
11320221506.934801	0
11320254821.982664	0
11320288138.030527	2
11320321453.078388	0
11320354769.126251	0
11320388084.174114	0
11320421400.221977	2
11320454716.26984	0
11320488031.317701	0
11320521346.365564	1
11320554662.413427	1
11320587977.461288	0
11320621293.509153	0
11320654608.557014	0
11320687924.604877	3
11320721239.65274	0
11320754555.700603	0
11320787870.748465	2
11320821185.796326	0
11320854501.84419	0
11320887816.892052	0
11320921132.939915	0
11320954447.987778	0
11320987764.03564	0
11321021079.083502	0
11321054395.131365	1
11321087710.179228	0
11321121026.22709	0
11321154341.274952	0
11321187656.322815	0
11321220972.370678	0
11321254288.418541	0
11321287603.466402	0
11321320918.514265	0
11321354234.562128	0
11321387549.60999	0
11321420864.657852	0
11321454180.705715	0
11321487496.753578	0
11321520811.80144	1
11321554126.849302	0
11321587442.897165	0
11321620757.945026	1
11321654073.99289	0
11321687389.040752	0
11321720705.088615	0
11321754020.136477	0
11321787336.18434	0
11321820651.232203	1
11321853967.280066	0
11321887282.327927	0
11321920597.37579	0
11321953913.423653	0
11321987228.471514	0
11322020544.519377	0
11322053859.56724	0
11322087175.615103	0
11322120490.662964	0
11322153805.710827	0
11322187121.75869	0
11322220436.806551	0
11322253752.854416	0
11322287067.902277	0
11322320383.95014	0
11322353698.998001	0
11322387015.045866	0
11322420330.093727	0
11322453646.14159	0
11322486961.189453	0
11322520276.237314	0
11322553592.285177	0
11322586907.333038	0
11322620223.380903	0
11322653538.428764	0
11322686854.476627	0
11322720169.52449	0
11322753485.572353	0
11322786800.620214	0
11322820116.668077	0
11322853431.71594	1
11322886746.763802	0
11322920062.811665	0
11322953377.859528	0
11322986693.90739	0
11323020008.955252	0
11323053325.003115	0
11323086640.050978	3
11323119955.098839	0
11323153272.146704	0
11323186587.194565	0
11323219902.242428	1
11323253218.29029	0
11323286533.338152	0
11323319849.386015	1
11323353164.433878	0
11323386479.481739	0
11323419795.529602	1
11323453110.577465	1
11323486426.625328	0
11323519741.67319	0
11323553057.721052	1
11323586372.768915	2
11323619687.816776	0
11323653003.86464	0
11323686318.912502	2
11323719634.960365	0
11323752950.008226	0
11323786266.05609	0
11323819581.103952	0
11323852897.151815	0
11323886212.199677	0
11323919527.24754	0
11323952843.295403	1
11323986158.343264	2
11324019474.391129	0
11324052789.43899	0
11324086105.486853	0
11324119420.534714	0
11324152735.582577	0
11324186051.63044	0
11324219366.6783	0
11324252682.726166	0
11324285997.774027	0
11324319313.82189	0
11324352628.869751	0
11324385944.917616	0
11324419259.965477	0
11324452575.013338	0
11324485891.061203	0
11324519207.109066	0
11324552522.156927	0
11324585837.20479	0
11324619153.252653	1
11324652468.300514	0
11324685785.34838	0
11324719099.39624	0
11324752415.444103	0
11324785730.491964	0
11324819046.539827	0
11324852361.58769	0
11324885677.635553	0
11324918992.683414	0
11324952308.731277	0
11324985624.779142	0
11325018939.827003	0
11325052254.874865	0
11325085569.922728	0
11325118885.97059	0
11325152202.018454	0
11325185517.066315	0
11325218832.114178	0
11325252148.16204	0
11325285463.209902	0
11325318778.257765	0
11325352094.305628	0
11325385409.353489	0
11325418725.401352	0
11325452040.449215	0
11325485356.497078	0
11325518671.544939	0
11325551987.592804	1
11325585302.640665	0
11325618618.688528	0
11325651933.73639	0
11325685249.784254	0
11325718564.832115	0
11325751879.879976	0
11325785195.927841	0
11325818510.975702	1
11325851827.023565	0
11325885142.071426	0
11325918458.119291	0
11325951773.167152	0
11325985088.215014	0
11326018404.262878	0
11326051720.310741	0
11326085035.358603	0
11326118351.406466	0
11326151666.454329	0
11326184981.50219	0
11326218297.550053	0
11326251612.597916	0
11326284928.645779	0
11326318243.69364	0
11326351558.741503	0
11326384874.789366	0
11326418190.837229	0
11326451505.88509	0
11326484820.932953	0
11326518136.980816	0
11326551452.028677	0
11326584768.07654	0
11326618083.124403	0
11326651399.172266	2
11326684714.220127	1
11326718029.26799	0
11326751345.315853	0
11326784661.363716	0
11326817976.411577	0
11326851292.45944	0
11326884607.507303	0
11326917922.555164	0
11326951238.603027	0
11326984553.65089	0
11327017869.698753	0
11327051184.746614	0
11327084499.794477	0
11327117815.84234	0
11327151130.890202	0
11327184446.938065	1
11327217762.98593	0
11327251078.03379	0
11327284393.081652	0
11327317709.129517	0
11327351024.177378	1
11327384340.22524	0
11327417655.273102	0
11327450971.320967	0
11327484286.368828	0
11327517601.416689	0
11327550917.464554	0
11327584233.512417	0
11327617548.560278	0
11327650863.608139	0
11327684179.656004	0
11327717494.703865	0
11327750809.751726	0
11327784125.799591	0
11327817441.847454	2
11327850756.895315	0
11327884071.943178	0
11327917387.991041	0
11327950704.038904	0
11327984019.086765	0
11328017334.134628	0
11328050650.182491	0
11328083965.230352	0
11328117280.278215	0
11328150596.326078	0
11328183912.373941	1
11328217227.421803	0
11328250542.469666	0
11328283858.517529	0
11328317173.56539	0
11328350489.613253	1
11328383804.661116	0
11328417119.708977	2
11328450435.75684	0
11328483751.804703	0
11328517066.852566	0
11328550382.900429	0
11328583697.94829	2
11328617012.996153	0
11328650329.044016	0
11328683644.091877	0
11328716960.13974	0
11328750275.187603	0
11328783590.235464	0
11328816906.283327	0
11328850225.331196	0
11328883537.379053	0
11328916853.426916	0
11328950168.474777	0
11328983483.52264	0
11329016799.570503	0
11329050114.618364	0
11329083430.66623	0
11329116745.71409	0
11329150061.761953	1
11329183376.809814	0
11329216692.85768	0
11329250007.90554	0
11329283323.953403	1
11329316651.001284	0
11329349955.04913	0
11329383270.09699	1
11329416585.144852	2
11329449901.192717	2
11329483216.240578	0
11329516532.28844	0
11329549847.336304	0
11329583163.384167	1
11329616478.432028	0
11329649794.47989	0
11329683109.527754	0
11329716424.575615	0
11329749740.623478	0
11329783055.67134	2
11329816371.719204	2
11329849686.767065	0
11329883002.814928	0
11329916317.862791	2
11329949632.910652	0
11329982948.958515	0
11330016265.006378	0
11330049580.054241	0
11330082895.102102	0
11330116211.149965	0
11330149526.197828	0
11330182842.245691	0
11330216157.293552	0
11330249473.341415	0
11330282788.389278	2
11330316104.437141	0
11330349419.485003	0
11330382735.532866	0
11330416050.580729	0
11330449365.62859	0
11330482681.676453	0
11330515996.724316	0
11330549312.772179	0
11330582627.82004	0
11330615942.867903	0
11330649258.915766	0
11330682574.963629	0
11330715890.01149	0
11330749206.059355	0
11330782521.107216	0
11330815836.155077	0
11330849152.202942	0
11330882467.250803	0
11330915783.298666	0
11330949098.346527	0
11330982414.394392	0
11331015729.442253	0
11331049044.490114	0
11331715355.447367	0
11331748670.495228	0
11331781985.54309	0
11331815301.590954	0
11331848616.638815	0
11331881932.686678	0
11331915247.73454	0
11331948563.782404	0
11331981879.830267	0
11332015194.878128	0
11332048509.925991	0
11332081824.973852	0
11332281718.261028	0
11332315034.308891	0
11332348349.356752	0
11332381664.404615	0
11332414980.452478	0
11332448296.500341	0
11332481611.548203	0
11332514926.596066	0
11332548242.643929	0
11332581558.691792	0
11333747600.366978	0
11333780915.41484	0
11333814231.462704	0
11333847546.510565	0
11333880862.558428	1
11333914178.606293	0
11333947493.654154	0
11333980808.702015	0
11334014124.749878	1
11334047439.79774	0
11334080755.845604	0
11334114070.893465	0
11334147385.941328	0
11334180701.989191	0
11334214017.037052	0
11334247333.084915	0
11334280648.132778	0
11334313964.180641	0
11334347279.228502	0
11334380595.276367	0
11334413910.324228	0
11334447226.372091	0
11334480541.419952	0
11334513857.467817	0
11334847011.946442	0
11334880326.994303	0
11334913643.042166	0
11334946958.090029	0
11334980274.137892	0
11335013589.185753	0
11335046905.233616	0
11335080220.281479	0
11335113536.329342	0
11335146851.377203	0
11335380059.71224	0
11335413375.760103	0
11335446690.807966	0
11335480006.85583	0
11335513321.90369	0
11335546636.951553	0
11335579955.99942	0
11335613269.04728	0
11335646584.09514	0
11335679899.143003	0
11335713215.190866	0
11335746530.238728	0
11335779846.28659	0
11335813161.334454	0
11335846477.382317	0
11335879792.430178	0
11335913108.478043	0
11335946423.525904	0
11335979738.573765	0
11336013054.621628	1
11336046369.66949	0
11336079685.717354	0
11336113000.765215	0
11336146315.813078	0
11336179631.86094	0
11336212947.908804	0
11336246262.956667	0
11336279578.004528	0
11336312894.052391	0
11336546102.387428	0
11336579418.435291	0
11336612733.483154	0
11336646049.531017	0
11336679364.578878	0
11336712679.626741	0
11337279043.440403	0
11337312358.488266	0
11337345674.536129	0
11337378990.583992	0
11337412305.631853	0
11337445620.679716	0
11337478936.72758	0
11337512251.77544	0
11337545567.823303	0
11337578883.871168	0
11337612198.91903	0
11337645513.96689	0
11337678830.014755	0
11337712145.062616	0
11337745461.11048	0
11337778776.15834	0
11337812092.206205	0
11337845407.254066	2
11337878722.301928	0
11337912038.349792	0
11337945354.397655	0
11337978669.445517	0
11338011984.49338	0
11338045299.54124	0
11338078615.589104	0
11338111930.636965	0
11338145246.68483	0
11338178561.73269	0
11338211877.780554	0
11338245192.828417	0
11338278508.87628	0
11338311823.92414	0
11338345138.972002	0
11338378455.019867	0
11338411771.06773	0
11338611664.354904	0
11338644979.402767	0
11338678294.450628	0
11338711610.498491	0
11338744925.546354	0
11338778241.594217	0
11338811556.642078	0
11338844872.689941	0
11338878187.737804	0
11338911502.785666	0
11338944818.833529	0
11338978133.881392	0
11339011449.929255	0
11339044764.977116	0
11339078081.024979	0
11339111396.072842	1
11339144711.120703	1
11339178027.168566	0
11339211343.21643	0
11339244658.264292	0
11339277973.312153	0
11339311289.360016	0
11339344604.407879	0
11339377920.455742	0
11339411235.503603	0
11339444551.551468	0
11339477866.599329	0
11339511181.64719	0
11339544497.695053	0
11340077545.460854	0
11340110861.508717	0
11340144176.55658	0
11340177492.604443	0
11340210807.652304	0
11340244123.700167	0
11340277438.74803	0
11340310753.79589	0
11340344069.843754	0
11340377384.891617	0
11340410700.93948	0
11340444015.98734	0
11340477332.035204	0
11340510647.083067	0
11340543963.13093	0
11340577278.178791	0
11340610593.226654	0
11340643909.274517	0
11340677225.32238	0
11340710540.370241	0
11340743856.418106	0
11340777171.465967	0
11340810486.513828	0
11340843802.561691	0
11340877117.609554	0
11340910433.657417	0
11340943748.705278	0
11340977063.753141	0
11341010379.801004	0
11341043694.848866	0
11341077010.896729	0
11341110325.944592	0
11341143641.992455	0
11341176957.040316	0
11341210273.08818	0
11341243588.136042	0
11341276904.183905	0
11341310219.231768	0
11341343534.279629	0
11341376850.327492	0
11341410165.375353	0
11341443481.423218	0
11341476796.471079	0
11341510112.518942	0
11341543427.566805	0
11341576743.614668	0
11341610059.66253	0
11341643374.710392	0
11341676689.758255	0
11341710005.806118	0
11341743320.85398	0
11341776636.901842	0
11341809951.949705	0
11341843266.997566	0
11341876583.04543	0
11341909898.093292	0
11341943214.141155	0
11341976529.189016	0
11342009845.23688	0
11342043160.284742	0
11342076476.332605	0
11342109791.380466	0
11342143106.42833	0
11342176422.476192	0
11342209737.524054	0
11342243052.571917	0
11342276368.61978	0
11342309684.667643	0
11342342999.715504	0
11342376315.763367	0
11342409630.81123	0
11342442945.85909	0
11342476262.906956	0
11342509576.954817	0
11342542893.00268	0
11342576208.05054	0
11342609524.098404	0
11342642839.146267	0
11342676155.19413	0
11342709470.241991	0
11342742785.289854	0
11342776101.337717	0
11342809417.38558	0
11342842732.433441	0
11342876047.481304	0
11342909363.529167	0
11342942678.577028	0
11342975994.624893	0
11343009309.672754	0
11343042625.720617	0
11343075940.76848	0
11343109256.816343	0
11343142571.864204	0
11343175887.912067	0
11343209202.95993	0
11343242518.007792	0
11343275834.055655	0
11343309149.103518	0
11343342465.15138	0
11343375780.199242	0
11343409096.247105	0
11343442411.294968	0
11343475726.342829	0
11343509042.390692	0
11343542358.438555	0
11343575673.486418	0
11343608988.534279	0
11343642304.582142	0
11343675619.630005	0
11343708935.677868	0
11343742250.725729	0
11343775566.773592	0
11343808881.821455	0
11343842196.869316	0
11343875512.91718	0
11343908828.965042	0
11343942144.012905	0
11343975459.060766	0
11344008775.10863	0
11344042090.156492	0
11344075406.204355	0
11344108721.252216	0
11344142037.30008	0
11344175352.347942	0
11344208667.395803	0
11344241983.443666	0
11344275298.49153	0
11344308614.539392	0
11344341929.587254	0
11344375245.635117	1
11344408560.68298	0
11344441876.730843	0
11344475191.778704	0
11344508506.826567	0
11344541822.87443	0
11344575137.92229	0
11344608453.970156	0
11344641770.018019	0
11344675085.06588	0
11344708400.11374	0
11344741716.161606	0
11344775032.209469	0
11344808347.25733	0
11344841662.305193	0
11344874978.353056	0
11344908293.400917	0
11344941608.448778	0
11344974924.496643	0
11345008239.544504	0
11345041555.592367	0
11345074870.64023	0
11345108186.688093	0
11345141501.735954	0
11345174817.783817	0
11345208132.83168	0
11345241448.879543	0
11345274763.927404	0
11345308078.975267	0
11345341395.02313	0
11345374710.070992	0
11345408026.118855	0
11345441341.166718	0
11345474657.21458	0
11345507972.262442	1
11345541288.310305	0
11345574603.358168	0
11345607919.40603	0
11345641234.453892	0
11345674549.501755	0
11345707865.549618	0
11345741180.597479	0
11345774499.645348	0
11345807811.693205	0
11345841127.741068	0
11345874442.788929	0
11345907758.836792	0
11345941073.884655	0
11345974389.932518	0
11346007704.98038	0
11346041021.028244	0
11346074336.076105	0
11346107651.123966	0
11346140967.17183	0
11346174282.219692	0
11346207598.267555	0
11346240913.315416	0
11346274229.363281	0
11346307544.411142	0
11346340859.459003	0
11346374175.506868	0
11346407490.55473	0
11346440806.602592	0
11346474121.650454	0
11346507436.698317	0
11346540752.74618	0
11346574068.794043	0
11346607383.841906	0
11346640698.889767	0
11346674014.93763	0
11346707329.98549	0
11346740646.033356	0
11346773961.081217	0
11346807277.12908	0
11346840592.176943	0
11346873908.224806	0
11346907223.272667	0
11346940542.320536	0
11346973855.368393	0
11347007169.416254	0
11347040485.464117	0
11347073801.51198	0
11347107116.559843	0
11347140432.607706	0
11347173747.655567	0
11347207062.70343	0
11347240378.751293	0
11347273693.799154	0
11347307009.847017	0
11347340324.89488	0
11347373640.942743	0
11347406955.990604	0
11347440272.038467	0
11347473587.08633	0
11347506902.134192	0
11347540218.182055	0
11347573533.229918	0
11347606849.27778	0
11347640164.325642	0
11347673480.373505	0
11347706795.421368	0
11347740111.46923	0
11347773426.517092	0
11347806742.564957	0
11347840057.612818	0
11347873372.660679	1
11347906688.708544	0
11347940003.756405	0
11347973319.804268	0
11348006634.852129	0
11348039950.899994	0
11348073265.947855	0
11348106581.995718	0
11348139897.043581	0
11348173213.091444	0
11348206528.139305	0
11348239843.187166	0
11348273159.235031	0
11348306474.282892	0
11348339790.330755	0
11348373105.378618	0
11348406420.42648	0
11348439736.474342	0
11348473051.522203	0
11348506367.570068	0
11348539682.61793	0
11348572998.665792	0
11348606313.713655	0
11348639629.761518	1
11348672944.80938	1
11348706260.857243	0
11348739575.905106	0
11349272623.670904	0
11349305939.718767	0
11349339254.76663	0
11349372570.814493	0
11349405885.862354	0
11349439201.910217	0
11349472516.95808	0
11349505833.005943	0
11349539148.053804	0
11349572463.101667	1
11349605779.14953	2
11349639094.197392	2
11349672410.245256	0
11349705725.293118	1
11349739041.34098	1
11349772356.388842	0
11349805672.436707	0
11349838987.484568	0
11349872303.53243	0
11349905618.580294	0
11349938934.628157	1
11349972249.676018	0
11350005564.723879	0
11350038880.771744	1
11350072195.819605	2
11350105511.867468	0
11350138826.91533	0
11350172142.963194	0
11350205458.011055	0
11350238773.058916	0
11350272089.106781	1
11350305404.154642	0
11350338720.202505	0
11350372035.250368	0
11350405351.298231	3
11350438666.346092	0
11350471981.393955	0
11350505297.441818	0
11350538613.489681	0
11350571928.537542	0
11350605244.585405	0
11350638559.633268	0
11350671874.68113	0
11350705190.728992	0
11350738505.776855	0
11350771821.824718	0
11350805136.87258	0
11350838452.920443	0
11350871767.968306	0
11350905084.016169	0
11350938399.06403	0
11350971714.111893	0
11351005030.159756	0
11351038345.207617	0
11351071661.25548	1
11351104976.303343	0
11351138292.351206	0
11351171607.399067	1
11351204922.44693	0
11351238238.494793	0
11351271553.542654	0
11351304869.590517	0
11351338185.638382	0
11351371500.686243	0
11351404815.734104	0
11351438131.78197	0
11351471446.82983	0
11351504761.877691	0
11351538077.925554	0
11351571393.97342	0
11351604709.02128	0
11351638024.069141	0
11351671340.117006	0
11351704655.164867	0
11351737971.21273	0
11351771286.260592	0
11351804602.308456	0
11351837917.356318	0
11351871233.40418	0
11351904548.452044	0
11351937864.499907	0
11351971179.547768	0
11352004495.59563	0
11352037810.643494	0
11352071125.691355	0
11352104441.739218	0
11352137756.78708	0
11352171071.834942	0
11352204387.882805	0
11352237703.930668	0
11352271018.97853	0
11352304335.026394	0
11352337650.074255	0
11352370965.122118	0
11352404281.169981	0
11352437596.217842	0
11352470912.265705	0
11352504227.313568	0
11352537543.361431	0
11352570858.409292	0
11352604173.457155	0
11352637489.505018	0
11352670805.552881	0
11352704120.600742	0
11352737435.648605	0
11352770751.696468	0
11352804066.74433	0
11352837382.792192	0
11352870697.840055	0
11352904013.887918	0
11352937328.93578	0
11352970644.983644	0
11353003960.031506	0
11353037278.079372	0
11353070591.12723	0
11353103906.175093	0
11353137222.222956	0
11353170537.270817	0
11353203853.318682	0
11353237168.366543	0
11353270484.414406	0
11353303799.462267	0
11353337115.510132	1
11353370430.557993	0
11353403746.605856	0
11353437061.653719	0
11353470376.70158	0
11353503692.749443	0
11353537007.797304	0
11353570323.84517	0
11353603638.89303	0
11353636954.940893	1
11353670269.988756	0
11353703586.03662	2
11353736901.08448	0
11353770216.132343	1
11353803532.180206	1
11353836847.228067	0
11353870163.27593	0
11353903478.323793	0
11353936794.371656	0
11353970109.419518	1
11354003425.46738	0
11354036740.515244	0
11354070055.563105	0
11354103371.610968	0
11354136686.65883	2
11354170002.706694	0
11354203317.754555	0
11354236633.802418	0
11354269948.85028	1
11354303264.898144	0
11354336579.946005	0
11354369895.993868	0
11354403211.04173	0
11354436526.089592	0
11354469842.137455	0
11354503157.185318	0
11354536473.233181	0
11354569789.281044	0
11354603104.328905	0
11354636419.376768	0
11354669735.424631	1
11354703050.472492	0
11354736366.520357	0
11354769681.568218	0
11354802997.616081	0
11354836312.663942	0
11354869627.711805	0
11354902943.759668	0
11354936258.80753	0
11354969574.855394	0
11355002889.903255	0
11355036205.951118	0
11355069520.99898	0
11355102836.046843	0
11355136153.094707	0
11355169467.142567	0
11355202783.190432	0
11355236098.238293	0
11355269414.286156	1
11355302729.334019	0
11355336045.381882	0
11355369360.429743	0
11355402676.477606	0
11355435991.525469	0
11355469307.573332	0
11355502622.621193	0
11355535938.669056	0
11355569253.716919	0
11355602569.764782	0
11355635884.812643	0
11355669199.860506	0
11355702515.90837	0
11355735830.95623	0
11355769147.004093	0
11355802462.051956	0
11355835778.09982	1
11355869093.14768	0
11355902408.195543	0
11355935724.243406	0
11355969039.291267	0
11356002355.33913	0
11356035670.386993	0
11356068986.434856	0
11356102301.482718	0
11356135617.53058	0
11356168932.578444	0
11356202248.626307	0
11356235563.674168	1
11356268878.72203	0
11356302194.769894	0
11356335509.817755	0
11356368825.865618	1
11356402140.91348	0
11356435456.961344	0
11356468772.009205	0
11356502088.05707	0
11356535403.10493	1
11356568718.152792	0
11356602034.200655	0
11356635349.248518	0
11356668665.296381	0
11356701980.344242	2
11356735296.392107	0
11356768611.439968	0
11356801927.487831	0
11356835242.535692	0
11356868558.583557	0
11356901873.631418	0
11356935189.679281	0
11356968504.727144	0
11357001819.775005	0
11357035135.822868	0
11357068450.870731	0
11357101766.918594	1
11357135081.966455	0
11357168398.014318	0
11357201713.062181	0
11357235029.110044	1
11357268344.157906	0
11357301659.205769	0
11357334975.253632	0
11357368290.301493	0
11357401606.349356	0
11357434921.397219	0
11357468237.445082	0
11357501553.492945	1
11357534868.540806	0
11357568183.588669	0
11357601498.63653	0
11357634814.684393	1
11357668129.732256	0
11357701445.780119	0
11357734761.827982	0
11357768076.875843	0
11357801391.923706	2
11357834707.97157	0
11357868023.01943	0
11357901339.067293	0
11357934654.115156	0
11357967969.163017	0
11358001285.21088	0
11358034601.258745	2
11358067916.306606	0
11358101231.354467	0
11358134547.40233	0
11358167862.450193	0
11358201178.498056	0
11358234493.545918	1
11358267809.593782	0
11358301124.641644	0
11358334440.689507	0
11358367755.737368	0
11358401070.78523	0
11358434386.833094	0
11358467702.880957	0
11358501017.92882	0
11358534332.97668	0
11358567649.024544	1
11358600964.072407	1
11358634280.12027	0
11358667595.16813	0
11358700910.215992	0
11358734226.263857	0
11358767541.311718	0
11358800857.359581	0
11358834182.407457	0
11358867488.455307	0
11358900803.503168	0
11358934119.551031	0
11358967434.598894	0
11359000750.646757	0
11359034065.694618	1
11359067380.742481	0
11359100696.790344	1
11359134012.838207	1
11359167327.886068	0
11359200642.933931	0
11359233958.981794	0
11359267274.029655	2
11359300590.077518	0
11359333905.125381	0
11359367221.173244	0
11359400536.221106	0
11359433851.268969	0
11359467167.316832	0
11359500482.364693	0
11359533798.412556	0
11359567113.460419	0
11359600429.508282	1
11359633744.556143	0
11359667059.604006	0
11359700375.651869	0
11359733691.699732	0
11359767006.747593	0
11359800321.795456	0
11359833637.843319	0
11359866952.89118	0
11359900268.939043	1
11359933583.986906	0
11359966899.034767	0
11360000215.08263	0
11360033531.130495	0
11360066846.178356	1
11360100162.22622	0
11360133477.27408	0
11360166792.321943	0
11360200108.369806	0
11360233423.417667	0
11360266739.465532	0
11360300054.513393	0
11360333370.561256	0
11360366685.60912	0
11360400001.656982	0
11360433316.704844	0
11360466632.752707	0
11360499947.80057	0
11360533262.84843	0
11360566578.896294	0
11360599893.944157	0
11360633208.992018	1
11360666525.03988	1
11360699841.087744	0
11360733156.135607	0
11360766472.18347	0
11360799787.23133	0
11360833102.279194	2
11360866418.327057	0
11360899733.374918	0
11360933049.422781	0
11360966365.470644	0
11360999680.518507	0
11361032995.566368	0
11361066311.614231	0
11361099626.662094	0
11361132942.709957	0
11361166257.757818	0
11361199572.805681	0
11361232888.853544	1
11361266203.901405	3
11361299519.949268	0
11361332834.997131	0
11361366151.044994	1
11361399466.092855	0
11361432782.140718	0
11361466097.188581	0
11361499413.236444	0
11361532728.284306	0
11361566044.33217	0
11361599359.380032	0
11361632674.427893	0
11361665990.475756	0
11361699305.523619	1
11361732621.571482	1
11361765936.619343	1
11361799252.667208	1
11361832567.715069	0
11361865882.76293	0
11361899198.810793	0
11361932514.858658	0
11361965829.906519	0
11361999145.954382	0
11362032461.002245	1
11362065776.050106	1
11362099092.09797	0
11362132407.145832	1
11362165723.193695	0
11362199038.241556	2
11362232354.28942	0
11362265669.337282	0
11362298984.385143	0
11362332300.433006	0
11362365615.48087	0
11362398931.528732	0
11362432246.576593	0
11362465562.624456	0
11362498877.67232	0
11362532193.720182	0
11362565508.768044	0
11362598823.815907	0
11362632139.86377	0
11362665454.91163	0
11362698770.959494	0
11362732086.007357	0
11362765402.05522	0
11362798717.10308	0
11362832033.150944	0
11362865348.198807	0
11362898664.24667	0
11362931979.29453	0
11362965294.342394	0
11362998610.390257	1
11363031926.43812	0
11363065241.485981	1
11363098557.533846	0
11363131872.581707	0
11363165187.629568	0
11363198503.677431	0
11363231818.725294	0
11363265134.773157	0
11363298449.821018	0
11363331765.868883	0
11363365080.916744	0
11363398395.964605	0
11363431712.012468	0
11363465028.060333	0
11363498343.108194	0
11363531658.156055	0
11363564974.20392	0
11363598289.251781	0
11363631605.299644	0
11363664920.347507	0
11363698235.395369	0
11363731551.443232	0
11363764867.491095	0
11363798182.538958	0
11363831497.586819	0
11363864813.634682	0
11363898129.682545	0
11363931444.730408	0
11363964759.778269	0
11363998075.826132	0
11364031390.873995	0
11364064705.921856	0
11364098021.969719	0
11364131338.017582	0
11364164653.065445	0
11364197968.113306	0
11364231284.16117	0
11364264599.209032	0
11364297915.256895	0
11364331231.304758	0
11364364546.35262	0
11364397861.400482	0
11364431177.448345	0
11364464492.496206	0
11364497807.54407	0
11364531123.591932	0
11364564438.639793	0
11364597754.687656	0
11364631069.73552	0
11364664385.783382	0
11364697700.831244	0
11364731016.879107	0
11364764332.926971	0
11364797646.97483	0
11364830963.022694	0
11364864278.070557	0
11364897594.11842	0
11364930910.166283	0
11364964225.214144	0
11364997540.262007	0
11365030856.30987	0
11365064171.35773	0
11365097487.405596	0
11365130802.453457	0
11365164118.50132	0
11365197433.549181	0
11365230748.597044	0
11365264064.644907	0
11365730481.314981	0
11365763797.362844	0
11365797112.410707	0
11365830428.45857	0
11365863743.506432	0
11365897058.554295	0
11365930374.602158	0
11365963690.65002	0
11365997005.697882	0
11366030321.745745	0
11366063636.793608	0
11366096951.841469	0
11366130267.889332	0
11366163582.937195	0
11366196897.985056	0
11366230214.032919	0
11366263529.080782	0
11366296845.128645	0
11366330160.176506	0
11366363476.22437	0
11366396791.272232	0
11366430107.320095	0
11366463422.367956	0
11366496738.41582	0
11366530053.463682	0
11366563368.511543	0
11366596684.559406	0
11366629999.60727	0
11366663315.655132	0
11366696631.702995	0
11366729946.750856	0
11366763261.79872	0
11366796577.846582	0
11366829892.894444	0
11366863208.942308	0
11366896523.99017	0
11366929839.03803	0
11366963155.085896	0
11366996470.133757	0
11367029786.18162	0
11367063101.22948	0
11367096417.277346	0
11367129732.325207	0
11367163048.37307	0
11367196363.420933	0
11367229679.468796	0
11367262994.516657	0
11367296309.564518	0
11367329625.612383	0
11367362940.660244	0
11367396256.708107	0
11367429571.75597	0
11367462887.803833	0
11367496203.851696	0
11367529518.899557	0
11367562833.94742	0
11367596149.995283	0
11367629465.043144	0
11367662781.091007	0
11367696097.13887	0
11367729411.186731	0
11367762727.234594	0
11367796042.282457	0
11367829358.33032	0
11367862673.378181	0
11367895989.426044	0
11367929304.473907	0
11367962620.52177	0
11367995935.569632	0
11368029251.617495	0
11368062566.665358	0
11368095881.713219	0
11368129197.761082	0
11368162512.808945	0
11368195828.856808	0
11368229143.904669	0
11368262458.952532	0
11368295775.000395	0
11368329091.048258	0
11368362406.096119	0
11368395722.143984	0
11368429037.191845	0
11368462352.239706	0
11368495668.287569	0
11368528983.335432	0
11368562299.383295	0
11368595614.431156	0
11368628929.47902	0
11368662245.526882	0
11368695561.574745	0
11368728877.622608	0
11368762191.67047	0
11368795507.718332	0
11368828823.766195	0
11368862138.814058	0
11368895454.861921	0
11368928769.909782	0
11368962085.957645	0
11368995401.005508	0
11369028716.05337	0
11369062031.10123	0
11369095347.149096	0
11369128662.196957	0
11369161978.24482	0
11369195293.292683	0
11369228609.340546	0
11369261924.388407	0
11369295240.43627	0
11369328555.484133	0
11369361871.531996	0
11369395186.579857	0
11369428502.62772	0
11369461817.675583	0
11369495133.723446	0
11369528448.771307	0
11369561763.81917	0
11369595079.867033	0
11369628394.914894	0
11369661710.962757	0
11369695026.01062	0
11369728342.058483	0
11369761657.106344	0
11369794973.154207	0
11369828288.20207	0
11369861604.249933	0
11369894919.297794	0
11369928234.345657	0
11369961550.39352	0
11369994865.441381	0
11370028181.489244	0
11370061496.537107	0
11370094812.58497	0
11370128127.632832	0
11370161443.680696	0
11370194758.728558	0
11370228074.77642	0
11370261389.824282	0
11370294704.872145	0
11370328020.920008	0
11370361335.967869	0
11370394652.015734	0
11370427967.063595	0
11370461283.111458	0
11370494598.15932	0
11370527914.207184	0
11370561229.255045	0
11370594545.302908	0
11370627860.35077	0
11370661176.398634	0
11370694491.446495	0
11370727806.494358	0
11370761122.542221	0
11370794437.590082	0
11370827753.637945	0
11370861068.685808	0
11370894383.73367	0
11370927699.781532	0
11370961014.829395	0
11370994330.877258	0
11371027646.925121	0
11371060961.972982	0
11371094277.020845	0
11371127593.068708	0
11371160908.11657	0
11371194224.164433	0
11371227539.212296	0
11371260854.260157	0
11371294170.30802	0
11371327488.355886	0
11371360801.403746	0
11371394117.451609	0
11371427432.49947	0
11371460747.547333	0
11371494063.595196	0
11371527378.643057	0
11371560694.69092	0
11371594009.738783	0
11371627324.786644	0
11371660640.834507	0
11371693955.88237	0
11371727271.930233	0
11371760586.978094	0
11371793903.025957	0
11371827218.07382	0
11371860534.121683	0
11371893849.169544	0
11371927165.21741	0
11371960480.26527	0
11371993796.313133	0
11372027111.360996	0
11372060427.40886	0
11372093742.45672	0
11372127057.504581	0
11372160373.552446	0
11372193688.600307	0
11372227004.64817	0
11372260319.696033	0
11372293634.743895	0
11372326950.791758	0
11372360266.83962	0
11372393581.887484	0
11372426897.935347	0
11372460212.983208	0
11372493528.03107	0
11372526844.078934	1
11372560159.126795	0
11372593474.174656	0
11372626790.22252	0
11372660106.270384	0
11372693421.318245	0
11372726737.366108	0
11372760052.41397	0
11372793367.461832	1
11372826683.509695	1
11372859998.557558	0
11372893314.605421	0
11372926629.653282	0
11372959945.701145	0
11372993260.749008	0
11373026576.796871	0
11373059891.844732	0
11373093206.892595	0
11373126522.940458	0
11373159837.98832	0
11373193154.036182	0
11373226469.084045	0
11373259785.131908	1
11373293100.17977	0
11373326416.227633	0
11373359731.275496	0
11373393047.323359	0
11373426362.37122	0
11373459677.419083	0
11373492993.466946	0
11373526308.514807	0
11373559624.56267	0
11373592939.610533	0
11373626255.658396	0
11373659570.706257	0
11373692885.75412	0
11373726201.801983	0
11373759517.849846	0
11373792832.897709	0
11373826147.94557	0
11373859463.993433	0
11373892779.041294	0
11373926095.089159	0
11373959410.13702	0
11373992726.184883	0
11374026041.232746	0
11374059356.280607	0
11374092672.32847	0
11374125987.376331	0
11374159303.424196	0
11374192619.47206	0
11374225934.51992	0
11374259250.567783	0
11374292565.615646	0
11374325880.663507	0
11374359196.71137	0
11374392511.759233	0
11374425827.807096	0
11374459142.854958	0
11374492457.90282	0
11374525773.950684	0
11374559089.998547	0
11374592405.046408	0
11374625720.09427	0
11374659036.142134	0
11374692351.189995	0
11374725667.237858	0
11374758982.28572	0
11374792298.333584	0
11374825613.381445	0
11374858928.429308	0
11374892244.47717	0
11374925559.525032	0
11374958875.572895	0
11374992190.620758	0
11375025506.668621	0
11375058821.716482	0
11375092136.764345	0
11375125453.81221	0
11375158768.860071	0
11375192083.907932	0
11375225399.955797	0
11375258715.003658	0
11375292030.05152	0
11375325346.099384	0
11375358661.147245	0
11375391977.195108	0
11375425292.24297	0
11375458608.290834	0
11375491923.338696	0
11375525239.386559	0
11375558554.434422	0
11375591870.482285	0
11375625185.530146	0
11375658501.578009	0
11375691816.625872	0
11375725131.673733	0
11375758447.721596	0
11375791762.769459	0
11375825078.817322	0
11375858393.865183	0
11375891708.913044	0
11375925024.960909	0
11375958340.00877	0
11375991656.056633	0
11376024971.104496	0
11376058287.152359	0
11376091603.200222	0
11376124918.248083	0
11376158233.295946	0
11376191548.343807	0
11376224864.39167	0
11376258180.439533	0
11376291495.487396	0
11376324810.535257	0
11376358126.58312	0
11376391441.630983	0
11376424757.678846	0
11376458072.726707	0
11376491388.77457	0
11376524703.822433	0
11376558019.870296	0
11376591334.918158	0
11376624650.96602	0
11376657966.013884	0
11376691281.061745	0
11376724597.109608	0
11376757912.15747	0
11376791228.205334	0
11376824543.253195	0
11376857859.301058	0
11376891174.34892	0
11376924490.396784	0
11376957805.444645	0
11376991120.492508	0
11377024436.54037	0
11377057752.588234	0
11377091067.636097	0
11377124382.683958	0
11377157698.731821	0
11377191013.779682	0
11377224329.827547	0
11377257644.875408	0
11377290959.92327	0
11377324275.971134	0
11377357592.018997	0
11377390907.066858	0
11377424222.11472	0
11377457538.162584	0
11377490853.210445	0
11377524169.258308	0
11377557484.306171	0
11377590800.354034	0
11377624115.401896	0
11377657431.449759	0
11377690746.497622	0
11377724062.545485	0
11377757377.593346	0
11377790692.641209	0
11377824008.689072	0
11377857323.736933	0
11377890639.784796	0
11377923954.832659	0
11377957270.880522	0
11377990585.928383	0
11378023901.976246	0
11378057217.024109	0
11378090532.07197	0
11378123848.119833	0
11378157163.167696	0
11378190479.215559	0
11378223794.26342	0
11378257110.311283	0
11378290425.359146	0
11378323741.40701	0
11378357056.45487	0
11378390371.502733	0
11378423687.550596	0
11378457003.59846	0
11378490318.64632	0
11378523633.694183	1
11378556949.742046	0
11378590264.789907	0
11378623579.83777	0
11378656895.885633	0
11378690210.933495	0
11378723526.981358	0
11378756843.029222	0
11378790158.077084	0
11378823473.124945	0
11378856789.17281	0
11378890105.220673	0
11378923421.268536	0
11378956735.316395	0
11378990051.36426	0
11379023366.41212	0
11379056682.459984	0
11379089997.507847	0
11379123313.55571	0
11379156628.60357	0
11379189943.651432	0
11379223259.699297	0
11379256574.747158	0
11379289890.795021	0
11379323206.842884	0
11379356521.890747	0
11379389836.938608	0
11379423151.986471	0
11379456468.034334	0
11379489784.082197	0
11379523099.130058	0
11379556414.177921	0
11379589730.225784	0
11379623045.273645	0
11379656361.321508	0
11379689677.369371	0
11379722992.417234	0
11379756307.465096	0
11379789624.51296	0
11379822938.560822	0
11379856254.608685	0
11379889569.656546	0
11379922884.704409	0
11379956200.752272	0
11379989515.800133	0
11380022831.847996	0
11380056146.895859	0
11380089462.943722	0
11380122777.991583	0
11380156094.039446	0
11380189409.087309	0
11380222725.135172	0
11380256040.183033	0
11380289355.230896	0
11380322671.278759	0
11380355987.326622	0
11380389302.374485	0
11380422617.422346	0
11380455933.47021	0
11380489248.51807	0
11380522564.565935	0
11380555879.613796	0
11380589195.66166	0
11380622510.709522	0
11380655826.757385	0
11380689141.805246	0
11380722457.85311	0
11380755772.900972	0
11380789087.948833	0
11380822403.996696	0
11380855719.04456	0
11380889035.092422	0
11380922350.140284	0
11380955665.188145	0
11380988981.23601	0
11381022296.28387	0
11381055612.331734	0
11381088928.379597	0
11381122243.42746	0
11381155558.47532	0
11381188874.523184	0
11381222189.571047	0
11381255504.618908	0
11381288820.66677	0
11381322136.714634	0
11381355451.762497	0
11381388767.81036	0
11381422082.858221	0
11381455398.906084	0
11381488713.953947	0
11381522029.001808	0
11381555345.049671	0
11381588660.097534	0
11381621976.145397	0
11381655291.193258	0
11381688607.241121	0
11381721922.288984	0
11381755238.336847	0
11381788553.384708	0
11381821868.432571	0
11381855184.480434	0
11381888499.528296	0
11381921815.576159	0
11381955130.624022	0
11381988446.671885	0
11382021761.719746	0
11382055076.767609	0
11382088392.815472	0
11382121707.863333	0
11382155023.911198	0
11382188338.959059	0
11382221655.006922	0
11382254970.054783	0
11382288287.102648	0
11382321601.150509	0
11382354917.198372	0
11382388232.246235	0
11382421548.294098	0
11382454863.341959	0
11382488179.389822	0
11382521494.437685	0
11382554810.485548	0
11382588124.533407	0
11382621440.581272	0
11382654756.629135	0
11382688071.676996	0
11382721387.72486	0
11382754702.772722	0
11382788018.820585	0
11382821333.868446	0
11382854649.91631	0
11382887964.964172	0
11382921280.012033	0
11382954596.059896	0
11382987911.10776	0
11383021227.155622	0
11383054542.203484	0
11383087857.251347	0
11383121173.29921	0
11383154489.347073	0
11383187804.394934	0
11383221120.442797	0
11383254435.49066	0
11383287750.53852	0
11383321066.586384	0
11383354381.634247	0
11383387697.68211	0
11383421012.72997	0
11383454327.777834	0
11383487643.825697	0
11383520959.87356	0
11383554274.921421	0
11383587590.969286	0
11383620906.017147	0
11383654221.065008	0
11383687537.112873	1
11383720852.160734	0
11383754168.208597	0
11383787483.256458	0
11383820799.304323	0
11383854114.352184	0
11383887429.400045	0
11383920745.44791	0
11383954061.495773	0
11383987376.543634	0
11384020691.591496	0
11384054006.639359	0
11384087322.687222	0
11384120638.735085	0
11384153953.782948	0
11384187269.83081	0
11384220584.878672	0
11384253899.926533	0
11384287215.974398	0
11384320531.022259	0
11384353847.070122	0
11384387162.117985	0
11384420478.165848	0
11384453793.213709	0
11384487109.261572	0
11384520424.309435	0
11384553739.357296	0
11384587055.405159	0
11384620370.453022	0
11384653686.500885	0
11384687001.548746	0
11384720317.59661	0
11384753632.644472	0
11384786948.692335	0
11384820263.740196	0
11384853579.78806	0
11384886894.835922	0
11384920209.883783	0
11384953525.931646	0
11384986840.97951	0
11385020157.027372	0
11385053472.075233	0
11385086788.123096	0
11385120103.17096	0
11385153419.218822	0
11385186734.266684	0
11385220050.314547	0
11385253365.36241	0
11385286681.410273	0
11385319997.458136	0
11385353312.505999	0
11385386627.55386	0
11385419942.60172	0
11385453258.649586	1
11385486574.697449	0
11385519889.74531	0
11385553204.79317	0
11385586520.841036	0
11385619835.888897	0
11385653150.936758	1
11385686466.984623	0
11385719782.032484	0
11385753098.080347	0
11385786413.128208	0
11385819729.176073	0
11385853044.223934	0
11385886360.271797	0
11385919675.31966	0
11385952991.367523	0
11385986306.415384	0
11386019622.463247	0
11386052937.51111	0
11386086253.558973	0
11386119568.606834	0
11386152883.654697	0
11386186199.70256	1
11386219514.750422	0
11386252830.798285	0
11386286145.846148	0
11386319460.894009	0
11386352777.941874	0
11386386092.989735	0
11386419408.037598	0
11386452723.085459	0
11386486039.133322	0
11386519354.181185	0
11386552670.229048	0
11386585985.276909	1
11386619301.324772	0
11386652616.372635	0
11386685932.420498	0
11386719247.468359	0
11386752562.516222	0
11386785878.564085	0
11386819193.611946	0
11386852509.65981	0
11386885824.707672	0
11386919140.755535	0
11386952455.803396	0
11386985771.851261	0
11387019086.899122	0
11387052401.946983	0
11387085717.994846	0
11387119034.042711	0
11387152349.090572	0
11387185664.138433	0
11387218980.186298	0
11387252295.23416	0
11387285611.282022	0
11387318926.329884	0
11387352242.377748	0
11387385558.425611	0
11387418872.47347	0
11387452188.521336	0
11387485503.569197	0
11387518819.61706	1
11387552134.66492	1
11387585450.712786	0
11387618765.760647	0
11387652081.80851	2
11387685396.856373	0
11387718712.904236	0
11387752027.952097	0
11387785343.99996	0
11387818659.047823	0
11387851975.095686	0
11387885290.143547	0
11387918606.19141	0
11387951921.239273	0
11387985236.287134	0
11388018552.334997	0
11388051867.38286	0
11388085183.430723	0
11388118498.478584	0
11388151814.526447	0
11388185129.57431	0
11388218445.622173	0
11388251760.670034	0
11388285076.717897	0
11388318391.76576	0
11388351716.813637	0
11388385022.861485	0
11388418337.909348	0
11388451653.95721	1
11388484969.005072	1
11388518285.052935	1
11388551600.100798	0
11388584915.148659	0
11388618231.196522	0
11388651546.244385	0
11388684862.292248	1
11388718178.34011	1
11388751493.387974	0
11388784808.435835	0
11388818124.483698	0
11388851439.531559	0
11388884754.579422	0
11388918070.627285	0
11388951385.675146	0
11388984701.723011	0
11389018016.770872	0
11389051332.818735	0
11389084647.866596	0
11389117963.914461	0
11389151278.962322	0
11389184595.010185	0
11389217910.058048	0
11389251226.105911	0
11389284542.153774	0
11389317856.201633	0
11389351172.249498	0
11389384487.29736	0
11389417808.34523	0
11389451118.393085	0
11389484434.440948	0
11389517749.48881	0
11389551064.536673	0
11389584380.584536	0
11389617696.632399	0
11389651011.68026	0
11389684326.728123	1
11389717642.775986	1
11389750957.823847	0
11389784273.87171	0
11389817588.919573	0
11389850904.967436	0
11389884220.015297	0
11389917536.06316	0
11389950851.111023	0
11389984167.158886	0
11390017482.206747	0
11390050798.25461	0
11390084113.302473	0
11390117429.350336	0
11390150744.398197	0
11390184059.44606	0
11390217375.493923	0
11390250690.541784	0
11390284005.589647	0
11390317321.63751	0
11390350637.685373	0
11390383952.733234	0
11390417268.7811	0
11390450583.82896	0
11390483898.876822	0
11390517214.924686	0
11390550529.972548	0
11390583846.02041	0
11390617161.068272	0
11390650477.116137	0
11390683792.163998	0
11390717108.21186	0
11390750423.259724	0
11390783739.307587	0
11390817054.355448	0
11390850369.403309	0
11390883685.451174	0
11390917000.499035	0
11390950316.546898	0
11390983632.59476	0
11391016947.642624	0
11391050262.690485	0
11391083578.738348	0
11391116893.786211	0
11391150208.834072	0
11391183524.881935	0
11391216840.929798	0
11391250155.977661	0
11391283471.025522	0
11391316787.073385	0
11391350102.121248	0
11391383417.16911	0
11391416733.216972	0
11391450049.264835	0
11391483364.312698	0
11391516680.360561	0
11391549995.408422	0
11391583310.456285	0
11391616626.504148	0
11391649941.55201	0
11391683257.599873	0
11391716573.647738	0
11391749888.695599	0
11391783203.74346	0
11391816519.791323	0
11391849834.839186	0
11391883150.887049	0
11391916465.93491	0
11391949780.982773	0
11391983097.030636	0
11392016412.078497	0
11392049728.126362	0
11392083043.174223	0
11392116359.222086	0
11392149674.269947	0
11392182990.317812	0
11392216305.365673	0
11392249621.413536	0
11392282936.4614	0
11392316251.50926	0
11392349567.557123	0
11392382882.604984	0
11392416198.65285	0
11392449513.70071	0
11392482829.748573	0
11392516144.796436	0
11392549460.8443	0
11392582775.89216	0
11392616090.940022	0
11392649406.987886	0
11392682722.035748	0
11392716038.08361	0
11392749353.131474	0
11392782669.179337	1
11392815984.227198	0
11392849300.27506	0
11392882615.322924	0
11392915931.370787	0
11392949246.418648	0
11392982562.46651	0
11393015877.514374	0
11393049192.562235	0
11393082508.610098	0
11393115823.65796	0
11393149139.705824	0
11393182454.753685	0
11393215770.801548	0
11393249085.849411	0
11393282400.897272	0
11393315716.945135	0
11393349031.992998	0
11393382348.040861	0
11393415663.088722	0
11393448979.136585	0
11393482294.184448	0
11393515610.232311	0
11393548925.280172	0
11393582241.328035	0
11393615556.375898	0
11393648871.42376	0
11393682187.471622	0
11393715503.519487	0
11393748818.567348	0
11393782134.615211	0
11393815449.663074	0
11393848764.710936	0
11393882080.758799	0
11393915395.80666	0
11393948711.854525	0
11393982026.902386	0
11394015341.950247	0
11394048657.998112	0
11394081974.045975	0
11394115289.093836	0
11394148604.141697	0
11394181919.18956	0
11394215235.237423	0
11394248551.285286	0
11394281866.333149	0
11394448443.57246	0
11394481759.620323	0
11394515074.668186	0
11394548390.71605	0
11394581705.76391	0
11394615021.811773	0
11394648336.859636	0
11394681651.907497	0
11394714967.95536	0
11394748284.003223	0
11394781599.051086	0
11394814915.09895	0
11394848230.14681	0
11394881545.194674	0
11394914861.242537	0
11394948176.290398	0
11394981492.33826	0
11395014807.386124	0
11395048123.433987	0
11395081438.481848	0
11395114753.52971	0
11395148069.577574	0
11395181384.625435	0
11395214700.673298	0
11395248015.72116	0
11395281331.769024	0
11395314647.816887	0
11395347961.864748	0
11395381277.912611	0
11395414593.960474	0
11395481224.056198	0
11395514540.104061	0
11395547855.151922	0
11395581171.199787	0
11395614486.247648	0
11395647802.295511	0
11395681117.343372	0
11395714433.391237	0
11395747748.439098	0
11395781064.486961	0
11395814379.534824	0
11395847694.582685	0
11395881010.630548	0
11395914325.67841	0
11395947641.726274	0
11395980956.774136	0
11396014272.821999	0
11396047587.869862	0
11396080902.917723	0
11396114218.965586	0
11396147535.013449	0
11396180850.061312	0
11396214165.109173	0
11396247481.157036	0
11396280796.204899	0
11396314112.252762	0
11396347427.300623	0
11396380743.348486	0
11396414058.396349	0
11396447374.444212	0
11396480689.492073	0
11396514004.539936	0
11396547320.5878	0
11396580635.63566	0
11396613951.683523	0
11396647267.731386	0
11396680582.77925	0
11396713897.82711	0
11396747213.874973	0
11396780528.922836	0
11396813843.970697	0
11396847160.01856	0
11396880475.066423	0
11396913791.114286	0
11396947106.162148	0
11396980422.21001	0
11397013737.257874	0
11397047053.305737	0
11397080368.353598	0
11397113684.401463	0
11397146999.449324	0
11397180315.497187	0
11397213630.545048	0
11397246945.59291	0
11397280261.640774	0
11397313577.688637	0
11397346892.7365	0
11397380207.78436	0
11397413523.832224	0
11397446838.880085	0
11397480154.92795	0
11397513469.975811	0
11397546786.023674	0
11397580102.071537	0
11397613416.119398	0
11397646732.167261	0
11397680047.215124	0
11397713363.262987	0
11397746679.31085	0
11397779994.358711	0
11397813309.406574	0
11397846625.454437	0
11397879941.5023	0
11397913255.550161	0
11397946571.598024	2
11397979886.645885	0
11398013202.693748	0
11398046518.741611	0
11398079833.789474	0
11398113148.837336	0
11398146464.885199	0
11398179779.933062	0
11398213095.980925	0
11398246411.028786	0
11398279726.076649	0
11398313042.124512	0
11398346358.172375	0
11398379673.220236	0
11398412988.268099	0
11398446304.315962	0
11398479619.363823	0
11398512935.411686	0
11398546250.459549	0
11398579566.507412	0
11398612881.555273	0
11398646196.603136	0
11398679512.651	0
11398712827.69886	0
11398746143.746723	0
11398779458.794586	0
11398812774.84245	0
11398846089.89031	0
11398879405.938175	0
11398912720.986036	0
11398946037.0339	0
11398979352.08176	0
11399012668.129625	0
11399045983.177486	0
11399079298.225348	0
11399112614.273212	0
11399145929.321074	0
11399179246.368938	0
11399212560.416798	0
11399245876.464663	0
11399279191.512524	0
11399312507.560387	0
11399345822.60825	0
11399379138.656113	0
11399412453.703974	0
11399445768.751837	0
11399479087.799704	0
11399512399.84756	0
11399545715.895424	0
11399579030.943287	0
11399612346.99115	0
11399645662.039011	1
11399678977.086874	0
11399712293.134737	0
11399745608.182598	0
11399778924.230461	0
11399812239.278324	0
11399845555.326187	0
11399878870.374048	0
11399912186.421911	0
11399945501.469774	1
11399978817.517637	0
11400012132.565498	0
11400045448.613361	0
11400078763.661224	0
11400112079.709087	0
11400145394.756948	0
11400178710.804811	0
11400212025.852674	0
11400245341.900537	0
11400278656.948399	0
11400311971.996262	0
11400345288.044125	0
11400378603.091986	0
11400411919.13985	0
11400445234.187712	0
11400478549.235573	0
11400511865.283436	0
11400545181.3313	0
11400578496.379162	0
11400611812.427025	0
11400645127.474888	0
11400678442.522749	0
11400711758.570612	0
11400745073.618473	0
11400778388.666336	1
11400811704.7142	1
11400845020.762062	0
11400878335.809925	0
11400911650.857786	0
11400944966.90565	0
11400978281.95351	0
11401011598.001375	0
11401044913.049236	0
11401078229.0971	0
11401111544.144962	0
11401144860.192825	0
11401178175.240686	0
11401211491.28855	0
11401244806.336412	0
11401278122.384275	0
11401311437.432137	0
11401344752.48	1
11401378068.527863	0
11401411383.575724	0
11401444699.623587	0
11401478014.67145	2
11401511330.719313	0
11401544645.767174	0
11401577960.815037	0
11401611276.8629	0
11401644591.91076	0
11401677907.958624	0
11401711223.006487	0
11401744539.05435	0
11401777854.102211	0
11401811169.150074	0
11401844485.197937	2
11401877801.2458	0
11401911116.293661	0
11401944431.341524	0
11401977747.389387	3
11402011062.437248	0
11402044378.485111	0
11402077693.532974	0
11402111009.580837	0
11402144324.628698	2
11402177640.676563	1
11402210955.724424	0
11402244271.772287	1
11402277586.820148	1
11402310901.868011	0
11402344217.915874	0
11402377532.963736	0
11402410849.0116	0
11402444164.059462	2
11402477480.107325	0
11402510795.155186	0
11402544111.20305	0
11402577427.250914	0
11402610742.298775	0
11402644057.346638	1
11402677373.3945	0
11402710688.442362	0
11402744003.490225	0
11402777319.538088	0
11402810635.58595	0
11402843950.633812	0
11402877265.681675	0
11402910580.729536	0
11402943896.7774	0
11402977212.825262	0
11403010527.873125	0
11403043842.920986	2
11403077158.96885	0
11403110475.016712	0
11403143790.064575	0
11403177105.112436	0
11403210420.1603	0
11403243736.208162	1
11403277052.256025	0
11403310367.303886	0
11403343683.35175	0
11403376998.399612	0
11403410313.447474	0
11403443629.495337	0
11403476945.5432	0
11403510260.591063	1
11403543575.638924	0
11403576891.686787	0
11403610206.73465	0
11403643522.782513	0
11403676837.830374	0
11403710152.878237	0
11403743468.9261	0
11403776783.97396	0
11403810100.021824	0
11403843415.069687	0
11403876731.11755	0
11403910046.165411	0
11403943362.213276	0
11403976677.261137	1
11404009992.308998	1
11404043308.356861	0
11404076623.404724	0
11404109939.452587	0
11404143255.50045	0
11404176570.548313	0
11404209885.596174	0
11404243201.644037	0
11404276516.691898	0
11404309832.739763	0
11404343147.787624	0
11404376463.835487	0
11404409778.88335	0
11404443093.931211	0
11404476409.979074	0
11404509726.026937	0
11404543041.0748	0
11404576356.122662	0
11404609672.170525	0
11404642987.218388	1
11404676303.26625	0
11404709618.314112	2
11404742933.361975	1
11404776249.409838	0
11404809565.4577	0
11404842880.505562	0
11404876195.553425	0
11404909511.601288	0
11404942826.649149	0
11404976142.697012	0
11405009457.744875	0
11405042773.792738	3
11405076088.8406	1
11405109403.888462	0
11405142719.936325	0
11405176035.984188	1
11405209351.03205	1
11405242666.079912	0
11405275982.127775	0
11405309297.175636	1
11405342613.2235	1
11405375928.271362	0
11405409244.319225	0
11405442559.367086	0
11405475875.414951	2
11405509190.462812	0
11405542506.510675	0
11405575821.558537	0
11405609136.6064	1
11405642452.654263	1
11405675768.702126	0
11405709083.749989	0
11405742398.79785	0
11405775714.845713	0
11405809029.893574	0
11405842344.941437	0
11405875660.9893	0
11405908976.03716	1
11405942292.085026	1
11405975607.132887	2
11406008923.18075	0
11406042238.228613	0
11406075554.276476	1
11406108869.324337	0
11406142185.3722	0
11406175500.420063	0
11406208815.467924	0
11406242131.515787	0
11406275446.56365	0
11406308762.611513	0
11406342077.659374	0
11406375393.707237	2
11406408708.7551	0
11406442024.802963	0
11406475339.850824	0
11406508655.898687	1
11406541970.94655	0
11406575286.994413	0
11406608602.042274	0
11407807959.765326	0
11407841275.813189	0
11407874590.86105	1
11407907906.908913	0
11407941221.956776	0
11407974537.004637	0
11408007853.0525	0
11408041169.100363	0
11408074484.148226	0
11408107799.196087	0
11408141115.24395	0
11408174430.291813	1
11408207746.339676	0
11408241061.387537	0
11408274377.4354	0
11408307692.483263	0
11410673092.8815	2
11410706408.929363	0
11410739723.977224	0
11410773040.02509	1
11410806355.07295	0
11410839671.120813	1
11410872986.168674	2
11410906302.21654	2
11410939617.2644	0
11410972932.312262	0
11411006248.360126	0
11411039563.407988	0
11411072879.45585	0
11411106194.503714	0
11411139509.551575	0
11411172825.599438	0
11411206140.647299	0
11411239456.695164	0
11411272771.743025	0
11411306087.790888	0
11411339402.83875	0
11411372718.886614	0
11411406033.934475	0
11411439349.982338	0
11411472665.030201	0
11411505981.078064	0
11411539296.125925	0
11411572612.173788	0
11411605928.221651	0
11411639242.269512	0
11411672558.317375	0
11411705873.365238	0
11411739189.413101	0
11411772505.460964	0
11411805820.508825	0
11411839135.556688	0
11411872451.604551	0
11411905766.652412	0
11411939082.700275	0
11411972397.748138	0
11412005712.796	0
11412039028.843863	0
11412072343.891726	0
11412105659.939589	0
11412138974.98745	0
11412172291.035313	0
11412205606.083176	0
11412238922.131039	0
11412272237.1789	0
11412305553.226765	0
11412338868.274626	0
11412372183.322487	0
11412405499.37035	0
11412438815.418215	0
11412472130.466076	0
11412505445.513937	0
11412538761.561802	0
11412572076.609663	0
11412605392.657526	0
11412638707.705387	0
11412672022.75325	0
11412705338.801113	0
11412738654.848976	0
11412771969.89684	0
11412805284.9447	0
11412838600.992563	0
11412871916.040426	0
11412905232.08829	0
11412938547.13615	0
11412971863.184013	0
11413005178.231876	0
11413038494.27974	0
11413071809.3276	0
11413105124.375463	0
11413138440.423326	0
11413171755.471188	0
11413205071.51905	0
11413238386.566914	0
11413271701.614775	0
11413305017.662638	0
11413338333.7105	0
11413371648.758364	0
11413404963.806225	0
11413438279.854088	0
11413471595.90195	0
11413504910.949814	0
11413538225.997675	0
11413571541.045538	0
11413604857.093401	0
11413638173.141264	0
11413671488.189125	0
11413704804.236988	0
11413738119.284851	0
11413771434.332712	0
11413804750.380575	0
11413838065.428438	0
11413871381.476301	0
11413904697.524164	0
11413938012.572025	0
11413971327.619888	0
11414004642.66775	0
11414037958.715612	0
11414071274.763477	0
11414104589.811338	0
11414137904.8592	0
11414171220.907063	0
11414204535.954926	0
11414237852.002789	0
11414271167.05065	0
11414304483.098515	0
11414337798.146376	0
11414371114.194239	0
11414404429.242102	0
11414437744.289963	0
11414471060.337826	0
11414504376.385689	0
11414537691.433552	0
11414571006.481413	0
11414604322.529276	0
11414637637.577139	0
11414670953.625002	0
11414704268.672863	0
11414737583.720724	0
11414770899.768589	0
11414804214.81645	0
11414837530.864313	0
11414870845.912176	0
11414904161.96004	0
11414937477.0079	1
11414970793.055763	1
11415004108.103626	0
11415037424.15149	0
11415070739.19935	0
11415104055.247213	0
11415137370.295076	0
11415170686.34294	0
11415204001.3908	0
11415237317.438663	0
11415270632.486526	0
11415303947.534388	0
11415337263.58225	0
11415370578.630114	0
11415403894.677977	0
11415437209.725838	0
11415470524.7737	0
11415503840.821564	0
11415537156.869427	0
11415570471.917288	0
11415603786.96515	0
11415637103.013014	0
11415670418.060875	0
11415703734.108738	0
11415737049.1566	0
11415770365.204464	0
11415803680.252325	0
11415836996.30019	0
11415870311.348051	0
11415903627.395914	0
11415936942.443775	0
11415970258.49164	0
11416003573.539501	0
11416036888.587362	0
11416070204.635227	0
11416103519.683088	0
11416136835.730951	0
11416170150.778814	0
11416203466.826677	0
11416236782.87454	0
11416270096.9224	0
11416303412.970264	0
11416336728.018126	0
11416370044.065989	0
11416403359.113852	0
11416436675.161715	0
11416469990.209576	0
11416503306.257439	0
11416536621.305302	0
11416569936.353163	0
11416603252.401026	0
11416636567.448889	0
11416669883.496752	0
11416703198.544613	0
11416736514.592476	0
11416769829.640339	0
11416803145.688202	0
11416836460.736063	0
11416869775.783926	0
11416903091.831789	0
11416936406.87965	0
11416969723.927515	0
11417003037.975376	0
11417036354.02324	0
11417069669.0711	0
11417102985.118963	0
11417136300.166826	0
11417169616.21469	0
11417202931.26255	0
11417236247.310413	0
11417269562.358276	0
11417302878.40614	0
11417336193.454	0
11417369508.501863	0
11417402824.549726	0
11417436139.597588	0
11417469455.64545	0
11417502770.693314	0
11417536086.741177	0
11417569401.789038	0
11417602716.8369	0
11417636032.884764	0
11417669347.932625	0
11417702663.98049	0
11417735979.02835	0
11417769295.076214	0
11417802611.124077	0
11417835926.17194	0
11417869247.21981	0
11417902557.267664	0
11417935872.315527	0
11417969188.36339	0
11418002503.411251	0
11418035819.459114	0
11418069134.506977	0
11418102450.55484	0
11418135765.602701	0
11418169080.650564	0
11418202396.698427	0
11418235711.746288	0
11418269027.794151	0
11418302343.842014	0
11418335658.889877	0
11418368973.937738	0
11418402288.985601	0
11418435605.033464	0
11418468920.081326	0
11418502236.129189	0
11418535551.177052	0
11418568867.224915	0
11418602182.272776	0
11418635498.320639	0
11418668813.368502	0
11418702129.416365	0
11418735444.464226	0
11418768760.512089	0
11418802075.559952	0
11418835390.607813	0
11418868706.655676	0
11418902022.70354	0
11418935337.751402	0
11418968652.799263	0
11419001968.847126	0
11419035283.894989	0
11419068599.942852	0
11419101914.990713	0
11419135231.038578	0
11419168546.08644	0
11419201861.1343	0
11419235177.182163	0
11419268492.230026	0
11419301808.27789	0
11419335123.32575	0
11419368439.373615	0
11419401754.421476	0
11419435070.46934	0
11419468385.517202	0
11419501701.565065	0
11419535016.612926	0
11419568331.660788	0
11419601647.708652	0
11419634962.756514	0
11419668278.804377	0
11419701599.852247	0
11419734909.900103	0
11419768224.947964	0
11419801540.995827	0
11419834856.04369	0
11419868172.091553	0
11419901487.139414	0
11419934802.187277	0
11419968118.23514	0
11420001433.283	0
11420034749.330864	0
11420068064.378727	0
11420101380.42659	0
11420134695.474451	0
11420168010.522314	0
11420201326.570177	0
11420234642.61804	0
11420267957.665901	0
11420301272.713764	0
11420334588.761627	0
11420367903.809488	0
11420401219.857351	0
11420434535.905216	0
11420467849.953075	0
11420501166.000938	0
11420534482.048801	0
11420567797.096664	0
11420601112.144526	0
11420634428.192389	0
11420667743.240252	0
11420701059.288115	0
11420734374.335976	0
11420767690.383839	0
11420801005.431702	0
11420834320.479563	0
11420867636.527426	0
11420900951.575289	0
11420934267.623152	0
11420967582.671013	0
11421000898.718876	0
11421034213.766739	0
11421067529.814602	0
11421100844.862463	0
11421134160.910328	0
11421167475.958189	0
11421200792.006052	0
11421234107.053915	0
11421267423.101778	0
11421300738.14964	0
11421334053.1975	0
11421367369.245365	0
11421400684.293226	0
11421434000.34109	0
11421467315.388952	0
11421500631.436815	0
11421533946.484676	0
11421567262.53254	0
11421600577.580402	0
11421633893.628265	0
11421667208.676126	0
11421700523.72399	0
11421733839.771852	0
11421767154.819714	0
11421800470.867577	0
11421833785.91544	0
11421867101.963303	0
11421900417.011164	0
11421933734.059029	0
11421967048.10689	0
11422000364.154753	0
11422033679.202614	0
11422066995.250477	0
11422100310.29834	0
11422133625.3462	0
11422166941.394064	0
11422200256.441927	0
11422233572.48979	0
11422266887.537651	0
11422300203.585514	0
11422333518.633377	0
11422366834.68124	0
11422400149.729101	0
11422433465.776966	0
11422466780.824827	0
11422500095.872688	0
11422533411.920551	0
11422566726.968414	0
11422600043.016277	0
11422633358.064138	0
11422666674.112003	0
11422699989.159864	0
11422733305.207727	0
11422766620.25559	0
11422799936.303453	0
11422833251.351315	0
11422866567.399178	0
11422899882.44704	0
11422933197.494902	0
11422966513.542765	0
11422999828.590628	0
11423033144.63849	0
11423066459.686352	0
11423099775.734215	0
11423133090.782078	0
11423166405.829939	0
11423199721.877802	0
11423233036.925665	0
11423266352.973528	0
11423299668.021389	0
11423332984.069252	0
11423366299.117115	0
11423399615.164978	0
11423432930.21284	0
11423466246.260702	0
11423499561.308565	0
11423532876.356426	0
11423566192.40429	0
11423599507.452152	0
11423632823.500015	0
11423666138.547876	0
11423699454.59574	0
11423732769.643602	0
11423766085.691465	0
11423799400.739326	0
11423832715.78719	0
11423866031.835052	0
11423899346.882914	0
11423932662.930777	0
11423965977.97864	0
11423999294.026503	0
11424032609.074364	0
11424065925.122227	0
11424099240.17009	0
11424132555.21795	0
11424165871.265814	0
11424199186.313677	0
11424232502.36154	0
11424265817.4094	0
11424299133.457264	0
11424332448.505127	0
11424365764.55299	0
11424399079.600851	0
11424432395.648716	0
11424465710.696577	0
11424499026.74444	0
11424532341.792303	0
11424565657.840166	0
11424598972.888027	0
11424632287.935888	0
11424665603.983753	0
11424698919.031614	0
11424732235.079477	0
11424765550.12734	0
11424798866.175203	0
11424832181.223064	0
11424865496.270926	0
11424898812.31879	0
11424932128.366653	0
11424965443.414515	0
11424998759.462378	0
11425032074.51024	0
11425065389.558102	0
11425098705.605965	0
11425132020.653828	0
11425165336.70169	0
11425198651.749552	0
11425231966.797415	0
11425265282.845278	0
11425298597.893139	0
11425331913.941002	0
11425365228.988865	0
11425398545.036728	0
11425431860.084589	0
11425465176.132452	0
11425498491.180315	0
11425531806.228176	0
11425565122.27604	0
11425598438.323902	0
11425631753.371765	0
11425665069.419628	0
11425698384.46749	0
11425731700.515354	0
11425765015.563215	0
11425798330.611076	0
11425831646.65894	0
11425864961.706802	0
11425898277.754665	0
11425931592.802526	0
11425964908.850391	0
11425998223.898252	0
11426031538.946114	0
11426064854.993979	0
11426098170.04184	0
11426131486.089703	0
11426164801.137564	0
11426198117.185429	0
11426231432.23329	0
11426264747.28115	0
11426298063.329016	0
11426331379.376879	0
11426364694.42474	0
11426398009.4726	0
11426431325.520466	0
11426464640.568327	0
11426497956.61619	0
11426531271.664053	0
11426564586.711914	0
11426597902.759777	0
11426631217.807638	0
11426664533.855503	0
11426697848.903364	0
11426731164.951227	0
11426764479.99909	0
11426797796.046953	0
11426831111.094814	0
11426864427.142677	0
11426897742.19054	0
11426931058.238403	0
11426964373.286264	0
11426997688.334127	0
11427031004.38199	0
11427064319.429852	0
11427097635.477715	0
11427130950.525578	0
11427164266.57344	0
11427197581.621302	0
11427230896.669165	0
11427264212.717028	0
11427297528.76489	0
11427330843.812752	0
11427364158.860615	0
11427397474.908478	0
11427430790.95634	0
11427464106.004202	0
11427497421.052065	0
11427530737.099928	0
11427564052.147789	0
11427597368.195652	1
11427630683.243515	0
11427663998.291376	0
11427697314.33924	0
11427730629.387102	0
11427763945.434965	0
11427797261.482828	0
11427830576.530691	0
11427863891.578552	0
11427897207.626415	0
11427930522.674276	0
11427963838.722141	0
11427997153.770002	0
11428030469.817865	0
11428063784.865728	0
11428097099.91359	0
11428130415.961452	0
11428163731.009314	0
11428197047.057178	0
11428230362.10504	0
11428263678.152903	0
11428296994.200766	0
11428330309.248629	0
11428363624.29649	0
11428396940.344353	0
11428430255.392216	0
11428463570.440077	0
11428496886.48794	0
11428530201.535803	0
11428563517.583666	0
11428596832.631527	0
11428630148.67939	0
11428663463.727253	0
11428696779.775116	0
11428730094.822977	0
11428763410.87084	0
11428796725.918703	0
11428830041.966566	0
11428863357.014427	0
11428896672.06229	0
11428929988.110153	0
11428963304.158016	0
11428996619.205877	0
11429029934.25374	0
11429063250.301603	0
11429096565.349464	0
11429129880.397327	0
11429163196.44519	0
11429196512.493053	0
11429229827.540915	0
11429263142.588778	0
11429296458.63664	0
11429329773.684502	0
11429363089.732365	0
11429396404.780228	0
11429429719.828089	0
11429463036.875954	0
11429496351.923817	0
11429529666.971678	0
11429562982.019539	0
11429596298.067404	0
11429629613.115265	0
11429662929.163128	0
11429696244.210989	0
11429729560.258854	0
11429762875.306715	0
11429796191.354578	0
11429829506.402441	0
11429862821.450302	0
11429896137.498165	0
11429929452.546026	0
11429962768.593891	0
11429996083.641752	0
11430029399.689615	0
11430062714.737478	0
11430096030.785341	0
11430129345.833202	0
11430162661.881065	0
11430195976.928928	0
11430229292.976791	0
11430262608.024652	0
11430295923.072515	0
11430329239.120378	0
11430362554.16824	0
11430395870.216103	0
11430429185.263966	0
11430462501.311829	0
11430495816.35969	0
11430529132.407553	0
11430562447.455416	0
11439157846.803942	0
11439191161.851803	0
11439224477.899666	0
11439257792.947529	0
11439291108.995392	0
11439324424.043253	0
11439357740.091116	0
11439391055.138979	0
11439424371.186842	0
11439457686.234703	0
11439491001.282566	0
11439524317.33043	0
11439557633.378292	0
11439590948.426153	0
11439624264.474018	0
11439657579.52188	0
11439690894.56974	0
11439724210.617605	0
11439757526.665468	0
11439790840.713327	0
11439824156.76119	0
11439857471.809053	0
11439890787.856916	0
11439924103.90478	0
11439957418.952642	0
11439990734.000504	0
11440024050.048367	0
11440057365.096228	0
11440090681.144093	0
11440123996.191954	0
11440157312.239817	0
11440190627.28768	0
11440223943.335543	0
11440257258.383404	1
11440290573.431267	1
11440323889.47913	0
11440357204.52699	0
11440390520.574854	0
11440423835.622717	0
11440457151.67058	0
11440490466.718441	0
11440523782.766304	0
11440557097.814167	0
11440590413.86203	0
11440623728.909891	0
11440657043.957754	0
11440690360.005617	0
11440723675.053478	0
11440756991.101341	0
11440790306.149204	0
11440823621.197065	0
11440856937.244928	0
11441823086.632942	0
11441856402.680805	0
11441889717.728666	0
11441923033.77653	0
11441956348.824392	3
11441989664.872255	1
11442022979.920116	0
11442056294.96798	0
11442089611.015842	0
11442122926.063704	0
11442156242.111567	0
11442489396.59019	0
11442522712.638054	0
11442556027.685917	0
11442589343.73378	0
11442622658.781641	0
11442655974.829504	0
11442689289.877367	0
11442722604.925228	0
11442755920.973091	0
11442789236.020954	0
11442822552.068817	0
11442855867.116678	0
11442889183.164541	0
11442922498.212404	0
11442955814.260267	0
11442989129.308128	0
11443022445.355993	0
11443722070.361105	0
11443755385.408966	0
11443788701.45683	0
11443822016.504692	0
11443855332.552555	0
11443888647.600416	0
11443921963.64828	0
11443955278.696142	0
11443988594.744005	0
11444021909.791866	0
11444055225.83973	0
11444088540.887592	0
11444121856.935455	0
11444155171.983316	0
11444188488.03118	0
11444221803.079042	0
11444255118.126904	0
11444288434.174767	0
11444321749.22263	0
11444355065.270493	0
11444388380.318354	0
11444421696.366217	0
11444455011.41408	0
11444488327.461943	0
11444521642.509804	0
11444554958.557669	0
11444588273.60553	0
11444621588.65339	0
11444654904.701254	0
11444688219.749117	0
11444721535.79698	0
11444754850.844841	0
11444788165.892704	0
11444821481.940567	0
11444854797.98843	0
11444888113.036291	0
11444921428.084154	0
11444954744.132017	0
11444988059.179878	0
11445021375.227743	0
11445054690.275604	0
11445088006.323467	0
11445121321.37133	0
11445154637.419193	0
11445187952.467054	0
11445221267.514915	0
11445254583.56278	0
11445287898.610641	0
11445321214.658504	0
11445354529.706367	0
11445387845.75423	0
11445421160.802092	0
11445454476.849955	0
11445487792.897818	0
11445521106.945679	0
11445554422.993542	0
11445587739.041405	0
11445621054.089268	0
11445654369.137129	0
11445687685.184992	0
11445721000.232855	0
11445754316.280718	0
11445787631.328579	0
11445820947.376442	0
11445854262.424305	0
11445887577.472166	0
11445920893.52003	0
11445954209.567892	0
11445987524.615755	0
11446020839.663616	0
11446054155.71148	0
11446087470.759342	0
11446120786.807205	0
11446154101.855066	0
11446187417.90293	0
11446220732.950792	0
11446254048.998655	0
11446287364.046516	0
11446320680.094381	0
11446353995.142242	0
11446387310.190104	0
11446420626.237967	0
11446453941.28583	0
11446487257.333693	0
11446520572.381554	0
11446553888.429419	0
11446587203.47728	0
11446620519.525143	0
11446653834.573004	0
11446687149.620867	0
11446720465.66873	0
11446753780.71659	0
11446787096.764456	0
11446820411.812317	0
11446853727.86018	0
11446887042.908043	0
11446920358.955906	0
11446953674.003767	0
11446986990.05163	0
11447020305.099493	0
11447053620.147354	0
11447086936.195217	0
11447120251.24308	0
11447153567.290943	0
11447186883.338806	0
11447220198.386667	0
11447253513.43453	0
11447286829.482393	0
11447320144.530254	0
11447353460.578117	0
11447386779.625986	0
11447420090.673841	0
11447453406.721704	0
11447486722.769567	0
11447520037.81743	0
11447553352.865292	0
11447586668.913155	0
11447619983.961018	0
11447653300.00888	0
11447686615.056742	0
11447719931.104605	0
11447753246.152468	0
11447786561.200329	0
11447819877.248192	0
11447853192.296055	0
11447886508.343918	0
11447919823.391779	0
11447953139.439642	0
11447986454.487505	0
11448019770.535368	0
11448053085.58323	0
11448086401.631094	0
11448119716.678955	0
11448153031.726816	0
11448186347.77468	0
11448219662.822542	0
11448252978.870405	0
11448286293.918266	0
11448319609.966131	0
11448352925.013992	0
11448386241.061855	0
11448419556.109716	0
11448452871.15758	0
11448486187.205442	0
11448519502.253304	0
11448552818.301168	0
11448586133.34903	0
11448619449.396893	0
11448652765.444756	0
11448686080.492619	0
11448719395.54048	0
11448752711.588343	0
11448786026.636206	0
11448819342.684069	0
11448852657.73193	0
11448885973.779793	0
11448919288.827656	0
11448952603.875517	0
11448985919.92338	0
11449019234.971243	0
11449052551.019106	0
11449085866.066967	0
11449119181.11483	0
11449152497.162693	0
11449185812.210554	0
11449219128.258417	0
11449252443.30628	0
11449285759.354143	0
11449319074.402004	0
11449352390.449867	0
11449385705.49773	0
11449419021.545593	0
11449452336.593454	0
11449485651.641317	0
11449518967.68918	0
11449552282.737041	0
11449585598.784904	0
11449618913.832767	0
11449652229.88063	0
11449685546.928495	0
11449718860.976355	0
11449752176.024218	0
11449785492.07208	0
11449818807.119942	0
11449852122.167805	0
11449885438.215668	0
11449918754.26353	0
11449952069.311392	0
11449985384.359255	0
11450052015.454979	0
11450085331.502844	0
11450118646.550705	0
11450151962.598568	0
11450185277.646431	0
11450218593.694294	0
11450251908.742155	0
11450285223.790016	0
11450318539.837881	0
11450351854.885742	0
11450385170.933605	0
11450418485.981468	0
11450451802.029331	0
11450485118.077194	0
11450518433.125055	0
11450551748.172918	0
11450585064.220781	0
11450618379.268642	0
11450651694.316505	0
11450685010.364368	0
11450718325.41223	0
11450751641.460093	0
11450784957.507956	0
11450818272.555819	0
11450851587.60368	0
11450884903.651543	0
11450918218.699406	0
11450951533.747267	0
11450984849.79513	0
11451018164.842993	0
11451051480.890856	0
11451084795.938717	1
11451118111.98658	0
11451151427.034443	0
11451184743.082306	0
11451218058.130167	0
11451251374.17803	1
11451284689.225893	0
11451318004.273754	0
11451351320.321617	0
11451384635.36948	0
11451417951.417343	0
11451451266.465204	0
11451484582.513067	0
11451517897.56093	0
11451551213.608793	1
11451584528.656654	0
11451617844.70452	0
11451651159.75238	0
11451684475.800243	0
11451717790.848104	0
11451751105.895967	0
11451784421.94383	0
11451817737.991693	0
11451851053.039557	0
11451884368.087418	0
11451917684.13528	0
11451950999.183144	0
11451984315.231007	0
11452017630.278868	0
11452050945.326729	0
11452084261.374594	0
11452117576.422455	0
11452150892.470318	0
11452184207.51818	0
11452217523.566044	0
11452250838.613905	0
11452284154.661768	0
11452317469.709631	0
11452350785.757494	0
11452384100.805355	0
11452417415.853218	0
11452450731.901081	0
11452484046.948942	0
11452517362.996805	0
11452550679.044668	0
11452583994.092531	0
11452617309.140392	0
11452650625.188255	0
11452683940.236118	0
11452717256.283981	0
11452750571.331842	0
11452783887.379705	0
11452817202.427568	0
11452850517.47543	0
11452883833.523293	0
11452917148.571156	0
11452950464.619019	0
11452983779.66688	0
11453017095.714743	0
11453050410.762606	0
11453083726.810469	0
11453117041.85833	0
11453150356.906193	0
11453183672.954056	0
11453216988.001917	0
11453250304.04978	0
11453283619.097643	0
11453316935.145506	0
11453350250.193367	0
11453383566.241232	0
11453416881.289093	1
11453450196.336954	0
11453483512.384819	0
11453516828.432682	0
11453550143.480543	0
11453583458.528404	0
11453616774.57627	0
11453650089.62413	0
11453683405.671993	0
11453716720.719856	1
11453750036.76772	0
11453783351.81558	0
11453816666.863441	1
11453849982.911306	0
11453883297.959167	0
11453916614.00703	0
11453949930.054893	1
11453983245.102757	1
11454016560.150618	0
11454049876.19848	0
11454083191.246344	0
11454116507.294207	0
11454149822.342068	0
11454183137.38993	0
11454216453.437794	0
11454249768.485655	0
11454283084.533518	0
11454316399.58138	0
11454349715.629244	0
11454383030.677105	0
11454416346.724968	0
11454449662.772833	0
11454482977.820694	0
11454516292.868555	0
11454549607.916418	0
11454582923.964281	0
11454616240.012144	0
11454649555.060005	0
11454682870.107868	0
11454716186.155731	0
11454749501.203592	0
11454782817.251455	1
11454816132.299318	0
11454849447.34718	0
11454882763.395042	0
11454916078.442905	0
11454949394.490768	0
11454982709.53863	0
11455016025.586493	0
11455049340.634356	0
11455082656.682219	1
11455115971.73008	0
11455149287.777945	0
11455182602.825806	1
11455215917.873667	0
11455249233.921532	0
11455282548.969393	0
11455315865.017256	0
11455349180.065117	0
11455382496.112982	0
11455415811.160843	0
11455449127.208706	3
11455482442.256569	0
11455515757.30443	0
11455549073.352293	0
11455582388.400154	2
11455615704.448019	2
11455649020.495882	1
11455682336.543745	2
11455715650.591606	2
11455848912.783056	1
11455882228.83092	1
11455915543.87878	0
11455948858.926643	1
11455982174.974506	1
11475638320.213383	0
11475671636.261246	0
11475704951.309107	1
11475738267.356972	1
11475771582.404833	0
11475804898.452696	0
11475838213.500559	0
11475871528.54842	1
11475904844.596283	2
11475938159.644144	0
11475971475.692009	0
11476004791.739872	0
11476038106.787733	2
11476071421.835596	0
11476104736.883457	0
11476138052.93132	1
11476171368.979183	1
11476204684.027046	0
11476238000.07491	0
11476271315.12277	0
11476304630.170633	2
11476337946.218496	0
11476371261.266357	0
11476404577.31422	0
11476437892.362083	0
11476471207.409945	0
11476504523.457808	0
11476537838.50567	0
11476571154.553534	0
11476604469.601395	0
11476637785.649258	0
11476671100.69712	0
11476704416.744984	0
11476737731.792845	0
11476771047.840708	0
11476804362.88857	1
11476837678.936434	0
11476870994.984297	0
11476904313.032164	0
11476937625.08002	0
11476970940.127882	0
11477004256.175745	0
11477037572.22361	0
11477070887.271471	0
11477104202.319332	0
11477137518.367195	0
11477170833.415058	0
11477204148.46292	0
11477237464.510782	0
11477270780.558647	0
11477304095.606508	0
11477337411.654371	0
11477370726.702232	0
11477404041.750095	0
11477437357.797958	0
11477470672.84582	0
11477503988.893684	0
11477537303.941545	0
11477570619.989408	0
11477603935.037271	0
11477637251.085135	0
11477670566.132996	0
11477703881.180857	0
11477737197.228722	0
11477770512.276583	0
11477803828.324446	0
11477837143.372309	0
11477870459.420172	0
11477903775.468035	0
11477937090.515896	0
11477970405.563759	0
11478003721.611622	0
11478037036.659483	0
11478070351.707346	0
11478103667.755209	0
11478136983.803072	0
11478170298.850933	0
11478203613.898796	0
11478236929.94666	0
11478270244.99452	0
11478303561.042383	0
11478336876.090246	0
11478370192.13811	0
11478403507.18597	0
11478436822.233833	0
11478470138.281696	0
11478503453.329557	0
11478536769.37742	0
11478570084.425283	0
11478603400.473146	0
11478636715.521008	0
11478670031.56887	0
11478703346.616734	0
11478736662.664597	0
11478769977.712458	0
11478803292.76032	0
11478836608.808184	0
11478869923.856045	0
11478903239.903908	0
11478936554.95177	0
11478969870.999634	0
11479003186.047495	0
11479036501.095358	0
11479069817.14322	0
11479103133.191084	0
11479136448.238945	0
11479169763.286808	0
11479203079.334671	0
11479236394.382532	0
11479269710.430397	0
11479303025.478258	0
11479336341.526121	0
11479369656.573984	0
11479402972.621847	0
11479436287.669708	0
11479469602.71757	0
11479502918.765434	0
11479536248.813316	0
11479569549.861158	0
11479602865.909021	0
11479636180.956884	0
11479669496.004745	0
11479702812.052608	0
11479736127.100471	0
11479769442.148333	0
11479802758.196196	0
11479836073.244059	0
11479869389.291922	0
11479902704.339783	0
11479936020.387646	0
11479969335.435509	0
11480002651.483372	0
11480035966.531233	0
11480069281.579096	0
11480102597.626959	0
11480135912.67482	0
11480169228.722683	0
11480202543.770546	0
11480235859.818409	0
11480269175.866272	0
11480302490.914133	0
11480335805.961996	0
11480369122.00986	0
11480402437.05772	0
11480435752.105583	0
11480469068.153446	0
11480502383.201307	0
11480535699.24917	0
11480569015.297035	0
11480602330.344896	0
11480635645.392757	0
11480668961.44062	0
11480702276.488483	0
11480735592.536346	0
11480768907.584208	0
11480802222.63207	0
11480835538.679934	0
11480868853.727795	0
11480902169.77566	0
11480935484.82352	0
11480968800.871384	0
11481002115.919245	0
11481035431.96711	0
11481068747.01497	0
11481102063.062834	0
11481135378.110697	0
11481168693.158558	0
11481202009.20642	0
11481235324.254282	0
11481268640.302147	0
11481301955.350008	0
11481335271.397871	0
11481368586.445734	0
11481401902.493597	0
11481435217.541458	0
11481468532.58932	0
11481501848.637184	0
11481535164.685047	0
11481568479.732908	0
11481601794.780771	0
11481635110.828634	0
11481668425.876495	0
11481701741.924358	0
11481735056.972221	0
11481768373.020084	0
11481801688.067945	0
11481835003.115808	0
11481868319.163671	0
11481901635.211535	0
11481934950.259396	0
11481968265.307259	0
11482001581.355122	0
11482034896.402983	0
11482068212.450846	0
11482101527.498709	0
11482134843.546572	0
11482168158.594433	0
11482201474.642296	0
11482234789.690159	0
11482268105.738022	0
11482301420.785883	0
11491329921.756622	0
11491363236.804483	0
11491396552.852348	0
11491429867.90021	0
11491463182.94807	0
11491496498.995935	0
11491529815.043798	0
11491563130.09166	0
11491596445.139523	0
11491629761.187386	0
11491663076.235247	0
11491696392.28311	0
11491729707.330973	0
11491763023.378836	0
11491796338.426697	0
11491829653.47456	0
11491862969.522423	0
11491896285.570286	0
11491929600.618147	0
11491962915.66601	0
11491996231.713873	0
11492029546.761734	0
11492062861.809597	0
11492096177.85746	0
11492129493.905323	0
11492162808.953184	0
11492196124.001047	0
11492229440.04891	0
11492262755.096771	0
11492296071.144634	0
11492329386.192497	0
11492362702.24036	0
11492396017.288221	0
11492429333.336084	0
11492462648.383947	0
11492495964.43181	0
11492529279.479671	0
11492562594.527534	0
11492595910.575397	0
11492629225.623259	0
11492662541.671122	0
11492695856.718985	0
11492729172.766848	0
11492762487.814709	0
11492795803.862574	0
11492829118.910435	0
11492862434.958298	0
11492895750.006159	0
11492929066.054024	0
11492962381.101885	0
11492995697.149748	0
11493029012.19761	0
11493062327.245472	0
11493095643.293335	0
11493128958.341196	0
11493162273.38906	0
11493195589.436922	0
11493228905.484785	0
11493262220.532648	0
11493295535.58051	0
11493328851.628372	0
11493362166.676235	0
11493395482.724098	0
11493428797.77196	0
11493462113.819822	0
11493495429.867685	0
11493528744.915548	0
11493562059.96341	0
11493595375.011272	0
11493628691.059135	0
11493662006.106997	0
11493695322.15486	0
11493728637.202723	0
11493761953.250586	0
11493795269.298449	0
11493828584.34631	0
11493861899.394173	0
11493895215.442036	0
11493928530.489897	0
11493961846.53776	0
11493995161.585623	0
11494028476.633484	0
11494061792.681347	0
11494095107.72921	0
11494128423.777073	0
11494161738.824934	0
11494195054.872797	0
11494228369.92066	0
11494261685.968523	0
11494295001.016384	1
11494328317.064249	1
11494361632.11211	0
11494394947.159971	0
11494428263.207834	1
11494461578.255697	0
11494494894.30356	0
11494528210.351423	0
11494561525.399286	1
11494594840.447147	0
11494628155.495008	0
11494661472.542873	0
11494694786.590734	0
11494728102.638597	0
11494761418.68646	0
11494794733.734324	0
11494828048.782185	0
11494861364.830048	0
11494894679.87791	0
11494927995.925774	0
11494961310.973635	0
11494994626.021496	0
11495027942.06936	0
11495061258.117224	0
11495094573.165085	0
11495127888.212948	0
11495161204.26081	0
11495194519.308672	0
11495227835.356535	0
11495261150.404398	0
11495294466.452261	0
11495327781.500122	0
11495361097.547985	0
11495394412.595848	0
11495427727.64371	0
11495461043.691572	0
11495494358.739435	0
11495527674.787298	0
11495560989.83516	0
11495594305.883022	0
11495627620.930885	0
11495660936.978748	0
11495694252.02661	0
11495727568.074472	0
11495760883.122335	0
11495794199.170198	0
11495827514.21806	0
11495860830.265924	0
11495894145.313786	0
11495927460.361647	0
11495960776.40951	0
11495994091.457373	0
11496027407.505236	0
11496060722.553097	0
11496094038.600962	0
11496127353.648823	0
11496160669.696686	1
11496193984.744547	1
11496227299.79241	0
11496260615.840273	0
11496293930.888134	0
11496327246.935999	0
11496360561.98386	0
11496393878.031723	0
11496427193.079584	0
11496460508.127447	0
11496493824.17531	0
11496527139.223171	0
11496560455.271036	0
11496593770.318897	0
11496627086.36676	0
11496660401.414623	0
11496693717.462486	1
11496727032.510347	0
11496760348.55821	0
11496793663.606073	0
11496826978.653934	0
11496860294.701797	0
11496893609.74966	0
11496926925.797523	0
11496960240.845385	0
11496993556.893248	0
11497026871.94111	0
11497060187.988974	0
11497093503.036835	0
11497126819.084698	0
11497160134.13256	0
11497193449.180422	0
11497226765.228285	0
11497260080.276148	0
11497293396.32401	0
11497326711.371872	0
11497360027.419735	0
11497393342.467598	0
11497426658.515461	0
11497459973.563322	0
11497493288.611185	2
11497526604.659048	0
11497559920.706911	0
11497593235.754772	0
11497626550.802635	0
11497659871.850506	0
11497693181.89836	0
11497726497.946222	0
11497759812.994085	0
11497793128.041946	0
11497826444.08981	0
11497859759.137672	0
11497893075.185535	0
11497926390.233397	0
11497959706.28126	0
11497993021.329123	0
11498026336.376984	0
11498059652.424847	0
11498092968.472712	0
11498126289.52058	0
11498159599.568436	0
11498192914.616297	1
11498226229.66416	0
11498259545.712023	0
11498292860.759884	0
11498326176.807749	0
11498359491.85561	0
11498392807.903473	0
11498426122.951336	0
11498459438.999199	0
11498492754.04706	0
11498526069.094921	0
11498559385.142786	0
11498592701.190649	0
11498626016.23851	0
11498659331.286373	1
11498692647.334236	0
11498725962.382097	0
11498759278.42996	0
11498792593.477823	0
11498825909.525686	0
11498859224.573547	0
11498892540.62141	0
11498925855.669273	0
11498959170.717134	0
11498992486.764997	0
11499025801.81286	0
11499059117.860723	0
11499092432.908585	0
11499125748.956448	0
11499159064.00431	0
11499192380.052174	0
11499225695.100035	0
11499259011.147898	0
11499292326.19576	0
11499325642.243624	0
11499358957.291485	0
11499392272.339348	1
11499425588.38721	0
11499458903.435072	0
11499492219.482935	0
11499525534.530798	0
11499558850.578661	0
11499592165.626522	0
11499625481.674387	0
11499658796.722248	0
11499692112.770111	0
11499725427.817972	0
11499758742.865835	0
11499792058.913698	0
11499825373.96156	0
11499858690.009424	0
11499892005.057285	0
11499925321.105148	0
11499958636.153011	0
11499991951.200872	0
11500025267.248735	0
11500058583.296598	0
11500091898.344461	0
11500125213.392323	0
11500158529.440186	0
11500191845.488049	0
11500225160.535912	0
11500258475.583773	0
11500291791.631636	0
11500325106.679499	0
11500358422.727362	0
11500391737.775223	0
11500425052.823086	0
11500458368.870949	0
11500491683.91881	0
11500524999.966673	0
11500558315.014536	0
11500591631.062399	0
11500624946.11026	0
11500658262.158123	0
11500691577.205986	0
11500724893.253849	0
11500758208.30171	0
11500791524.349573	0
11500824839.397436	0
11500858154.445297	0
11500891470.49316	0
11500924785.541023	0
11500958101.588886	0
11500991416.636747	0
11501024732.68461	0
11501058047.732473	0
11501091362.780334	0
11501124678.828197	0
11501157993.87606	0
11501191309.923923	0
11501224625.971786	0
11501257941.019648	0
11501291256.06751	0
11501324572.115374	0
11501357887.163235	0
11501391203.2111	0
11501424518.25896	0
11501457833.306822	0
11501491149.354685	0
11501524464.402548	0
11501557780.45041	0
11501591095.498272	0
11501624411.546137	0
11501657726.593998	0
11501691042.641861	0
11501724357.689724	0
11501757673.737587	0
11501790988.785448	0
11501824303.83331	0
11501857619.881174	0
11501890935.929037	0
11501924250.976898	0
11501957566.024761	0
11501990882.072624	0
11502024197.120485	0
11502057513.168348	0
11502090829.216211	0
11502124145.264076	0
11502157459.311935	0
11502190775.359798	0
11502224090.407661	0
11502257407.455526	0
11502290721.503386	0
11502324036.551249	0
11502357352.599112	0
11502390667.646973	0
11502423983.694836	0
11502457298.742699	0
11502490613.79056	0
11502523929.838423	0
11502557244.886286	0
11502590560.934149	0
11502623875.98201	0
11502657192.029873	0
11502690507.077736	0
11502723823.125599	0
11502757138.17346	0
11502790454.221323	0
11502823769.269186	0
11502857085.317049	0
11502890400.36491	0
11502923715.412773	0
11502957031.460636	0
11502990346.508497	0
11503023662.55636	0
11503056977.604223	0
11503090293.652086	0
11503123609.69995	0
11503156924.747812	0
11503190239.795673	0
11503223554.843534	0
11503256870.8914	0
11503290185.93926	0
11503323501.987123	0
11503356817.034985	0
11503390133.08285	0
11503423448.13071	0
11503456763.178572	0
11503490079.226437	0
11503523395.2743	0
11503556710.32216	0
11503590026.370024	0
11503623341.417887	0
11503656656.465748	0
11503689972.51361	0
11503723288.561474	0
11503756603.609337	0
11503789918.657198	0
11503823234.705061	0
11503856549.752924	0
11503889865.800787	0
11503923180.848648	0
11503956496.896511	0
11503989811.944374	0
11504023126.992235	0
11504056443.040098	0
11504089758.087961	0
11504123074.135824	0
11504156389.183685	0
11504189705.231548	0
11504223020.279411	0
11504256335.327272	0
11504289651.375135	0
11504322966.422998	0
11504356282.470861	0
11504389597.518723	0
11504422913.566586	0
11504456228.614449	0
11504489544.662312	0
11504522859.710173	0
11504556174.758036	0
11504589490.805899	0
11504622805.85376	0
11504656121.901623	0
11504689437.949488	0
11504722752.997349	0
11504756068.04521	0
11504789384.093073	2
11504822699.140936	0
11504856015.188799	0
11504889330.23666	0
11504922645.284523	0
11504955961.332386	0
11504989276.380247	3
11505022592.428112	0
11505055907.475973	0
11505089223.523836	2
11505122538.571697	1
11505155854.619562	0
11505189169.667423	0
11505222485.715286	0
11505255800.76315	2
11505289116.811012	2
11505322431.858873	0
11505355746.906734	1
11505389062.9546	1
11505422378.00246	1
11505455694.050323	0
11505489009.098186	0
11505522325.14605	3
11505555640.19391	0
11505588956.241774	0
11505622271.289637	0
11505655587.3375	1
11505688902.38536	1
11505722217.433224	0
11505755533.481087	0
11505788848.528948	0
11505822164.57681	0
11505855480.624674	0
11505888795.672537	0
11505922110.720398	0
11505955426.768261	0
11505988741.816124	0
11506022057.863987	0
11506055372.911848	0
11506088687.959711	1
11506122004.007574	1
11506155319.055435	0
11506188635.103298	0
11506221950.151161	0
11506255266.199024	0
11506288581.246885	0
11506321896.294748	0
11506355212.342611	1
11506388527.390472	0
11506421846.438341	0
11506455158.486198	0
11506488474.534061	0
11506521789.581923	0
11506555105.629787	0
11506588420.677649	1
11506621736.725512	0
11506655051.773373	0
11506688366.821236	0
11506721682.869099	0
11506754998.916962	0
11506788313.964825	0
11506821629.012686	1
11506854945.060549	0
11506888260.10841	0
11506921576.156275	0
11506954891.204136	0
11506988207.251999	0
11507021522.299862	0
11507054838.347725	0
11507088153.395586	0
11507121468.443447	0
11507154784.491312	0
11507188099.539173	0
11507221415.587036	1
11507254730.6349	0
11507288045.68276	0
11507321361.730623	0
11507354677.778486	0
11507387992.82635	0
11507421307.87421	0
11507454623.922073	0
11507487938.969936	0
11507521256.0178	0
11507554571.065662	0
11507587886.113523	0
11507621201.161386	0
11507654517.20925	0
11507687832.25711	0
11507721148.304974	0
11507754463.352837	0
11507787778.400698	0
11508154249.927187	1
11508187564.975048	0
11508220880.022911	1
11508254196.070774	0
11508287511.118635	0
11508320834.16651	3
11508354142.214361	0
11508387458.262224	0
11508420773.310085	1
11508454089.35795	0
11508487404.405811	0
11508520719.453672	0
11508554035.501537	3
11508587350.549398	1
11508620666.597261	0
11508653982.645124	0
11508687297.692987	3
11508720612.740849	0
11508753928.788712	0
11508787243.836575	0
11508820558.884436	1
11508853874.932299	0
11508887189.98016	0
11508920506.028025	1
11508953822.075888	2
11508987137.123749	0
11509020452.171612	0
11509053781.219494	0
11509087083.267336	1
11509120399.315199	0
11509153714.363062	0
11509187030.410925	0
11509220345.458786	2
11509253660.506649	1
11509286976.554512	0
11509320292.602375	0
11509353607.650236	2
11509386922.6981	0
11509420238.745962	0
11509453553.793823	1
11509486869.841686	0
11509520185.889551	0
11509553500.937412	0
11509586815.985273	0
11509620131.033136	0
11509653447.081	0
11509686763.128862	0
11509720078.176723	0
11509753394.224588	0
11509786709.27245	0
11509820024.32031	2
11509853339.368174	0
11509886655.416037	0
11509919971.4639	0
11509953286.51176	0
11509986602.559626	0
11510019917.607487	0
11510053232.655348	0
11510086548.703213	0
11510119863.751074	0
11510153179.798937	0
11510186494.846798	0
11510219810.894663	0
11510253125.942524	0
11510286441.990387	1
11510319757.03825	0
11510353073.086113	0
11510386388.133974	0
11510419703.181835	0
11510453019.2297	0
11510486334.277561	0
11510519650.325424	0
11510552965.373287	0
11510586281.42115	0
11510619596.469011	0
11510652912.516874	0
11510686227.564737	0
11510719543.6126	0
11510752858.660461	0
11510786174.708324	1
11510819489.756187	0
11510852804.804049	0
11510886120.851912	1
11510919436.899775	1
11510952750.947636	0
11510986066.995499	0
11511019383.043362	0
11511052698.091225	0
11511086014.139088	0
11511119329.186949	0
11511152644.234812	0
11511185960.282675	0
11511219275.330536	0
11511252591.378399	0
11511285906.426262	0
11511319221.474123	0
11511352537.521986	0
11511385852.569849	0
11511419169.617714	0
11511452484.665575	0
11511485799.713436	0
11511519114.7613	0
11511552430.809162	0
11511585745.857023	0
11511619061.904888	0
11511652376.95275	0
11511685693.000612	0
11511719008.048473	0
11511752323.096336	0
11511785639.1442	0
11511818954.19206	0
11511852270.239925	0
11511885585.287786	0
11511918901.33565	0
11511952216.38351	0
11511985532.431376	0
11512018847.479237	0
11512052163.5271	0
11512085478.574963	0
11512118794.622826	0
11512152109.670687	0
11512185424.718548	0
11512218740.766413	0
11512252055.814274	0
11512285371.862137	0
11512318686.91	0
11512352002.957863	0
11512385318.005724	1
11512418634.053587	0
11512451950.10145	0
11512485264.149311	0
11512518580.197174	0
11512551896.245037	0
11512585211.2929	0
11512618526.340761	0
11512651842.388624	0
11512685157.436487	0
11512718473.48435	0
11512751788.532211	0
11512785103.580074	0
11512818419.627937	0
11512851735.6758	0
11512885050.723661	0
11512918366.771524	0
11512951681.819387	0
11512984996.867249	0
11513018312.915112	0
11513051627.962975	0
11513084944.010838	0
11513118259.058699	0
11513151575.106562	0
11513184890.154425	0
11513218205.202286	0
11513251521.250149	0
11513284836.298012	1
11513318152.345875	0
11513351467.393736	0
11513384783.4416	0
11513418098.489462	0
11513451414.537325	0
11513484729.585186	0
11513518045.63305	0
11513551360.680912	0
11513584675.728773	0
11513617991.776638	0
11513651306.8245	0
11513684622.872362	0
11513717937.920223	0
11513751253.968088	0
11513784569.01595	0
11513817885.063812	0
11513851200.111675	0
11513884516.159538	0
11513917831.2074	0
11513951146.255262	0
11513984462.303125	0
11514017778.350988	0
11514051093.39885	0
11514084408.446712	0
11514117724.494576	0
11514151039.542437	0
11514184355.5903	0
11514217670.638163	0
11514250986.686026	0
11514284301.733887	0
11514317617.78175	0
11514350932.829613	0
11514384247.877474	0
11514417563.925337	0
11514450878.9732	0
11514484195.021063	0
11514517510.068924	0
11514550826.116787	0
11514584141.16465	0
11514617457.212513	0
11514650772.260374	0
11514684087.308237	0
11514717403.3561	0
11514750718.403961	0
11514784034.451824	0
11514817349.499687	0
11514850665.54755	0
11514883980.595411	0
11514917296.643276	0
11514950611.691137	0
11514983926.738998	0
11515017242.786861	0
11515050558.834726	0
11515083873.882587	0
11515117188.930449	0
11515150504.978313	0
11515183821.026176	0
11515217136.074038	3
11515250451.121899	0
11515283767.169764	0
11515317082.217625	0
11515350397.265486	0
11515383713.31335	0
11515417029.361214	0
11515450344.409075	0
11515483659.456936	0
11515516975.5048	1
11515550291.552664	0
11515583606.600525	0
11515616921.648388	1
11515650237.69625	2
11515683552.744112	0
11515716867.791975	2
11515750183.839838	2
11515783498.8877	2
11515816814.935562	0
11515850129.983425	0
11515883446.031288	2
11515916761.07915	0
11515950077.127012	0
11515983392.174875	0
11516016707.222736	0
11516050023.2706	0
11516083339.318462	0
11516116654.366325	0
11516149970.414188	4
11516183285.46205	0
11516216600.509912	0
11516249916.557775	0
11516283231.605637	1
11516316547.6535	0
11516349862.701363	0
11516383177.749224	0
11516416493.797087	0
11516449808.84495	0
11516483124.892813	0
11516516440.940676	0
11516549755.988537	0
11516583071.0364	0
11516616387.084263	0
11516649702.132124	0
11516683018.179989	0
11516716333.22785	0
11516749649.275713	0
11516782964.323574	0
11516816280.371439	0
11516849595.4193	0
11516882911.467163	0
11516916226.515026	0
11516949542.56289	0
11516982857.61075	0
11517016172.658611	0
11517049487.706474	0
11517082803.754337	0
11517116119.8022	0
11517149434.850063	0
11517182749.897924	0
11517216065.945787	0
11517249380.993649	0
11517282697.041513	0
11517316013.089376	0
11517349328.137238	0
11517382643.1851	0
11517415959.232964	1
11517449274.280825	0
11517482590.328688	0
11517515905.37655	0
11517549221.424414	0
11517582536.472275	0
11517615851.520138	0
11517649167.568	0
11517682482.615862	0
11517715798.663725	0
11517749113.711588	0
11517782429.75945	0
11517815744.807312	0
11517849059.855175	1
11517882375.903038	0
11517915691.950901	0
11517949006.998762	0
11517982322.046625	0
11518015638.094488	0
11518048953.14235	0
11518082269.190212	0
11518115584.238075	0
11518148899.285936	0
11518182215.3338	0
11518215530.381662	0
11518248846.429525	0
11518282161.477386	0
11518315477.52525	0
11518348792.573112	0
11518382108.620975	0
11518415423.668837	0
11518448739.716702	0
11518482054.764563	0
11518515370.812426	0
11518548685.860287	0
11518582001.908152	0
11518615316.956013	0
11518648632.003874	0
11518681948.051739	0
11518715263.0996	0
11518748579.147463	0
11518781894.195324	0
11518815210.243189	0
11518848525.29105	0
11518881841.338913	0
11518915156.386776	0
11518948471.434637	0
11518981787.4825	1
11519015102.530363	0
11519048418.578226	0
11519081733.626087	0
11519115049.67395	0
11519148364.721813	0
11519181679.769674	0
11519214995.817537	0
11519248311.8654	0
11519281626.913263	0
11519314942.961126	0
11519348258.008987	0
11519381573.05685	0
11519414889.104713	0
11519448205.152576	0
11519481520.200438	0
11519514835.2483	0
11519548151.296164	0
11519581466.344025	0
11519614781.391888	0
11519648097.43975	0
11519681413.487614	0
11519714728.535475	0
11519748044.583338	0
11519781359.6312	0
11519814674.679062	0
11519847990.726925	0
11519881306.77479	0
11519914621.82265	0
11519947937.870514	0
11519981251.918375	0
11520014567.966238	0
11520047884.014101	0
11520081199.061962	0
11520114515.109827	0
11520147830.157688	0
11520181145.20555	0
11520214460.253412	0
11520247776.301275	0
11520281092.349138	0
11520314408.397001	0
11520347723.444864	0
11520381038.492725	0
11520414353.540586	0
11520447669.588451	0
11520480984.636312	0
11520514300.684175	0
11520547615.732037	0
11520580931.779902	0
11520614246.827763	0
11520647562.875626	0
11520680877.923489	0
11520714193.971352	0
11520747509.019213	0
11520780824.067076	0
11520814140.114939	0
11520847456.162802	0
11520880771.210663	0
11520914086.258526	0
11520947402.306389	0
11520980717.35425	0
11521014033.402113	0
11521047348.449976	0
11521080664.497839	0
11521113979.5457	0
11521147294.593563	0
11521180610.641426	0
11521213925.689287	0
11521247241.73715	0
11521280556.785013	0
11521313871.832874	0
11521347187.880737	0
11521380503.9286	0
11521413818.976463	0
11521447135.024326	0
11521480450.072187	0
11521513765.12005	0
11521547081.167913	0
11521580396.215775	0
11521613712.263638	0
11521647027.3115	0
11521680343.359364	0
11521713658.407225	0
11521746978.455095	0
11521780290.502953	0
11521813605.550814	0
11521846920.598675	0
11521880235.646538	0
11521913551.6944	0
11521946866.742262	0
11521980182.790127	0
11522013498.83799	0
11522046813.88585	0
11522080128.933712	0
11522113444.981577	0
11522146760.029438	0
11522180075.0773	0
11522213391.125164	0
11522246706.173025	0
11522280022.220888	0
11522313337.268751	0
11522346653.316614	0
11522379968.364475	0
11522413284.412338	0
11522446599.460201	0
11522479915.508064	0
11522513230.555925	0
11522546546.603788	0
11522579861.651651	0
11522613176.699512	0
11522646492.747375	0
11522679807.795238	0
11522713123.843102	0
11522746438.890963	0
11522779754.938826	0
11522813069.986689	0
11522846386.034552	0
11522879701.082413	0
11522913016.130276	0
11522946332.178139	0
11522979647.226	0
11523012963.273863	0
11523046278.321726	0
11523079594.369589	0
11523112909.41745	0
11523146225.465313	0
11523179540.513176	0
11523212856.561039	0
11523246171.6089	0
11523279486.656763	0
11523312802.704626	0
11523346117.752487	0
11523379433.80035	0
11523412748.848213	0
11523446064.896076	0
11523479380.94394	0
11523512695.991802	0
11523546011.039663	0
11523579327.087526	0
11523612642.135387	0
11523645957.18325	0
11523679273.231113	0
11523712589.278976	0
11523745904.32684	0
11523779219.3747	0
11523812535.422564	0
11523845850.470425	0
11523879166.51829	0
11523912481.56615	0
11523945797.614014	0
11523979112.661877	0
11524012427.709738	0
11524045743.7576	0
11524079059.805464	0
11524112374.853327	0
11524145690.90119	0
11524179005.94905	0
11524212320.996914	0
11524245637.044777	0
11524278952.092638	0
11524312267.140501	0
11524345583.188364	0
11524378898.236225	0
11524412214.284088	0
11524445529.331951	0
11524478845.379814	0
11524512161.427677	0
11524545476.475538	0
11524578791.523401	0
11524612106.571262	0
11524645422.619125	0
11524678737.666988	0
11524712053.714851	0
11524745368.762712	0
11524778684.810575	0
11524811999.858438	0
11524845315.906301	2
11524878630.954163	0
11524911947.002026	0
11524945262.049889	0
11524978578.097752	0
11525011893.145613	0
11525045209.193478	0
11525078524.241339	0
11525111839.2892	0
11525145155.337063	1
11525178470.384926	2
11525211786.432789	0
11525245101.48065	0
11525278417.528515	4
11525311732.576376	0
11525345047.624237	0
11525378363.6721	0
11525411678.719963	0
11525444994.767826	1
11525478309.815687	0
11525511625.863552	3
11525544941.911415	1
11525578256.959276	0
11525611572.00714	0
11525644888.055002	2
11525678203.102863	2
11525711519.150726	0
11525744835.19859	0
11525778150.246452	1
11525811465.294313	1
11525844780.342176	0
11525878096.39004	0
11525911411.4379	0
11525944727.485764	0
11525978042.533627	1
11526011358.58149	0
11526044673.62935	0
11526077988.677214	0
11526111304.725077	2
11526144620.77294	0
11526177935.8208	0
11526211250.868664	0
11526244566.916527	0
11526277882.96439	0
11526311198.01225	0
11526344513.060114	0
11526377828.107975	0
11526411144.155838	0
11526444460.203701	0
11526477775.251564	0
11526511090.299425	0
11526544406.347288	0
11526577721.395151	0
11526611037.443014	0
11526644352.490875	1
11526677668.538738	0
11526710983.586601	0
11526744299.634464	0
11526777614.682325	0
11526810929.730188	0
11526844245.778051	0
11526877560.825912	0
11526910876.873775	0
11526944191.921638	0
11526977507.969501	0
11527010823.017363	0
11527044139.065228	1
11527077454.113089	0
11527110769.16095	2
11527144085.208813	0
11527177401.256678	0
11527210716.304539	0
11527244032.352402	0
11527277347.400265	0
11527310663.448128	0
11527343978.495989	0
11527377293.543852	0
11527410608.591713	0
11527443924.639576	0
11527477240.687439	0
11527510555.735302	0
11527543870.783163	0
11527577186.831026	0
11527610501.87889	0
11527643817.926752	0
11527677132.974613	0
11527710448.022474	0
11527743764.07034	0
11527777080.118202	0
11527810395.166063	0
11527843711.213926	0
11527877026.26179	0
11527910341.30965	0
11527943657.357513	0
11527976973.405376	0
11528010288.45324	0
11528043603.5011	0
11528076919.548964	0
11528110234.596827	0
11528143550.64469	0
11528176866.692553	0
11528210180.740414	0
11528243496.788277	0
11528276811.836138	0
11528310127.884	0
11528343442.931864	0
11528376758.979727	0
11528410074.027588	0
11528443390.07545	0
11528476705.123314	0
11528510021.171177	0
11528543336.219038	0
11528576651.266901	0
11528609967.314764	0
11528643282.362625	0
11528676598.410488	0
11528709914.458353	0
11528743229.506214	0
11528776544.554075	0
11528809860.60194	0
11528843175.649801	0
11528876491.697664	2
11528909806.745525	0
11528943122.79339	0
11528976437.841251	0
11529009752.889112	0
11529043068.936977	0
11529076383.984838	0
11529109700.032701	0
11529143015.080564	0
11529176331.128428	1
11529209647.17629	2
11529242962.224152	1
11529276277.272015	0
11529309593.319878	1
11529342908.367739	1
11529376223.415602	0
11529409539.463465	0
11529442854.511326	0
11529476170.559189	1
11529509485.607052	1
11529542801.654915	1
11529576116.702776	0
11529609431.750639	2
11529642747.798502	1
11529676062.846363	0
11529709378.894226	0
11529742693.94209	0
11529776009.989952	0
11529809325.037813	3
11529842641.085676	0
11529875956.13354	0
11529909272.181402	0
11529942587.229263	0
11529975902.277126	0
11530009218.32499	0
11530042533.37285	0
11530075849.420713	0
11530109165.468578	0
11530142480.51644	0
11530175795.5643	0
11530209111.612164	0
11530242426.660027	2
11530275742.70789	0
11530309057.75575	0
11530342373.803616	1
11530375688.851477	0
11530409003.899338	1
11530442319.9472	0
11530475634.995064	0
11530508951.042927	0
11530542266.090788	1
11530575582.138653	0
11530608898.186516	0
11530642213.234377	1
11530675528.28224	0
11530708844.330103	1
11530742159.377964	1
11530775474.425825	1
11530808790.47369	0
11530842105.521551	0
11530875421.569414	0
11530908736.617277	0
11530942052.66514	0
11530975367.713001	0
11531008682.760862	0
11531041998.808727	0
11531075313.856588	0
11531108629.904451	1
11531141944.952314	1
11531175261.000177	0
11531208576.048038	0
11531241892.095901	0
11531275207.143764	0
11531308523.191628	0
11531341838.239489	0
11531375153.287352	0
11531408469.335215	0
11531441785.383078	0
11531475100.430939	0
11531508415.478802	0
11531541731.526665	2
11531575046.574526	0
11531608362.622389	0
11531641677.670252	0
11531674993.718115	0
11531708308.765976	0
11531741623.813839	0
11531774939.861702	0
11531808255.909565	0
11531841570.957426	0
11531874886.00529	3
11531908202.053152	0
11531941517.101013	0
11531974833.148876	0
11532008148.19674	0
11532041464.244602	1
11532074779.292463	1
11532108095.340328	0
11532141410.38819	0
11532174725.43605	2
11532208041.483913	1
11532241356.531776	2
11532274672.57964	0
11532307987.6275	0
11532341303.675365	3
11532374618.723227	0
11532407933.771088	0
11532441249.818953	0
11532474565.866816	0
11532507880.914677	0
11532541195.962538	1
11532574512.010403	0
11532607827.058264	0
11532641143.106127	0
11532674458.15399	0
11532707774.201853	0
11532741089.249714	0
11532774404.297575	0
11532807720.34544	0
11532841036.393303	0
11532874351.441164	0
11532907667.489027	1
11532940982.53689	0
11532974297.584751	0
11533007613.632614	2
11533040928.680477	2
11533074243.728338	2
11533107560.776203	0
11533140874.824064	2
11533174190.871927	2
11533207505.919788	0
11533240821.967651	1
11533274137.015514	0
11533307453.063377	0
11533340768.111238	0
11533374084.159101	3
11533407399.206964	0
11533440714.254826	0
11533474030.302689	0
11533507346.350552	2
11533540661.398415	2
11533573977.446278	0
11533607292.494139	0
11533640607.542002	0
11533673923.589865	1
11533707238.637726	0
11533740554.685589	0
11533773869.733452	0
11533807185.781315	0
11533840501.829178	1
11533873816.87704	0
11533907131.924902	0
11533940446.972763	0
11533973763.020628	1
11534007078.06849	2
11534040394.116352	1
11534073709.164213	0
11534107025.212078	3
11534140340.25994	0
11534173656.307802	0
11534206971.355665	0
11534240287.403528	0
11534273602.45139	1
11534306917.49925	0
11534340233.547115	0
11534373548.594976	1
11534406864.64284	1
11534440179.690702	0
11534473495.738565	0
11534506810.786427	0
11534540125.834288	3
11534573441.882153	0
11534606757.930016	0
11534640072.977877	0
11534673388.02574	1
11534706704.073603	1
11534740020.121466	0
11534773335.169327	0
11534806651.21719	1
11534839965.26505	0
11534873281.312914	0
11534906597.360777	0
11534939912.40864	0
11534973227.456501	0
11535006543.504364	0
11535039858.552227	1
11535073174.60009	0
11535106490.647953	1
11535139804.695814	0
11535173120.743677	0
11535339697.982988	0
11535373014.030851	0
11535406329.078714	1
11535439645.126577	1
11535472960.174438	0
11535506276.222301	0
11535539591.270164	0
11535572907.318027	0
11535606222.365889	0
11535639538.413754	0
11535672853.461615	0
11535806115.653065	1
11535839430.700926	0
11535872746.74879	0
11535906061.796652	2
11535939377.844515	2
11535972692.892378	2
11536006008.94024	0
11536039323.988102	0
11536072639.035963	1
11536105955.083828	2
11536139270.13169	0
11536172586.179552	0
11536205901.227415	0
11536239217.275278	2
11536272532.32314	0
11536305848.371002	1
11536339163.418865	1
11536372478.466726	0
11536405797.514593	1
11536439109.562452	0
11536472425.610315	2
11536505740.658176	3
11536539056.70604	0
11536572371.753902	0
11536605687.801765	0
11536639003.849628	2
11536672318.89749	0
11536705633.945353	0
11536738948.993214	1
11536772265.041077	1
11536805580.08894	0
11536838896.136803	1
11537738414.42909	1
11537771729.476952	1
11537805045.524815	0
11537838360.572676	1
11537871676.62054	1
11537904991.668402	0
11537938307.716265	0
11537971622.764128	2
11538138201.00344	1
11538171516.051302	0
11538204831.099165	0
11538238147.147028	1
11538271462.19489	0
11538304778.242752	0
11538338093.290615	0
11538371409.338478	1
11538404724.38634	0
11538438040.434202	0
11538471355.482065	0
11538504671.529928	0
11538537986.57779	1
11538571314.62567	0
11538604616.673513	0
11538637932.721376	1
11538671248.76924	1
11538704563.817102	0
11538737879.864965	0
11538771194.912827	0
11538804510.96069	0
11538837826.008553	0
11538871142.056416	0
11538904457.104277	0
11538937772.15214	0
11538971088.200003	0
11539004403.247864	3
11539037719.295729	0
11539071034.34359	0
11539104349.39145	0
11539137665.439314	0
11539170981.487179	0
11539204296.53504	0
11539237611.582901	0
11539270927.630766	0
11539304242.678627	0
11539337558.72649	0
11539370873.774351	0
11539404189.822216	0
11539437504.870077	0
11539470820.91794	0
11539504135.965803	0
11539537452.013666	0
11539570767.061527	0
11539604082.109388	0
11539637398.157253	0
11539670713.205114	0
11539704029.252977	0
11539737344.30084	0
11539770660.348703	0
11539803975.396564	0
11539837290.444427	2
11539870606.49229	1
11539903921.540152	1
11539937238.588017	0
11539970552.635878	0
11540003868.68374	0
11540037184.731604	0
11540070499.779465	0
11540103814.827328	0
11540137129.875189	0
11540170445.923052	0
11540203760.970915	0
11540237077.018778	0
11540270392.066639	0
11540303708.114502	0
11540337023.162365	0
11540370339.210228	0
11540403655.258091	0
11540436970.305952	0
11540470285.353815	0
11540503601.401678	0
11540536916.44954	0
11540570231.497402	0
11540603547.545265	0
11540636863.593128	0
11540670178.64099	0
11540703494.688854	0
11540736809.736715	0
11540770124.784576	0
11540803442.832443	0
11540836755.880302	0
11540870071.928165	1
11540903386.976027	0
11540936702.02389	0
11540970018.071753	0
11541003334.119616	2
11541036649.167479	0
11541069964.21534	0
11541103280.263203	0
11541136595.311064	0
11541169911.358929	0
11541203226.40679	0
11541236541.45465	0
11541269857.502516	0
11541303173.550379	0
11541336488.59824	0
11541369804.646103	0
11541403119.693966	0
11541436434.741827	0
11541469750.78969	1
11541503065.837553	1
11541536380.885414	1
11541569697.933279	0
11541603012.98114	0
11541636328.029003	2
11541669644.076866	2
11541702959.124727	0
11541736275.17259	0
11541769590.220453	0
11541802905.268314	0
11541836221.316177	0
11541869536.36404	0
11541902852.411903	0
11541936167.459764	0
11541969483.507627	0
11542002798.55549	0
11542036114.603354	0
11542069429.651215	0
11542102744.699078	0
11542136060.74694	0
11542169375.794802	0
11542202691.842665	0
11542236006.890528	0
11542269322.93839	0
11542302637.986252	0
11542335954.034117	0
11542369269.081978	0
11542402585.12984	0
11542435900.177702	0
11542469215.225565	0
11542502531.273428	1
11542535846.32129	0
11542569162.369154	0
11542602477.417015	0
11542635793.464878	0
11542669108.51274	0
11542702424.560604	0
11542735739.608465	0
11542769054.656326	0
11542802370.704191	0
11542835685.752052	0
11542869001.799915	0
11542902316.847776	0
11542935632.895641	0
11542968947.943502	0
11543002263.991365	0
11543035579.039228	0
11543068895.087091	0
11543102210.134953	0
11543135525.182816	0
11543168841.230679	0
11543202157.278542	0
11543235472.326403	0
11543268787.374266	0
11543302103.422129	0
11543335418.46999	0
11543368733.517853	0
11543402049.565716	0
11543435365.613579	0
11543468680.66144	0
11543501995.709303	0
11543535311.757166	0
11543568626.805027	0
11543601942.85289	0
11543635257.900753	0
11543668573.948616	1
11543701888.996477	0
11543735204.04434	0
11543768520.092203	0
11543801836.140066	0
11543835151.187927	0
11543868466.23579	0
11543901782.283653	0
11543935097.331514	0
11543968413.379377	0
11544001728.42724	0
11544035044.475103	0
11544068359.522964	0
11544101675.57083	0
11544134990.61869	0
11544168306.666553	0
11544201621.714415	0
11544234937.76228	0
11544268252.81014	0
11544301567.858002	0
11544334883.905867	0
11544368198.953728	0
11544401515.00159	0
11544434830.049452	0
11544468146.097317	0
11544501461.145178	0
11544534777.19304	0
11544568092.240904	0
11544601407.288765	0
11544634723.336628	0
11544668038.384491	0
11544701354.432354	0
11544734669.480215	0
11544767985.528078	0
11544801300.575941	1
11544834615.623802	1
11544867931.671665	0
11544901247.719528	0
11544934562.767391	0
11544967877.815252	0
11545001193.863115	0
11545034508.910978	0
11545067824.958841	0
11545101141.006704	0
11545134456.054565	0
11545167771.102428	0
11545201086.15029	0
11545234402.198153	0
11545267718.246016	0
11545301033.293879	1
11545334348.34174	0
11545367664.389603	0
11545467610.53319	0
11545500926.581053	0
11545534241.628916	0
11545567557.676779	0
11545600872.72464	1
11545634187.772503	1
11545667503.820366	2
11545700818.868227	0
11545734134.91609	1
11545767449.963953	0
11545800765.011814	0
11545834081.059677	0
11545867397.107542	0
11545900712.155403	0
11545934028.203266	0
11545967343.251127	0
11546000658.29899	0
11546033974.346853	0
11546067290.394716	0
11546100605.44258	0
11546133920.49044	0
11546167236.538303	1
11546200551.586164	0
11546233866.634027	0
11546267182.68189	0
11546300497.729752	0
11546333813.777617	0
11546367128.825478	0
11546400444.87334	0
11546433760.921204	0
11546467075.969067	0
11546500391.016928	0
11546533707.06479	0
11546567022.112654	1
11546600338.160517	1
11546633653.208378	0
11546666968.25624	0
11546700284.304104	0
11546733599.351965	0
11546766915.399828	0
11546800230.447691	0
11546833546.495554	0
11546866861.543415	0
11546900177.591278	0
11546933492.639141	0
11546966808.687004	0
11547000124.734867	0
11547033438.782728	0
11547066754.830591	0
11547100069.878452	0
11547133385.926315	0
11547166700.974178	0
11547200017.022041	0
11547233332.069902	0
11547266648.117765	0
11547299963.165628	0
11547333279.213491	0
11547366594.261353	1
11547399909.309216	0
11547433225.357079	0
11547466540.40494	2
11547499856.452803	0
11547533171.500666	1
11547566487.548529	0
11547599802.59639	1
11547633118.644255	0
11547666433.692116	0
11547699748.739977	0
11547733064.78784	0
11547766379.835703	0
11547799695.883566	0
11547833010.931427	0
11547866326.979292	0
11547899642.027153	0
11547932958.075016	1
11547966273.122877	2
11547999588.17074	0
11548032904.218603	0
11548066220.266466	0
11548099535.31433	0
11548132850.36219	0
11548166166.410053	0
11548199481.457916	0
11548232797.50578	0
11548266112.55364	0
11548299428.601503	0
11548332743.649366	0
11548366059.69723	0
11548399374.74509	0
11548432690.792953	0
11548466005.840816	0
11548499321.88868	0
11548532636.93654	0
11548565951.984404	0
11548599268.032267	0
11548632583.080128	0
11548665899.12799	0
11548699214.175854	0
11548732530.223717	0
11548765845.271578	0
11548799160.31944	0
11548832476.367304	0
11548865791.415165	0
11548899107.463028	0
11548932422.510891	0
11548965738.558754	0
11548999053.606615	0
11549032368.654478	0
11549065684.702341	0
11549099000.750204	0
11549132315.798065	0
11549165630.845928	0
11549198946.893791	0
11549232261.941652	0
11549265577.989515	1
11549298893.037378	2
11549332209.085241	1
11549365524.133102	0
11549398840.180967	0
11549432155.228828	2
11549465470.27669	0
11549498786.324553	0
11549532102.372417	0
11549565417.420279	0
11549598732.46814	0
11549632048.516005	0
11549665363.563866	3
11549698679.611729	1
11549731994.659592	1
11549765310.707455	0
11549798625.755316	1
11549831941.803179	2
11549865256.851042	0
11549898571.898903	0
11549931887.946766	0
11549965202.994629	0
11549998519.042492	0
11550031834.090353	0
11550065149.138214	0
11550098465.186079	1
11550131781.233942	2
11550165096.281803	0
11550198411.329666	3
11550231727.37753	0
11550265042.42539	0
11550298358.473253	0
11550331673.521116	1
11550364989.56898	0
11550398304.61684	0
11550431620.664703	0
11550464935.712566	0
11550498250.760427	0
11550531566.80829	0
11550564882.856153	0
11550598197.904016	0
11550631513.95188	1
11550664828.99974	2
11550698144.047604	1
11550731460.095467	0
11550764775.143328	1
11550798090.19119	0
11550831406.239054	2
11550864722.286917	0
11550898037.334778	0
11550931352.38264	0
11550964668.430504	0
11550997983.478365	0
11551031299.526228	0
11551064614.574091	0
11551097930.621954	0
11551131245.669815	0
11551164561.71768	1
11551197876.765541	0
11551231192.813404	0
11551264507.861265	0
11551297822.909128	0
11551331138.956991	0
11551364454.004852	1
11551397770.052717	0
11551431085.100578	0
11551464401.148441	0
11551497716.196304	0
11551531032.244167	1
11551564347.292028	0
11551597662.33989	0
11551630978.387754	0
11551664293.435616	1
11551697609.483479	0
11551730924.531342	0
11551764240.579205	0
11551797555.627066	2
11551830871.674929	0
11551864187.722792	0
11551897502.770655	1
11551930817.818516	1
11551964133.866379	2
11551997448.914242	0
11552030763.962103	0
11552064080.009966	1
11552097395.057829	2
11552130711.105692	0
11552164026.153553	1
11552197342.201416	2
11552230657.249279	0
11552263972.29714	0
11552297288.345003	0
11552330603.392866	3
11552363919.44073	0
11552397235.488592	0
11552430550.536453	0
11552463865.584316	1
11552497181.63218	1
11552530496.68004	0
11552563812.727903	0
11552597127.775766	0
11552630443.82363	0
11552663758.87149	0
11552697074.919355	0
11552730389.967216	0
11552763705.015078	0
11552797021.06294	0
11552830337.110806	0
11552863652.158667	0
11552896967.206528	0
11552930283.254393	0
11552963598.302254	0
11552996914.350117	0
11553030229.39798	0
11553063544.44584	0
11553096860.493704	0
11553130176.541567	0
11553163491.58943	0
11553196807.637293	0
11553230122.685154	0
11553263437.733017	0
11553296752.780878	0
11553330068.828741	0
11553363384.876604	0
11553396700.924467	0
11553430014.972328	0
11553463331.020191	0
11553496646.068054	0
11553529962.115917	0
11553563277.163778	0
11553596593.211641	0
11553629909.259504	0
11553663224.307367	0
11553696539.355228	0
11553729855.403091	0
11553763170.450954	0
11553796486.498817	0
11553829801.546679	0
11553863116.594542	0
11553896432.642405	0
11553929747.690266	0
11553963063.738129	0
11553996378.785992	0
11554029694.833855	0
11554063009.881716	0
11554096325.929579	0
11554129640.977442	0
11554162957.025305	0
11554196272.073166	0
11554229587.121029	0
11554262903.168892	0
11554296218.216753	0
11554329534.264616	0
11554362849.312479	0
11554396164.36034	0
11554429480.408203	0
11554462795.456066	0
11554496111.50393	0
11554529427.551792	0
11554562742.599653	0
11554596057.647516	0
11554629373.69538	0
11554662688.74324	0
11554696004.791105	0
11554729319.838966	0
11554762635.88683	0
11554795950.934692	0
11554829266.982555	0
11554862582.030416	0
11554895897.078278	0
11554929213.126143	0
11554962528.174004	0
11554995844.221867	0
11555029159.26973	0
11555062475.317593	0
11555095790.365454	0
11555129105.413315	0
11555162421.46118	0
11555195736.50904	0
11555229052.556904	0
11555262367.604767	0
11555295683.65263	0
11555328999.700493	0
11555362314.748354	0
11555395629.796217	0
11555428945.84408	0
11555462260.891941	0
11555495576.939804	0
11555528891.987667	0
11555562208.03553	0
11555595523.083391	0
11555628838.131254	0
11555662154.179117	0
11555695469.226978	0
11555728785.274841	0
11555762100.322704	4
11555795416.370567	1
11555828731.418428	0
11555862047.466291	0
11555895362.514154	0
11555928677.562016	2
11555961993.609879	1
11555995308.657742	0
11556028624.705605	1
11556061939.753466	1
11556095255.801329	0
11556128570.849192	0
11556161886.897055	0
11556195201.944916	0
11556228517.99278	0
11556261833.040642	1
11556295148.088503	0
11556328464.136366	0
11556361779.184229	0
11556395095.232092	0
11556428410.279953	0
11556461726.327818	0
11556495041.375679	0
11556528356.42354	0
11556561672.471405	0
11556594987.519266	0
11556628303.56713	0
11556661619.614992	0
11556694934.662855	0
11556728249.710716	0
11556761565.75858	0
11556794880.806442	0
11556828196.854305	0
11556861511.902166	0
11556894827.95003	0
11556928142.997892	0
11556961458.045753	0
11556994774.093616	0
11557028089.14148	0
11557061405.189342	0
11557094720.237204	0
11557128036.285067	0
11557161351.33293	0
11557194667.380793	0
11557227982.428654	0
11557261297.476517	0
11557294613.52438	0
11557327928.57224	0
11557361244.620104	0
11557394559.667967	1
11557427875.71583	1
11557461190.76369	0
11557494505.811554	0
11557527821.859417	0
11557561136.907278	0
11557594452.955141	0
11557627768.003004	0
11557661084.050867	0
11557694400.09873	0
11557727715.146591	0
11557761030.194454	1
11557794345.242315	0
11557827661.290178	0
11557860977.338041	0
11557894292.385904	0
11557927608.433767	0
11557960923.481628	0
11557994239.529493	0
11558027554.577354	0
11558060870.625217	0
11558094185.67308	0
11558127500.720942	0
11558160816.768805	0
11558194131.816666	0
11558227447.86453	0
11558260762.912392	0
11558294078.960255	0
11558327394.008118	0
11558360709.055979	0
11558394025.103842	0
11558427340.151703	0
11558460656.199568	0
11558493971.247429	0
11558527287.295292	1
11558560602.343155	0
11558593917.391016	0
11558627233.438879	0
11558660549.486742	3
11558693864.534605	0
11558727179.582466	0
11558760495.63033	0
11558793810.678192	0
11558827126.726055	0
11558860442.773918	0
11558893757.82178	0
11558927073.869642	0
11558960388.917505	0
11558993703.965366	0
11559027020.01323	0
11559060335.061092	0
11559093651.108955	0
11559126966.156816	0
11559160282.20468	0
11559193597.252542	0
11559226912.300404	0
11559260228.348267	0
11559293543.39613	0
11559326858.44399	0
11559360174.491854	0
11559393489.539717	0
11559426805.58758	0
11559460120.63544	0
11559493436.683304	0
11559526751.731167	0
11559560067.77903	0
11560026484.449104	0
11560059800.496967	0
11560093115.54483	0
11560126431.592693	0
11560159746.640554	0
11560193061.688416	0
11560226377.73628	0
11560259692.784142	0
11560293008.832005	0
11560326323.879868	0
11560359639.92773	0
11560392954.975592	0
11560426270.023455	0
11560459586.071318	0
11560492902.11918	0
11560526217.167042	0
11560559532.214905	0
11560592848.262768	1
11560626163.310629	0
11560659479.358492	0
11560692794.406355	0
11560726110.454218	0
11560759425.502079	0
11560792740.549942	0
11560826056.597805	0
11560859371.645666	0
11560892687.69353	1
11560926003.741392	0
11560959318.789255	0
11560992633.837116	0
11561025949.88498	0
11561059264.932842	0
11561092580.980705	0
11561125896.028566	0
11561159211.07643	0
11561192527.124292	0
11561225843.172155	0
11561259158.220016	0
11561292473.26788	0
11561325789.315742	0
11561359104.363604	0
11561392420.411469	0
11561425735.45933	1
11561459050.50719	0
11561492366.555054	0
11561525681.602917	0
11561558997.65078	0
11561592312.69864	0
11561625628.746506	0
11561658943.794367	0
11561692259.84223	0
11561725575.890093	0
11561758889.937954	0
11561792205.985817	0
11561825521.033678	0
11561858837.081543	0
11561892153.129406	0
11561925468.177267	0
11561958783.225128	0
11561992099.272993	0
11562025414.320854	0
11562058730.368717	0
11562092045.41658	0
11562125361.464443	1
11562158676.512304	0
11562191992.560167	0
11562225307.60803	0
11562258622.655891	0
11562291938.703754	0
11562325253.751617	0
11562358569.79948	0
11562391884.847342	0
11562425200.895205	0
11562458515.943068	0
11562491831.99093	0
11562525147.038792	0
11562558462.086655	0
11562591778.134518	0
11562625094.18238	0
11562658409.230242	0
11562691724.278105	0
11562725040.325968	0
11562758356.37383	0
11562791670.421692	0
11562824986.469555	0
11562858301.517416	0
11562891617.565279	0
11562924933.613142	0
11562958248.661005	0
11562991563.708866	1
11563024879.75673	1
11563058194.804592	0
11563091510.852455	0
11563124825.900316	0
11563158141.948181	1
11563191456.996042	0
11563224773.043905	0
11563258088.091766	0
11563291403.13963	0
11563324719.187492	0
11563358034.235353	0
11563391350.283218	0
11563424665.33108	0
11563457981.378942	0
11563491296.426804	1
11563524612.474669	0
11563557927.52253	0
11563591243.570393	0
11563624558.618256	0
11563657873.666117	0
11563691189.71398	0
11563724504.761843	0
11563757820.809706	0
11563791135.857567	0
11563824451.90543	0
11563857766.953293	0
11563891083.001156	0
11563924398.049017	0
11563957713.09688	0
11563991029.144743	0
11564024344.192604	0
11564057660.240467	0
11564090975.28833	0
11564124291.336193	0
11564157606.384054	0
11564190922.431917	0
11564224237.47978	0
11564257553.527643	0
11564290868.575504	0
11564324184.623367	0
11564357499.67123	0
11564390814.719091	0
11564424130.766954	0
11564457445.814817	0
11564490761.86268	0
11564524076.910542	0
11564557392.958405	0
11564590708.006268	0
11564624024.05413	0
11564657339.101992	0
11564690655.149857	0
11564723970.197718	0
11564757285.245579	0
11564790601.293442	0
11564823916.341305	0
11564857232.389168	0
11564890548.43703	0
11564923863.484894	0
11564957178.532755	0
11564990493.580616	0
11565023809.628479	0
11565057125.676344	0
11565090440.724205	0
11565123756.772068	0
11565157071.819931	0
11565190386.867792	0
11565223701.915653	0
11565257017.963516	0
11565290334.011381	0
11565323649.059242	0
11565356965.107105	0
11565390280.154968	0
11565423595.20283	0
11565456911.250692	0
11565490226.298555	0
11565523542.346418	0
11565556857.39428	0
11565590173.442142	0
11565623488.490005	1
11565656804.537868	1
11565690119.58573	0
11565723435.633593	0
11565756750.681456	0
11565790066.729319	0
11565823381.77718	0
11565856696.825043	0
11565890012.872906	0
11565923327.920767	0
11565956643.96863	0
11565989960.016493	0
11566023275.064356	1
11566056590.112217	0
11566089906.16008	0
11566123221.207943	0
11566156537.255806	0
11566189852.303667	0
11566223167.35153	1
11566256483.399393	3
11566289798.447254	0
11566323114.495117	0
11566356429.54298	0
11566389745.590843	0
11566423060.638704	0
11566456375.686567	0
11566489691.73443	0
11566523007.782293	2
11566556322.830154	0
11566589637.878017	0
11566622953.92588	0
11566656268.973742	0
11566689585.021606	0
11566722900.069468	0
11566756216.11733	0
11566789531.165192	2
11566822847.213057	0
11566856162.260918	0
11566889477.308779	0
11566922793.356644	0
11566956108.404505	0
11566989424.452368	0
11567022739.500229	0
11567056054.548092	0
11567089370.595955	0
11567122686.643818	0
11567156001.69168	0
11567189316.739542	0
11567222632.787405	0
11567255947.835268	0
11567289263.883131	0
11567322578.930992	0
11567355893.978853	0
11567389210.026718	0
11567422525.07458	0
11567455841.122442	0
11567489156.170305	0
11567522472.218168	0
11567555787.26603	0
11567589103.313892	0
11567622419.361755	0
11567655734.409618	0
11567689049.45748	0
11567722365.505342	0
11567755680.553205	0
11567788996.601068	0
11567822311.64893	0
11567855626.696793	0
11567888942.744656	0
11567922258.792519	0
11567955573.84038	0
11567988889.888243	0
11568022204.936106	0
11568055519.983967	0
11568088847.031847	0
11568122151.079693	0
11568155466.127554	0
11568188782.175417	0
11568222097.22328	0
11568255413.271143	0
11568288728.319004	0
11568322044.366867	0
11568355359.41473	0
11568388675.462593	0
11568421990.510454	0
11568455306.55832	0
11568488621.60618	0
11568521936.654041	0
11568555252.701904	0
11568588568.74977	0
11568621883.79763	0
11568655198.845491	0
11568688514.893356	0
11568721830.94122	0
11568755145.98908	0
11568788462.036943	0
11568821777.084806	0
11568855092.132668	0
11568888408.18053	0
11568921723.228394	0
11568955038.276255	0
11568988354.324118	0
11569021669.37198	0
11569054985.419844	0
11569088300.467705	0
11569121616.515568	0
11569154931.56343	0
11569188246.611292	0
11569221562.659155	0
11569254877.707018	0
11569288194.75488	0
11569321509.802744	0
11569354824.850605	0
11569388139.898468	0
11569421455.946331	0
11569454770.994192	0
11569488087.042055	0
11569521402.089918	0
11569554717.13778	0
11569588033.185642	0
11569621348.233505	0
11569654664.281368	0
11569687980.329231	0
11569721295.377092	0
11569754610.424955	0
11569787926.472818	0
11569821242.520681	0
11569854557.568542	0
11569887872.616405	0
11569921188.664268	0
11569954503.71213	0
11569987818.759993	0
11570021137.80786	0
11570054450.855719	0
11570087765.90358	0
11570121081.951445	0
11570154396.999306	0
11570187712.047167	0
11570221028.095032	2
11570254343.142893	0
11570287658.190754	0
11570320974.238617	0
11570354289.28648	0
11570387605.334343	0
11570420921.382206	0
11570454236.430069	0
11570487551.47793	1
11570520867.525793	0
11570554182.573656	1
11570587498.62152	0
11570620813.66938	0
11570654129.717243	0
11570687444.765106	0
11570720760.81297	0
11570754075.86083	0
11570787390.908693	0
11570820706.956556	0
11570854022.004417	0
11570887338.05228	0
11570920653.100143	0
11570953969.148006	0
11570987284.195868	0
11571020600.24373	0
11571053915.291594	0
11571087231.339457	0
11571120546.387318	0
11571153862.43518	0
11571187178.483046	0
11571220492.530905	0
11571253808.578768	0
11571287123.62663	0
11571320438.674492	0
11571353754.722355	0
11571387069.770218	0
11571420385.81808	0
11571453701.865944	0
11571487016.913805	0
11571520331.961668	0
11571553648.009531	0
11571586963.057392	0
11571620278.105255	0
11571653594.153118	0
11571686910.200981	0
11571720225.248842	0
11571753540.296705	0
11571786856.344568	0
11571820171.39243	0
11571853487.440292	0
11571886802.488155	0
11571920118.536018	0
11571953434.583881	0
11571986749.631744	0
11572020064.679605	0
11572053380.727468	0
11572086695.775331	0
11572120011.823195	1
11572153326.871056	0
11572186641.918917	0
11572219957.966782	0
11572253273.014643	0
11572286589.062506	0
11572319904.110369	0
11572353219.15823	0
11572386535.206093	0
11572419851.253956	0
11572453166.301819	0
11572486481.34968	0
11572519797.397543	0
11572553113.445406	0
11572586428.493269	0
11572619743.54113	0
11572653059.588993	0
11572686374.636856	0
11572719690.68472	0
11572753005.73258	0
11572786320.780443	0
11572819636.828306	0
11572852951.876167	0
11572886268.924032	0
11572919582.971893	0
11572952899.019756	0
11572986214.067617	0
11573019530.11548	0
11573052845.163343	0
11583547228.240032	0
11583580543.287893	0
11583613858.335756	0
11583647174.38362	0
11583680490.431482	0
11583713805.479343	0
11583747120.527206	0
11583780436.57507	0
11583813751.62293	0
11583847067.670794	0
11583880382.718657	0
11583913698.76652	0
11583947014.814383	0
11583980328.862244	0
11584013644.910107	0
11584046959.957968	0
11584080276.00583	0
11584113591.053694	0
11584146907.101557	0
11584180222.149418	0
11584213538.197283	0
11584246853.245144	0
11584280169.293007	0
11584313485.34087	0
11584346799.388731	0
11584380115.436594	0
11584413430.484455	0
11584446746.53232	0
11584480061.580181	0
11584513377.628044	0
11584546692.675907	0
11584580008.72377	0
11584613323.771631	0
11584646639.819494	0
11584679954.867357	0
11584713269.915218	0
11584746585.963081	0
11584779901.010944	0
11584813217.058807	0
11584846533.10667	0
11584879848.154531	0
11584913163.202394	0
11584946479.250257	0
11584979794.298119	0
11585013110.345982	0
11585046425.393845	0
11585079740.441706	0
11585113056.489569	0
11585146371.537432	0
11586778831.882694	1
11586812146.930557	0
11586845461.978418	0
11586878778.026281	0
11586912094.074144	0
11586945409.122007	0
11586978724.169868	0
11587012040.217731	0
11587045356.265594	0
11587078671.313457	0
11587111986.361319	0
11587145302.409182	0
11587178617.457045	0
11587211933.504908	0
11587245248.552769	0
11587278563.600632	0
11587311879.648495	0
11587345194.696356	0
11587378510.744219	0
11587411825.792082	1
11587445141.839945	0
11587478456.887806	0
11587511771.935669	0
11587545087.983532	0
11587578403.031393	0
11587611719.079256	0
11587645034.12712	0
11587678350.174982	0
11587711665.222843	0
11587744981.270708	0
11587778296.31857	0
11587811612.366432	0
11587844927.414295	0
11587878243.462158	0
11587911559.510021	0
11587944874.557882	0
11587978189.605745	0
11588011505.653608	0
11588044820.70147	0
11588078135.749332	0
11588111451.797195	0
11588144766.845057	0
11588178082.89292	0
11588211397.940783	0
11588244713.988646	0
11588278029.036507	0
11588311344.08437	0
11588344660.132233	0
11588377975.180094	0
11588411290.227955	0
11588444606.27582	0
11588477922.323683	0
11588511237.371544	0
11588544553.419407	0
11588577868.46727	0
11588611183.515131	0
11588644499.562994	0
11588677814.610857	0
11588711130.65872	0
11588744445.706581	0
11588777761.754444	0
11588811077.802309	0
11588844392.85017	0
11588877707.898031	0
11588911023.945894	0
11588944338.993757	0
11588977655.04162	0
11589010970.089481	0
11589044286.137346	0
11589077601.185207	0
11589110916.233068	0
11589144232.280931	0
11589177547.328794	0
11589210863.376657	0
11589244178.424519	0
11589277494.472383	0
11589310809.520245	0
11589344124.568106	0
11589377440.615969	0
11589410755.663832	0
11589444071.711695	0
11589477386.759556	0
11589510702.80742	0
11589544017.855282	0
11589577333.903145	0
11589610649.951008	0
11589643963.998869	0
11589677280.046732	0
11589710595.094593	0
11589743911.142458	0
11589777226.19032	0
11589810542.238182	0
11589843857.286045	0
11589877173.333908	0
11589910488.38177	0
11589943803.42963	0
11589977119.477495	0
11590010435.525358	0
11590043750.57322	0
11590077066.621082	0
11590110381.668945	0
11590143696.716806	0
11590177012.76467	0
11590210327.812532	0
11590243642.860394	0
11590276958.908257	0
11590310274.95612	0
11590343590.003983	0
11590376905.051844	0
11590410221.099707	0
11590443537.14757	0
11590476852.195433	0
11590510167.243294	0
11590543483.291157	0
11590576798.33902	0
11590610114.386883	0
11590643429.434744	0
11590676745.482607	0
11590710060.53047	0
11590743375.578331	0
11590776691.626194	0
11590810006.674057	0
11590843322.72192	0
11590876638.769783	0
11590909953.817644	0
11590943268.865507	0
11590976584.91337	0
11591009899.961231	0
11591043215.009094	0
11591076531.056957	0
11591109847.10482	0
11591143162.152683	0
11591176477.200544	0
11591209793.248407	0
11591243108.296268	0
11591276424.344133	0
11591309739.391994	0
11591343055.439857	0
11591376370.48772	0
11591409685.535582	0
11591443001.583445	0
11591476316.631306	0
11591509632.67917	0
11591542947.727032	0
11591576263.774895	0
11591609578.822758	0
11591642894.87062	0
11591676209.918482	0
11591709525.966345	0
11591742841.014208	0
11591776156.062069	0
11591809472.109932	0
11591842787.157795	0
11591876103.205658	0
11591909418.25352	0
11591942734.301382	0
11591976049.349245	0
11592009365.397108	0
11592042680.44497	0
11592075996.492832	0
11592109311.540695	0
11592142626.588556	0
11592175942.63642	0
11592209257.684282	0
11592242573.732145	0
11592275888.780006	0
11592309204.82787	0
11592342519.875732	0
11592375834.923594	0
11592409150.971457	0
11592442466.01932	0
11592475782.067183	0
11592509098.115046	0
11592542413.162907	0
11592575728.21077	0
11592609044.258633	0
11592642359.306494	0
11592675675.354357	0
11592708990.40222	0
11592742305.45008	0
11592775621.497944	0
11592808936.545807	0
11592842252.59367	0
11592875567.641531	0
11592908883.689396	0
11592942198.737257	0
11592975514.78512	0
11593008829.832981	0
11593042145.880846	0
11593075460.928707	0
11593108776.97657	0
11593142092.024433	0
11593175407.072294	0
11593208723.120157	0
11593242038.168018	0
11593275354.215883	0
11593308669.263744	0
11593341985.311607	0
11593375300.35947	0
11593408616.407333	0
11593441931.455194	0
11593475246.503057	0
11593508562.55092	0
11593541877.598782	0
11593575193.646645	0
11593608508.694508	0
11593641824.74237	0
11593675139.790232	0
11593708455.838095	0
11593741770.885958	0
11593775085.933819	0
11593808401.981682	0
11593841717.029545	0
11593875033.077408	0
11593908349.12527	0
11593941664.173132	0
11593974979.220995	0
11594008295.268858	0
11594041610.31672	0
11594074926.364582	0
11594108241.412445	0
11594141557.460308	0
11594174872.50817	0
11594208187.556032	0
11594241503.603895	0
11594274818.651756	0
11594308134.69962	0
11594341449.747482	0
11594374765.795345	0
11594408080.843206	0
11594441396.891071	0
11594474711.938932	0
11594508027.986795	0
11594541343.034657	0
11594574658.08252	0
11594607974.130383	0
11594641289.178244	0
11594674605.226109	0
11594707920.27397	0
11594741236.321833	0
11594774551.369694	0
11594807866.417557	0
11594841182.46542	0
11594874498.513283	0
11594907813.561146	0
11594941128.609007	0
11594974444.65687	0
11595007759.704731	0
11595041075.752596	0
11595074390.800457	0
11595107706.84832	0
11595141021.896183	0
11595174336.944044	0
11595207652.991907	0
11595240968.03977	0
11595274284.087633	0
11595307599.135494	0
11595340915.183357	0
11595374230.23122	0
11595407546.279083	0
11595440861.326944	0
11595474177.374807	0
11595507492.42267	0
11595540807.470531	0
11595574123.518394	0
11595607438.566257	0
11595640754.61412	0
11595674069.661982	0
11595707385.709845	0
11595740700.757708	0
11595774016.80557	0
11595807331.853432	0
11595840647.901295	0
11595873962.949158	0
11595907278.99702	0
11595940594.044882	0
11595973909.092745	0
11596007225.140608	0
11596040540.188469	0
11596073856.236332	0
11596107171.284195	0
11596140487.332058	0
11596173802.37992	0
11596207117.427782	0
11596240433.475645	0
11596273749.523508	0
11596307064.57137	0
11596340380.619234	0
11596373695.667095	0
11596407010.714956	0
11596440326.762821	0
11596473641.810682	0
11596506957.858545	0
11596540272.906406	0
11596573587.95427	0
11596606904.002132	1
11596640219.049994	0
11596673535.097858	0
11596706850.14572	0
11596740166.193583	0
11596773481.241444	0
11596806797.289309	0
11596840112.33717	0
11596873428.385033	0
11596906743.432896	0
11596940059.480759	0
11596973374.52862	0
11597006690.576483	0
11597040005.624346	0
11597073320.672207	0
11597106636.72007	0
11597139951.767933	0
11597173267.815796	0
11597206582.863657	0
11597239897.91152	0
11597273213.959383	0
11597306529.007244	0
11597339845.055107	0
11597373160.10297	0
11597406476.150833	0
11597439791.198694	0
11597473107.246557	0
11597506422.29442	0
11597539738.342283	0
11597573053.390144	0
11597606384.43803	0
11597639684.48587	0
11597672999.533731	0
11597706315.581594	0
11597739630.629457	0
11597772946.67732	0
11597806261.725182	0
11597839577.773045	0
11597872892.820908	0
11597906208.86877	0
11597939523.916632	0
11597972839.964497	0
11598006155.012358	0
11598039470.060219	0
11598072786.108082	0
11598106101.155945	1
11598139417.203808	2
11598172732.251669	1
11598206048.299534	0
11598239363.347395	0
11598272679.395258	0
11598305994.44312	0
11598339310.490984	0
11598372625.538845	0
11598405941.586708	0
11598439256.634571	0
11598472571.682432	0
11598505887.730295	0
11598539202.778158	0
11598572517.82602	0
11598605833.873882	0
11598639149.921745	0
11598672464.969608	0
11598705781.017471	0
11598739096.065332	0
11598772411.113195	0
11598805727.161058	0
11598839042.20892	0
11598872358.256783	0
11598905673.304646	0
11598938989.352509	0
11598972304.40037	0
11599005620.448233	0
11599038935.496096	0
11599072251.543959	0
11599105566.59182	0
11599138881.639683	0
11599172197.687546	0
11599205512.735407	0
11599238828.78327	0
11599272143.831133	0
11599305459.878996	0
11599338774.926857	0
11599372089.97472	0
11599405406.022583	0
11599438721.070444	0
11599472037.118307	0
11599505352.16617	0
11599538668.214033	0
11599571983.261894	0
11599605299.309757	0
11599638614.35762	0
11599671930.405483	0
11599705245.453344	0
11599738561.50121	0
11599771876.54907	0
11599805191.596931	0
11599838507.644794	0
11599871822.692657	0
11599905138.74052	0
11599938453.788382	0
11599971769.836246	0
11600005084.884108	0
11600038400.93197	0
11600071715.979832	0
11600105031.027695	0
11600138347.075558	0
11600171662.123419	0
11600204978.171284	0
11600238293.219145	0
11600271609.267008	0
11600304924.31487	0
11600338240.362734	0
11600371555.410595	0
11600404871.458458	0
11600438186.50632	0
11600471502.554184	0
11600504817.602045	0
11600538133.649908	0
11600571448.697771	0
11600604764.745634	0
11600638079.793495	0
11600671394.841358	0
11600704710.889221	0
11600738025.937082	0
11600771341.984945	0
11600804657.032808	0
11600837972.08067	0
11600871288.128532	0
11600904604.176395	0
11600937919.224258	0
11600971234.27212	0
11601004550.319983	0
11601037865.367846	0
11601071181.415709	0
11601104496.46357	0
11601137811.511433	0
11601171127.559296	0
11601204442.607157	0
11601237758.65502	0
11601271073.702883	0
11601304389.750746	0
11601337704.798607	0
11601371020.84647	0
11601404335.894333	0
11601437651.942196	0
11601470966.990057	0
11601504282.03792	0
11601537598.085783	0
11601570913.133644	0
11601604229.181507	0
11601637544.22937	0
11601670860.277233	0
11601704175.325094	0
11601737491.37296	0
11601770806.42082	0
11601804122.468683	0
11601837437.516546	0
11601870752.564407	0
11601904068.61227	0
11601937384.660133	0
11601970699.707996	0
11602004015.75586	0
11602037330.80372	0
11602070645.851583	0
11602103961.899446	0
11602137277.94731	0
11602170591.995169	0
11602203908.043034	0
11602237224.090897	0
11602270539.138758	0
11602303854.18662	0
11602337170.234484	0
11602370485.282345	0
11602403801.330208	0
11602437116.37807	0
11602470432.425934	0
11602503747.473795	0
11602537063.521658	0
11602570378.56952	0
11602603694.617384	0
11602637009.665245	0
11602670325.713108	0
11602703640.760971	0
11602736955.808832	0
11602770271.856695	0
11602803587.90456	0
11602836902.952421	0
11602870218.000282	0
11602903534.048145	0
11602936849.096008	0
11602970164.14387	0
11603003480.191732	0
11603036795.239595	0
11603070111.287458	0
11603103426.33532	0
11603136742.383183	0
11603170057.431046	0
11603203373.478909	0
11603236688.52677	0
11603270004.574635	0
11603303319.622496	0
11603336635.670359	0
11603369950.71822	0
11603403265.766083	0
11603436581.813946	0
11603469896.861807	0
11603503212.909672	0
11603536527.957533	0
11603569844.005396	0
11603603159.053259	0
11603636474.10112	0
11603669790.148983	0
11603703105.196844	0
11603736421.244709	0
11603769736.29257	0
11603803052.340433	0
11603836367.388296	0
11603869683.43616	0
11603902998.48402	0
11603936314.531883	0
11603969629.579746	0
11604002945.62761	0
11604036260.67547	0
11604069576.723333	0
11604102891.771196	0
11604136206.819057	0
11604169522.86692	0
11604202838.914783	0
11604236153.962646	0
11604269470.01051	0
11604302785.05837	0
11604336100.106234	0
11604369415.154095	0
11604402731.201958	0
11604436046.24982	0
11604469362.297684	0
11604502678.345547	0
11604535993.393408	0
11604569308.44127	0
11604602624.489134	0
11604635939.536995	0
11604669255.584858	0
11604702570.63272	0
11604735886.680584	0
11604769201.728445	0
11604802516.776308	0
11604835832.824171	0
11604869147.872032	0
11604902463.919895	0
11604935778.967758	0
11604969094.01562	0
11605002410.063482	0
11605035726.111347	0
11605069042.15921	0
11605102356.20707	0
11605135672.254934	0
11605168987.302795	0
11605202303.350658	0
11605235618.39852	0
11605268934.446384	0
11605302249.494246	0
11605335565.542109	0
11605368880.589972	0
11605402196.637835	0
11605435511.685696	0
11605468826.733557	0
11605502142.781422	0
11605535458.829285	0
11605568773.877146	0
11605602088.925009	0
11605635404.972872	0
11605668720.020733	0
11605702042.068605	0
11605735351.116459	0
11605768667.164322	0
11605801982.212183	0
11605835298.260046	0
11605868613.307909	0
11605901928.35577	0
11605935244.403633	0
11605968559.451496	0
11606001875.49936	0
11606035190.54722	0
11606068506.595083	0
11606101821.642946	0
11606135136.690807	0
11606168452.73867	0
11606201767.786533	1
11606235083.834396	0
11606268398.882257	0
11606301714.93012	0
11606335029.977983	0
11606368346.025846	0
11606401661.073708	0
11606434977.12157	0
11606468292.169434	0
11606501607.217295	0
11606534923.265158	0
11606568238.31302	0
11606601554.360884	0
11606634869.408745	0
11606668185.456608	0
11606701500.50447	0
11606734816.552334	0
11606768132.600197	0
11606801447.64806	0
11606834762.69592	0
11606868077.743782	0
11606901393.791647	0
11606934709.83951	0
11606968024.887371	0
11607001340.935234	0
11607034655.983097	0
11607067971.030958	0
11607101287.078821	0
11607134602.126684	0
11607167918.174547	0
11607201233.222408	0
11607234548.27027	0
11607267864.318134	0
11607301179.365995	0
11607334495.413858	0
11607367810.461721	0
11607401126.509584	0
11607434441.557446	0
11607467757.605309	0
11607501072.653172	0
11607534388.701035	0
11607567703.748896	0
11607601019.796759	0
11607634334.844622	0
11607667649.892483	0
11607700965.940346	0
11607734280.988209	0
11607767597.036072	0
11607800912.083933	0
11607834228.131796	0
11607867543.179659	0
11607900858.22752	0
11607934174.275383	0
11607967489.323246	0
11608000805.371109	0
11608034121.418972	0
11608067436.466833	0
11608100751.514696	0
11608134067.56256	0
11608167382.61042	0
11608200698.658283	0
11608234013.706146	0
11608267328.754007	0
11608300644.80187	1
11608333959.849733	0
11608367275.897596	0
11608400590.945457	0
11608433906.99332	3
11608467222.041183	1
11608500538.089046	0
11608533853.136908	0
11608567169.184772	0
11608600484.232634	0
11608633799.280495	0
11608667115.32836	0
11608700430.37622	3
11608733746.424084	1
11608767061.471945	0
11608800377.51981	1
11608833692.56767	2
11608867008.615534	1
11608900323.663397	0
11608933638.711258	0
11608966954.75912	1
11609000270.806984	1
11609033585.854847	0
11609066901.90271	0
11609100216.950571	0
11609133531.998434	0
11609166848.046297	0
11609200163.094158	0
11609233479.142021	0
11609266794.189884	0
11609300109.237745	0
11609333425.285608	2
11609366741.333471	0
11609400056.381334	0
11609433371.429195	0
11609466687.477058	0
11609500002.524921	0
11609533318.572784	0
11609566633.620646	0
11609599949.668509	0
11609633264.716372	0
11609666579.764233	0
11609699895.812096	0
11609733210.859959	0
11609766529.907825	0
11609799841.955683	0
11609833157.003546	0
11609866474.05141	0
11609899789.099272	0
11609933104.147133	0
11609966420.194996	0
11609999735.242859	1
11610033050.29072	1
11610066366.338583	0
11610099681.386446	0
11610132997.434309	0
11610166312.48217	0
11610199628.530035	0
11610232943.577896	0
11610266259.62576	0
11610299574.67362	0
11610332889.721483	0
11610366205.769346	0
11610399521.81721	0
11610432836.865072	0
11610466152.912935	0
11610499467.960796	0
11610532783.008657	0
11610566099.056522	0
11610599414.104383	0
11610632730.152246	0
11610666045.20011	0
11610699360.24797	0
11610732676.295834	0
11610765991.343695	0
11610799307.39156	0
11610832622.43942	0
11610865938.487284	1
11610899253.535147	1
11610932569.58301	0
11610965884.63087	0
11610999200.678734	0
11611032515.726597	0
11611065830.774458	0
11611099146.82232	0
11611132461.870184	0
11611165776.918045	0
11611199092.965908	1
11611232409.013771	0
11611265725.061634	0
11611299040.109497	0
11611332355.157358	0
11611365670.205221	0
11611398986.253084	2
11611432301.300945	0
11611465617.348808	0
11611498933.396671	1
11611532248.444534	0
11611565563.492395	0
11611598879.540258	0
11611632194.588121	0
11611665510.635984	0
11611698825.683846	2
11611732141.731709	1
11611765456.779572	0
11611798774.827438	3
11611832087.875296	1
11611865402.923159	0
11611898718.971022	2
11611932034.018883	0
11611965350.066748	0
11611998665.114609	0
11612031980.16247	3
11612065296.210333	0
11612098612.258198	0
11612131927.306059	0
11612165242.35392	1
11612198558.401785	0
11612231874.449648	0
11612265189.497509	0
11612298504.54537	0
11612331820.593235	0
11612365135.641096	0
11612398451.68896	0
11612431766.736822	0
11612465081.784683	0
11612498397.832546	0
11612531713.88041	0
11612565028.928272	0
11612598343.976133	0
11612631660.023996	0
11612664975.07186	0
11612698291.119722	0
11612731606.167583	1
11612764922.215446	0
11612798237.26331	0
11612831553.311172	0
11612864868.359034	0
11612898183.406897	0
11612931499.45476	0
11612964814.50262	0
11612998130.550484	0
11613031445.598347	0
11613064761.64621	0
11613098076.69407	0
11613131392.741934	0
11613164707.789797	0
11613198022.837658	2
11613231338.88552	1
11613264654.933384	0
11613297969.981247	0
11613331285.029108	0
11613364601.076971	0
11613397916.124834	0
11613431232.172697	0
11613464547.220558	0
11613497863.268423	0
11613531178.316284	0
11613564493.364145	1
11613597809.412008	0
11613631124.459871	0
11613664440.507734	0
11613697755.555595	0
11613731071.60346	0
11613764386.651321	0
11613797702.699184	0
11613831017.747046	1
11613864333.79491	3
11613897648.842772	0
11613930964.890635	0
11613964279.938498	0
11613997594.986359	0
11614030911.034222	0
11614064226.082083	0
11614097542.129948	1
11614130857.177809	0
11614164173.225672	0
11614197489.273535	0
11614230803.321396	0
11614264119.369259	0
11614297435.417122	0
11614330750.464985	0
11614364065.512846	2
11614397381.560709	0
11614430696.608572	0
11614464012.656435	0
11614497327.704296	0
11614530643.75216	0
11614563958.800022	0
11614597274.847885	0
11614630589.895746	0
11614663904.94361	2
11614697220.991472	0
11614730536.039333	0
11614763852.087196	3
11614797167.13506	1
11614830482.18292	0
11614863798.230783	0
11614897114.278646	0
11614930429.32651	1
11614963745.374372	0
11614997060.422234	0
11615030375.470097	0
11615063691.51796	0
11615097007.565823	0
11615130322.613684	0
11615163637.661547	0
11615196952.709408	0
11615230268.75727	0
11615263584.805136	0
11615296899.852997	0
11615330214.900858	0
11615363530.94872	0
11615396846.996586	0
11615430162.044447	0
11615463477.092308	0
11615496793.140173	0
11615530108.188034	0
11615563424.235897	0
11615596739.283758	0
11615630055.331623	0
11615663370.379484	0
11615696686.427347	0
11615730001.47521	0
11615763316.523071	0
11615796632.570934	0
11615829947.618795	0
11615863263.66666	0
11615896579.714523	0
11615929894.762384	0
11615963209.810247	0
11615996525.85811	0
11616029840.905972	0
11616063156.953835	0
11616096472.001698	0
11616129788.04956	0
11616163103.097422	0
11616196418.145285	0
11616229734.193148	0
11616263049.241009	0
11616296365.288872	0
11616329680.336735	0
11616362995.384596	0
11616396311.432459	0
11616429627.480322	0
11616462942.528185	0
11616496257.576046	0
11616529573.623909	0
11616562888.671772	0
11616596204.719635	0
11616629519.767496	0
11616662835.81536	0
11616696150.863222	0
11616729466.911085	0
11616762781.958946	0
11616796098.00681	0
11616829413.054672	0
11616862728.102533	0
11616896044.150396	0
11616929359.19826	0
11616962675.246122	0
11616995990.293983	0
11617029306.341848	0
11617062621.38971	0
11617095936.43757	0
11617129252.485434	0
11617162567.533297	0
11617195883.58116	0
11617229198.62902	0
11617262514.676886	0
11617295829.724747	0
11617329145.77261	0
11617362460.82047	0
11617395776.868336	0
11617429091.916197	0
11617462406.964058	0
11617495723.011923	0
11617529038.059784	0
11617562354.107647	0
11617595669.15551	0
11617628985.203373	0
11617662300.251234	0
11617695616.299097	0
11617728931.34696	0
11617762247.394823	0
11617795569.442694	0
11617828878.490547	0
11617862193.53841	0
11617895509.586273	0
11617928824.634134	0
11617962139.681997	0
11617995455.72986	0
11618028770.777721	0
11618062086.825584	0
11618095401.873447	0
11618128716.921309	0
11618162032.969172	0
11618195348.017035	0
11618228664.064898	0
11618261979.112759	0
11618295295.160622	0
11618328610.208485	0
11618361926.256348	0
11618395241.304209	0
11618428557.352072	0
11618461872.399935	0
11618495188.447798	0
11618528503.495659	0
11618561819.543524	0
11618595134.591385	0
11618628449.639246	0
11618661765.687109	0
11618695081.734974	0
11618728396.782835	0
11618761711.830696	0
11618795027.878561	0
11618828342.926422	1
11618861658.974285	0
11618894974.022146	0
11618928289.07001	0
11618961605.117872	0
11618994920.165733	0
11619028236.213598	0
11619061551.26146	0
11619094866.30932	0
11619128182.357183	1
11619161497.405046	0
11619194813.45291	0
11619228128.50077	0
11619261444.548635	1
11619294759.596497	0
11619328075.64436	0
11619361390.692223	0
11619394706.740086	0
11619428021.787947	0
11619461336.835808	0
11619494652.883673	0
11619527968.931536	0
11619561283.979397	0
11619594600.02726	0
11619627915.075123	0
11619661230.122984	0
11619694546.170847	0
11619727861.21871	0
11619761177.266573	0
11619794492.314434	0
11619827807.362297	0
11619861123.41016	0
11619894438.458021	0
11619927754.505884	0
11619961069.553747	0
11619994385.60161	0
11620027700.649471	0
11620061016.697334	0
11620094331.745197	0
11620127647.79306	0
11620160962.840921	0
11620194277.888784	0
11620227593.936647	0
11620260908.984509	0
11620294225.032372	0
11620327540.080235	0
11620360856.128098	0
11620394171.175959	0
11620427487.223822	0
11620460802.271685	0
11620494118.319548	0
11620527433.367409	0
11620560749.415274	0
11620594064.463135	0
11620627379.510996	0
11620660695.558859	0
11620694010.606722	0
11620727326.654585	0
11620760641.702446	0
11620793957.75031	0
11620827272.798172	0
11620860588.846035	0
11620893903.893898	0
11620927218.94176	0
11620960534.989622	0
11620993850.037483	0
11621027166.085348	0
11621060481.13321	1
11621093797.181072	0
11621127112.228935	0
11621160428.276798	1
11621193743.32466	0
11621227059.372522	0
11621260374.420385	0
11621293689.468246	0
11621327005.51611	0
11621360320.563972	0
11621393636.611835	0
11621426951.659697	0
11621460267.70756	0
11621493582.755423	0
11621526897.803284	0
11621560213.851147	0
11621593528.89901	0
11621626844.946873	0
11621660160.994736	0
11621693476.042597	0
11621726791.09046	0
11621760107.138323	0
11621793422.186184	0
11621826738.234047	0
11621860053.28191	0
11621893369.329773	0
11621926684.377634	0
11621959999.425497	0
11621993315.47336	0
11622026631.521223	0
11622059946.569084	0
11622093261.616947	0
11622126577.66481	0
11622992780.909235	0
11623026095.957098	0
11623059412.004961	0
11623092727.052822	0
11623126042.100685	0
11623159358.148548	0
11623192673.19641	0
11623225989.244272	0
11623492512.627172	0
11623525828.675035	0
11623559143.722897	0
11623592459.77076	0
11623625774.818623	0
11623659090.866486	0
11623692405.914347	0
11623725721.96221	0
11623759037.010073	0
11623792353.057936	0
11623825668.105797	0
11623858983.15366	0
11623892299.201523	0
11623925614.249384	0
11623958930.297247	0
11623992245.34511	0
11624025561.392973	0
11624058876.440834	0
11624092192.488699	0
11624125507.53656	0
11624158823.584423	0
11624192138.632286	0
11624225454.68015	0
11624258769.72801	0
11624292084.775871	0
11624325400.823736	0
11624358715.871597	0
11624392031.91946	0
11624425346.967323	0
11624458663.015186	0
11624491978.063047	0
11624525293.110909	0
11624558609.158773	0
11624591924.206635	0
11624625241.2545	0
11624658555.30236	0
11624691871.350224	0
11624725186.398085	0
11624758502.445948	0
11624791817.49381	0
11624825132.541672	0
11625124972.972435	0
11625158288.020298	0
11625191603.06816	0
11625224919.116022	0
11625258235.163885	0
11625291550.211748	0
11625324865.25961	0
11625358181.307472	0
11625391496.355335	0
11625424812.403198	0
11625458127.45106	0
11625491442.498922	0
11625524758.546785	0
11625558073.594646	0
11625591389.64251	0
11625624704.690372	0
11625924545.121136	0
11625957860.168999	0
11625991175.21686	0
11626024491.264723	0
11626057807.312586	0
11626091122.360449	0
11626124437.40831	0
11626157753.456173	0
11626191068.504036	0
11626224384.551899	0
11626257699.59976	0
11626291015.647623	0
11626324330.695486	0
11626357645.743347	0
11626390961.79121	0
11626424276.839073	0
11626457592.886936	0
11626490907.934797	0
11626524223.98266	0
11626557539.030523	0
11626590855.078386	0
11626624170.126247	0
11626657486.17411	0
11626690801.221973	0
11626724117.269836	0
11626757432.317698	0
11626790747.36556	1
11626824063.413424	0
11626857378.461285	0
11626890694.509148	0
11626924009.55701	2
11626957325.604874	0
11626990640.652735	0
11627023955.700598	0
11627057271.74846	0
11627090586.796322	0
11627123910.844196	0
11627157217.892048	0
11627190533.93991	0
11627223848.987772	0
11627257165.035635	0
11627290480.083498	0
11627323795.13136	0
11627357111.179222	0
11627390426.227085	0
11627423742.274948	0
11627457057.32281	0
11627490373.370672	0
11627523688.418535	0
11627557004.466398	0
11627590319.51426	0
11627623634.562122	0
11627656950.609985	0
11627690265.657846	0
11627723581.705711	0
11627756897.753574	0
11627790212.801435	0
11627823527.849297	0
11627856843.897161	0
11627890158.945023	0
11627923474.992886	0
11627956790.040749	0
11627990105.08861	0
11628023421.136473	0
11628056737.184336	0
11628090052.232199	0
11628123367.28006	0
11628156683.327923	0
11628189998.375786	0
11628223314.423649	0
11628256629.47151	0
11628289945.519373	0
11628323260.567236	0
11628356575.615097	0
11628389891.66296	0
11628423206.710823	0
11628456522.758686	0
11628489838.80655	0
11628523153.85441	0
11628556468.902273	0
11628589784.950136	0
11628623099.997997	0
11628656416.04586	0
11628689731.093723	0
11628723046.141584	0
11628756362.189447	0
11628789677.23731	0
11628822993.285173	0
11628856308.333035	0
11628889624.380898	0
11628922939.42876	0
11628956255.476624	0
11628989570.524485	0
11629022886.572348	0
11629056201.62021	0
11629089517.668074	0
11629122832.715935	0
11629156147.763798	0
11629189463.81166	0
11629222778.859522	0
11629256094.907387	0
11629289409.955248	0
11629322726.00311	0
11629356041.050972	0
11629389357.098837	0
11629422672.146698	0
11629455987.19456	0
11629489303.242424	0
11629522618.290285	0
11629555934.338148	0
11629589249.38601	0
11629622565.433874	0
11629655880.481735	0
11629689196.529598	0
11629722511.577461	1
11629755827.625324	0
11629789142.673185	0
11629822457.721046	0
11629855773.768911	0
11629889091.816776	0
11629922404.864635	0
11629955719.912498	0
11629989035.960361	0
11630022351.008223	0
11630055666.056086	0
11630088983.103949	0
11630122298.151812	0
11630155613.199673	0
11630188929.247536	0
11630222244.295399	0
11630255559.34326	0
11630288875.391123	0
11630322190.438986	0
11630355506.486849	0
11630388821.53471	0
11630422137.582573	0
11630455452.630436	0
11630488768.678299	0
11630522083.72616	0
11630555398.774023	0
11630588714.821886	0
11630622029.869747	0
11630655345.91761	0
11630688660.965473	0
11630721977.013336	0
11630755292.061197	0
11630788608.10906	0
11630821923.156923	0
11630855239.204786	0
11630888554.252647	0
11630921869.30051	0
11630955185.348373	0
11630988500.396235	0
11631754757.497074	0
11631788072.544935	0
11631821389.5928	0
11631854703.640661	0
11631888019.688524	0
11631921334.736385	0
11631954649.784248	0
11631987965.832111	0
11632021280.879972	0
11632054596.927835	0
11632087911.975698	0
11632121228.023561	0
11632154543.071423	0
11632187859.119286	0
11632221174.167149	0
11632254490.215012	0
11632287805.262873	0
11632321121.310736	0
11632354436.358599	0
11632387752.406462	0
11632421067.454323	0
11632454382.502186	0
11632487698.550049	0
11632521013.59791	0
11632554329.645775	0
11632587644.693636	0
11632620959.741497	0
11632654275.78936	0
11632687591.837225	0
11632720906.885086	0
11632754221.932947	0
11632787537.980812	0
11632820853.028673	0
11632854169.076536	0
11632887484.124397	0
11632920800.172262	0
11632954115.220123	0
11632987431.267986	0
11633020746.31585	0
11633054061.36371	0
11633087377.411573	0
11633120692.459435	0
11633154008.5073	0
11633187323.55516	0
11633220639.603024	0
11633253954.650887	0
11633287269.698748	0
11633320585.74661	0
11633353900.794474	0
11633387216.842337	0
11633420531.890198	0
11633453847.93806	0
11633487162.985924	0
11633520478.033785	0
11633553794.081648	0
11633587110.12951	0
11633620425.177374	0
11633653741.225237	0
11633687056.273098	0
11633720372.320961	0
11633753687.368824	0
11633787002.416685	0
11634320051.182487	0
11634353366.230349	0
11634386682.278212	0
11634419997.326073	0
11634453312.373936	0
11634486628.421799	0
11634519943.46966	0
11634553259.517525	0
11634586575.565388	0
11634619889.613247	0
11634653205.66111	0
11634686521.708975	0
11634719836.756836	0
11634753151.804697	0
11634786467.852562	0
11634819782.900423	0
11634853098.948286	0
11634886413.996147	0
11634919730.044012	0
11634953045.091873	0
11634986361.139736	0
11635019676.1876	0
11635052991.23546	0
11635086307.283323	0
11635885879.432024	0
11635919194.479885	0
11635952510.527748	0
11635985825.575611	0
11636019141.623474	0
11636052456.671335	0
11636085772.7192	0
11636119087.767061	0
11636152402.814922	0
11636185718.862785	0
11636219033.910648	0
11636252349.958511	0
11636285665.006372	0
11636318981.054237	0
11636352296.102098	0
11636385612.149961	0
11636418927.197823	0
11636452243.245687	0
11636485558.293549	0
11636518874.341412	0
11636552189.389275	0
11636585504.437136	0
11636618820.484999	0
11636652135.532862	0
11636685451.580725	0
11636718766.628586	0
11636752082.676449	0
11636785397.724312	0
11636818713.772175	0
11636852028.820036	0
11636885343.867899	0
11636918659.915762	0
11636951974.963623	0
11636985291.011486	0
11637018606.05935	0
11637051922.107212	0
11637085237.155073	0
11637118553.202936	0
11637151868.2508	0
11637185183.29866	0
11637218499.346523	0
11637251814.394386	0
11637285130.44225	0
11637318445.49011	0
11637351761.537973	0
11637385076.585836	0
11637418392.6337	0
11637451707.68156	0
11637485022.729424	0
11637518338.777287	0
11637551654.82515	0
11637584969.87301	0
11637618284.920874	0
11637651600.968737	0
11637684916.016598	0
11637718232.06446	0
11640616680.228498	0
11640649996.276361	0
11640683311.324224	0
11640716626.372086	0
11640749942.419949	0
11640783257.467812	0
11640816573.515675	0
11640849888.563536	0
11640883203.611399	0
11640916519.659262	0
11650111597.869312	0
11650144912.917173	0
11650178228.965036	0
11650211544.0129	0
11650244860.060762	0
11650278175.108624	0
11650311491.156488	0
11650344806.20435	0
11650378122.252213	0
11650411437.300074	0
11650444752.347937	0
11650478068.3958	0
11650511383.44366	0
11650544699.491526	0
11650578014.539387	1
11650611330.58725	0
11650644645.635113	0
11650677961.682976	0
11650711276.730837	0
11650744591.778698	0
11650777907.826563	0
11650811222.874424	0
11650844538.922287	0
11650877853.97015	0
11650911170.018013	0
11650944485.065874	0
11650977801.113737	0
11651011116.1616	0
11651044431.209461	1
11651077747.257324	0
11651111062.305187	0
11651144378.35305	0
11651177694.400913	0
11651211008.448772	0
11651244324.496637	0
11651277640.5445	0
11651310955.592361	0
11651344271.640224	0
11651377586.688087	0
11651410901.735949	0
11651444217.783812	0
11651477533.831675	0
11651510848.879538	0
11651544164.9274	0
11651577479.975262	0
11651610795.023125	0
11651644111.070988	0
11651677426.118849	0
11651710741.166712	0
11651744057.214575	0
11651777372.262436	0
11651810688.310299	0
11651844003.358162	0
11651877319.406025	0
11651910634.453886	0
11651943950.501749	0
11651977265.549612	0
11652010581.597475	0
11652043896.645336	0
11652077211.6932	0
11652110527.741062	0
11652143842.788923	0
11652177158.836786	0
11652210473.88465	0
11652243789.932512	0
11652277104.980373	0
11652310421.028238	0
11652343736.0761	0
11652377052.123962	0
11652410367.171825	0
11652443683.219688	0
11652476998.26755	0
11652510313.31541	0
11652543629.363276	0
11652576944.411137	0
11652610260.459	0
11652643576.506863	0
11652676891.554726	0
11652710206.602587	0
11652743521.650448	0
11652776837.698313	0
11652810153.746176	1
11652843468.794037	0
11652876783.8419	0
11652910099.889763	0
11652943414.937624	0
11652976730.985487	0
11653010046.03335	0
11653043362.081213	0
11653076677.129074	0
11653109992.176937	0
11653143308.2248	0
11653176623.272661	0
11653209939.320524	0
11653243255.368387	0
11653276570.41625	0
11653309885.464111	0
11653343201.511974	0
11653376517.55984	0
11653409832.6077	0
11653443147.655561	0
11653476463.703424	0
11653509778.751287	0
11653543093.799149	0
11653576409.847012	0
11653609725.894876	0
11653643040.942738	0
11653676355.990599	0
11653709672.038462	0
11653742987.086325	0
11653776303.134188	0
11653809618.182049	0
11653842934.229914	0
11653876249.277775	0
11653909564.325636	0
11653942880.3735	0
11653976196.421364	0
11654009511.469225	0
11654042826.517086	0
11654076142.56495	0
11654109457.612812	0
11654142773.660675	1
11654176088.708538	0
11654209404.756401	0
11654242719.804262	0
11654276035.852125	0
11654309350.899988	0
11654342665.94785	0
11654375981.995712	0
11654409297.043575	0
11654442613.091438	0
11654475928.1393	0
11654509244.187162	0
11654542559.235025	0
11654575874.282887	0
11654609190.33075	0
11654642506.378613	0
11654675821.426476	0
11654709136.474337	0
11654742451.5222	0
11654775767.570063	0
11654809082.617924	0
11654842398.665787	0
11654875714.71365	0
11654909029.761513	0
11654942345.809376	0
11654975660.857237	0
11655008976.9051	0
11655042291.952963	0
11655075607.000824	0
11655108923.048687	0
11655142238.09655	0
11655175553.144411	0
11655208869.192274	0
11655242185.240137	0
11655275500.288	0
11655308815.335861	0
11655342131.383724	0
11655975125.293112	0
11656008441.340975	0
11656041756.388836	0
11656075072.4367	0
11656108387.484562	0
11656141703.532425	0
11656175018.580288	0
11656208334.62815	0
11656241649.676012	0
11656274964.723873	0
11656308280.771738	0
11656341595.8196	0
11656374911.867462	0
11656408226.915325	0
11656441542.963188	0
11656474858.01105	0
11656508174.058912	0
11656541489.106775	0
11656574805.154638	0
11656608120.2025	0
11656641444.250374	0
11656674751.298225	0
11656708066.346087	0
11656741382.39395	0
11656774697.441813	0
11656808013.489676	0
11656841329.537539	0
11656874644.5854	0
11656907959.633263	0
11656941275.681126	0
11656974590.728987	0
11657007905.77685	0
11657041221.824713	0
11657074536.872574	0
11657107852.920437	0
11657141167.9683	0
11657174484.016163	0
11657207799.064024	0
11657241115.111887	0
11657274430.15975	0
11657307745.207611	0
11657341061.255474	1
11657374376.303337	0
11657407692.3512	0
11657441007.399061	0
11657474323.446926	0
11657507638.494787	0
11657540954.54265	0
11657574269.590511	0
11657607585.638376	2
11657640900.686237	0
11657674215.734098	0
11657707531.781963	1
11657740846.829824	0
11657774162.877687	0
11657807478.92555	0
11657840793.973413	0
11657874109.021275	0
11657907425.069138	0
11657940740.117	0
11657974055.164862	0
11658007371.212725	0
11658040687.260588	0
11658074002.30845	0
11658107318.356314	0
11658140633.404175	0
11658173948.452038	0
11658207264.4999	0
11658240580.547764	0
11658273895.595625	0
11658307210.643488	2
11658340525.691349	0
11658373841.739212	0
11658407156.787075	0
11658440472.834938	0
11658473788.882801	0
11658507103.930662	0
11658540418.978525	0
11658573735.026388	0
11658607050.07425	0
11658640365.122112	0
11658673681.169975	0
11658706996.217836	0
11658740312.2657	0
11658773627.313562	0
11658806943.361425	0
11658840258.409286	0
11658873574.45715	0
11658906889.505013	0
11658940205.552876	0
11658973520.600737	1
11659006835.6486	0
11659040151.696463	0
11659073467.744326	1
11659106782.792187	1
11659140097.84005	0
11659173413.887913	0
11659206728.935774	0
11659240044.983639	0
11659273360.0315	0
11659306676.079363	0
11659339991.127224	0
11659373307.175089	0
11659406622.22295	0
11659439937.270811	0
11659473253.318676	1
11659506568.366537	0
11659539884.4144	0
11659573199.462261	0
11659606515.510126	0
11659639830.557987	0
11659673146.60585	0
11659706461.653713	1
11659739777.701576	0
11659773092.749437	0
11659806407.7973	0
11659839723.845163	0
11659873039.893026	0
11659906354.940887	0
11659939669.98875	0
11659972986.036613	0
11660006305.08448	0
11660039617.132338	0
11660072932.1802	0
11660106247.228062	0
11660139563.275925	0
11660172878.323788	0
11660206194.37165	0
11660239509.419512	0
11660272825.467375	0
11660306140.515238	0
11660339455.563099	0
11660372771.610962	0
11660406086.658825	0
11660439402.706688	0
11660472718.75455	0
11660506033.802412	0
11660539348.850275	0
11660572664.898138	0
11660605979.946	0
11660639295.993862	0
11660672613.041727	0
11660705927.089588	0
11660739242.13745	0
11660772558.185314	0
11660805873.233175	0
11660839188.281036	0
11660872504.3289	0
11660905819.376762	0
11660939135.424625	0
11660972450.472486	0
11661005765.52035	0
11661039081.568213	0
11661072397.616076	0
11661105712.663937	0
11661139028.711802	0
11661172343.759663	0
11661205658.807524	0
11661238974.855389	0
11661272289.90325	0
11661305605.951113	0
11661338920.998976	0
11661372237.046839	0
11661405552.0947	0
11661438868.142563	0
11661472183.190426	0
11661505499.238289	0
11661538814.28615	0
11661572129.334013	0
11661605445.381876	0
11661638760.429737	0
11661672075.477598	0
11661705391.525463	0
11661738707.573326	0
11661772022.621187	0
11661805338.66905	0
11661838653.716913	0
11661871969.764776	0
11661905284.812637	0
11661938599.8605	0
11661971915.908363	0
11662005230.956224	0
11662038547.004087	0
11662071863.05195	0
11662105177.099812	0
11662138493.147675	0
11662171808.195538	0
11662205124.2434	0
11662238439.291262	0
11662271755.339125	0
11662305071.38699	0
11662338386.43485	0
11662371701.482712	0
11662405017.530575	0
11662438332.578438	0
11662471648.6263	0
11662504963.674162	0
11662538279.722027	0
11662571594.769888	1
11662604909.817749	0
11662638225.865612	0
11662671540.913475	0
11662704856.961338	0
11662838119.152788	0
11662871434.20065	0
11662904750.248514	0
11662938065.296375	0
11662971380.344236	0
11663004696.392101	0
11663038011.439962	0
11663071327.487825	0
11663104642.535688	0
11663137958.583551	0
11663171273.631413	0
11663204588.679274	0
11663237904.727139	0
11663271220.775002	0
11663304535.822863	0
11663337850.870726	0
11663371166.918589	0
11663404481.96645	0
11663437798.014313	0
11663471113.062176	0
11663504428.110037	0
11663537744.1579	0
11663571059.205763	0
11663604375.253626	0
11663637690.301487	0
11663671006.34935	1
11663704321.397213	0
11663737637.445076	0
11668701646.576588	0
11668734961.62445	0
11668768277.672314	0
11668801593.720177	0
11668834908.768038	0
11668868223.8159	0
11668901539.863764	0
11669234694.342388	0
11669268010.390251	0
11669301325.438112	0
11669334641.485975	0
11669367956.533838	0
11669401271.5817	1
11669434587.629562	0
11669467902.677425	0
11669501218.725288	0
11669534533.77315	0
11669567849.821012	0
11669601164.868876	0
11669634480.916739	0
11669667795.9646	0
11669701111.012463	0
11669734427.060326	0
11670167528.682539	0
11670200843.7304	0
11670234159.778263	0
11670267474.826124	0
11670300790.87399	0
11670334105.92185	0
11670367421.969713	0
11670400737.017576	0
11670434053.06544	0
11670467368.1133	0
11670500684.161163	0
11670533999.209026	0
11670567314.256887	0
11670600630.30475	0
11670633945.352613	0
11670667261.400476	0
11671100363.022688	0
11671133678.07055	0
11671166993.118412	0
11671200309.166275	0
11671600094.740625	0
11671633410.788488	0
11671666725.83635	0
11671700041.884214	0
11671733356.932076	0
11671766672.979939	0
11671799988.0278	0
11671833304.075665	0
11671866619.123526	0
11671899935.171389	1
11671933250.219252	0
11671966565.267113	0
11671999881.314976	0
11672033196.362839	0
11672066511.4107	1
11672099827.458563	0
11672133143.506426	0
11672166458.554289	0
11672199774.602152	0
11672233089.650013	0
11672266404.697876	0
11672299720.745739	0
11672333035.7936	1
11672566245.12864	0
11672599560.1765	0
11672632875.224363	0
11672666191.272226	0
11672699506.320087	0
11672732822.36795	1
11672766138.415813	0
11672799453.463676	0
11672832768.511538	0
11672866084.5594	2
11672899399.607264	0
11672932714.655125	0
11672966030.702988	0
11672999345.75085	0
11673032661.798714	0
11673065976.846575	0
11673099292.894438	0
11673132607.9423	0
11673632340.660238	0
11673665656.708101	0
11673698971.755964	0
11673732286.803825	0
11673765602.851688	0
11673798918.899551	0
11673832233.947414	0
11673865548.995275	0
11673898865.043139	0
11673932180.091002	0
11673965495.138863	0
11673998811.186726	0
11674032126.234589	0
11674065442.282452	0
11674098757.330313	0
11674132073.378176	0
11674165388.426039	0
11674198704.473902	0
11674232019.521763	1
11674265334.569626	0
11674298650.617489	0
11674331965.66535	0
11674365281.713213	0
11674665122.143978	0
11674698436.191837	0
11674731752.2397	0
11674765067.287563	0
11674798383.335426	0
11674831699.38329	0
11674865014.43115	0
11674898329.479013	0
11674931645.526876	0
11674964960.574738	1
11674998276.622602	0
11675031591.670464	0
11675064906.718325	0
11675098222.766188	0
11675131537.81405	1
11675164853.861914	0
11675198168.909775	0
11675231484.95764	0
11675264800.0055	0
11675298115.053362	0
11675331431.101225	0
11675364747.14909	0
11675398062.19695	0
11675431377.244812	0
11675464693.292677	0
11675498008.340538	0
11675531324.388401	0
11675564639.436264	0
11675597955.484127	0
11675631270.531988	0
11675664585.57985	0
11675697901.627714	0
11675731216.675575	0
11675764532.723438	0
11675797848.771301	0
11675831163.819164	0
11676330895.5371	0
11676364211.584963	0
11676397527.632826	0
11676430842.680689	0
11676464157.72855	0
11676497473.776413	0
11676530788.824276	0
11676564104.872139	0
11676597419.92	0
11676630735.967863	0
11676664051.015726	0
11680561965.61564	0
11680595281.663504	0
11680628595.711365	0
11680661910.759226	0
11680695226.807089	0
11681861268.482275	0
11681894584.530138	0
11681927900.578001	0
11681961215.625864	0
11681994530.673725	0
11682027846.721588	0
11682061161.769451	0
11682094477.817314	0
11682127792.865175	0
11682161108.91304	0
11682194423.960901	0
11682227739.008762	0
11682261055.056625	0
11682294371.10449	0
11682327686.152351	0
11682361001.200212	0
11682394317.248077	0
11682427632.295938	0
11682460948.343801	0
11682494263.391663	0
11682527579.439528	0
11682560894.487389	0
11682594210.535252	0
11682627525.583115	0
11682660841.630978	0
11682694156.678839	0
11682727471.726702	0
11682760787.774565	0
11682794102.822426	0
11682827418.870289	0
11682860733.918152	0
11682894049.966015	0
11682927365.013876	0
11682960681.061739	0
11682993996.109602	0
11683027312.157465	0
11683060627.205326	0
11683093942.25319	0
11696520089.541779	0
11697985971.647728	0
11698019286.69559	0
11698052601.743452	0
11698085917.791315	0
11698119232.839176	0
11698152548.887041	0
11698185863.934902	0
11698219179.982765	0
11698252495.030626	2
11698285811.078491	0
11698319126.126352	1
11698352442.174215	0
11698385757.222078	0
11698419073.269941	0
11698452388.317802	0
11698485704.365665	0
11698519019.413528	0
11698552334.46139	0
11698585650.509253	2
11698618966.557116	0
11698652281.604979	0
11698685596.65284	0
11698718911.700703	1
11698752227.748566	0
11698785542.796427	0
11698818858.84429	0
11698852174.892153	1
11698885489.940016	0
11698918804.987877	0
11698952121.03574	0
11698985436.083603	1
11699018752.131466	0
11699052067.179327	0
11699085382.22719	0
11699118698.275053	2
11699152013.322914	0
11699185329.370777	0
11699218644.41864	0
11699251960.466503	1
11699285275.514364	0
11699318591.562227	0
11699351906.61009	0
11699385221.657951	2
11699418538.705816	0
11699451852.753677	0
11699485168.80154	0
11699518483.849401	1
11699551799.897264	0
11699585114.945127	0
11699618430.99299	0
11699651746.040852	0
11699685061.088715	0
11699718378.13658	0
11699751693.18444	0
11699785008.232302	0
11699818324.280167	0
11699851639.328028	0
11699884954.375889	0
11699918270.423754	2
11699951585.471615	0
11699984901.519478	0
11700018216.567339	0
11700051531.615202	2
11700084847.663065	0
11700118163.710928	0
11700151478.758791	1
11700184793.806652	1
11700218109.854515	0
11700251424.902378	0
11700284740.950241	0
11700318055.998102	0
11700351372.045965	0
11700384687.093828	1
11700418003.141691	0
11700451318.189552	0
11700484633.237415	0
11700517949.285278	0
11700551265.333141	2
11700584580.381002	0
11700617895.428865	0
11700651211.476728	0
11700684526.52459	0
11700717842.572453	0
11700751157.620316	0
11700784472.668177	0
11700817788.71604	0
11700851103.763903	0
11700884419.811766	0
11700917734.859627	0
11700951050.90749	0
11700984365.955353	0
11701017681.003214	0
11701050997.051077	0
11701084313.09894	0
11701117628.146803	0
11701150944.194666	0
11701184259.242527	0
11701217575.290392	0
11701250890.338253	0
11701284205.386114	0
11701317521.433977	0
11701350837.481842	0
11701384152.529703	0
11701417467.577564	0
11701450783.62543	0
11701484098.67329	0
11701517414.721153	0
11701550729.769014	0
11701584044.816877	0
11701617360.86474	0
11701650675.912601	0
11701683991.960466	1
11701717307.008327	0
11701750623.05619	0
11701783938.104053	0
11701817253.151915	0
11701850569.199778	0
11701883885.24764	0
11701917200.295504	2
11701950515.343365	1
11701983831.391228	0
11702017146.43909	0
11702050463.486954	0
11702083777.534815	0
11702117093.582678	0
11702150408.63054	0
11702183724.678404	0
11702217039.726265	0
11702250355.774128	0
11702283670.821991	0
11702316985.869852	0
11702350301.917715	0
11702383616.965578	0
11702416933.013441	0
11702450248.061302	0
11702483564.109165	0
11702516879.157028	0
11702550195.204891	0
11702583511.252754	0
11702616825.300615	0
11702650141.348478	0
11702683456.39634	0
11702716772.444202	0
11702750087.492065	0
11702783403.539928	0
11702816718.58779	0
11702850034.635653	0
11702883349.683516	0
11702916665.731379	0
11702949980.77924	0
11702983295.827103	0
11703016611.874966	0
11703049927.922829	0
11703083242.97069	0
11703116558.018553	0
11703149874.066416	0
11703183189.114277	0
11703216505.162142	0
11703249820.210003	0
11703283136.257866	0
11703316451.305727	0
11703349767.353592	0
11703383082.401453	0
11703416397.449314	0
11703449713.497179	0
11703483028.54504	0
11703516344.592903	0
11703549659.640766	0
11703582974.688627	0
11703616290.73649	0
11703649606.784353	0
11703682921.832216	0
11703716236.880077	0
11703749552.92794	0
11703782867.975803	0
11703816184.023666	0
11703849499.071527	1
11703882815.11939	0
11703916130.167253	0
11703949445.215115	0
11703982761.262978	0
11704016076.31084	0
11704049392.358704	0
11704082707.406565	0
11704116023.454428	0
11704149338.50229	0
11704182654.550154	0
11704215969.598015	0
11704249285.645878	0
11704282600.69374	0
11704315915.741602	1
11704349231.789465	0
11704382547.837328	1
11704415862.885191	1
11704449178.933054	0
11704482493.980915	0
11704515809.028778	0
11704549125.076641	0
11704582440.124502	0
11704615756.172365	0
11704649071.220228	0
11704682387.268091	0
11704715702.315952	0
11704749018.363817	0
11704782333.411678	0
11704815648.45954	0
11704848964.507402	0
11704882279.555265	0
11704915595.603128	0
11704948911.650991	0
11704982226.698854	1
11705015541.746716	0
11705048856.794577	0
11705082172.84244	0
11705115487.890303	0
11705148803.938166	0
11705182118.986027	0
11705215435.033892	0
11705248751.081755	0
11705282065.129614	0
11705315381.177479	0
11705348697.225342	0
11705382012.273203	0
11705415327.321064	0
11705448643.368929	0
11705481958.41679	0
11705515274.464653	0
11705548589.512516	0
11705581905.560379	0
11705615220.60824	0
11708147199.24579	0
11708180514.293653	1
11708213829.341515	0
11708247145.389378	0
11708280460.43724	0
11708313776.485104	0
11708347091.532965	0
11708380407.580828	0
11708413722.62869	0
11708447038.676554	0
11708480353.724415	0
11708513669.77228	0
11712411583.372192	0
11712444898.420053	0
11712478214.467916	0
11712511529.51578	0
11712544844.56364	0
11712578160.611504	0
11713044577.281578	0
11713077893.329441	0
11713111208.377304	0
11713144523.425165	0
11713177839.473028	0
11715943025.445616	0
11715976341.493479	0
11716009656.541342	0
11716042972.589205	0
11716076287.637066	0
11716109603.684929	1
11716142918.732792	0
11716176234.780655	0
11716209549.828516	0
11716242864.876379	0
11716675966.49859	0
11716709282.546453	0
11716742597.594316	0
11716775912.642178	0
11716809228.69004	0
11716842544.737904	0
11716875859.785767	0
11716909175.83363	0
11716942490.88149	0
11716975805.929354	0
11717009121.977217	0
11717042437.025078	0
11717075753.07294	0
11717109068.120804	0
11717142384.168667	0
11717175699.216528	0
11717209015.264393	0
11717242330.312254	0
11717275646.360117	0
11717308961.407978	0
11717342277.455843	0
11717375592.503704	0
11717408907.551565	0
11717442223.59943	0
11717475538.647291	0
11717508854.695154	0
11717542169.743017	0
11717575484.790878	0
11717608800.838741	0
11717642115.886602	0
11717675431.934467	0
11717708746.982328	0
11717742063.030191	0
11717775378.078054	0
11717808694.125917	0
11717842009.173779	0
11717875325.221642	0
11717908640.269505	0
11717941955.317366	0
11717975271.365229	0
11718008586.413092	0
11718041902.460955	0
11718075217.508816	0
11718108533.556679	0
11718141848.604542	0
11718175164.652405	0
11718208480.700268	0
11718241794.748129	0
11718275110.795992	0
11718308425.843853	0
11718341741.891716	0
11718375057.939579	0
11718408372.987442	0
11718441688.035303	2
11718475004.083166	0
11718508319.13103	0
11718541635.178892	0
11718574950.226753	0
11718608266.274616	0
11718641581.32248	0
11718674897.370342	0
11718708212.418203	0
11718741528.466068	0
11718774843.51393	0
11718808158.56179	0
11718841474.609653	0
11718874789.657516	0
11718908105.70538	0
11718941420.75324	0
11718974736.801105	0
11719008051.848967	0
11719041366.896828	0
11719074682.94469	0
11719107997.992554	0
11719141314.040417	0
11719174629.088278	0
11719207945.136143	0
11719241260.184004	0
11719274575.231865	0
11719307891.27973	0
11719341206.32759	0
11719374522.375454	0
11719407838.423317	0
11719441153.47118	0
11719474468.519041	0
11719507784.566904	0
11719541099.614767	0
11719574415.66263	0
11719607730.710491	0
11719641046.758354	1
11719674361.806217	1
11719707676.854078	0
11719740992.901941	0
11719774307.949804	0
11719807623.997667	0
11719840939.045528	0
11719874255.093391	0
11719907570.141254	0
11719940886.189117	1
11719974201.236979	0
11720007516.284842	0
11720040832.332705	0
11720074147.380566	0
11720107463.428429	0
11720140778.476292	0
11720174094.524155	0
11720207409.572016	0
11720240725.619879	0
11720274041.667744	0
11720307355.715603	0
11723505644.310404	0
11723538960.358267	0
11723572275.40613	0
11723605590.45399	0
11723638906.501854	0
11723672221.549717	0
11723705537.59758	0
11723738852.645441	0
11723772167.693304	0
11723805483.741167	0
11723838798.789028	0
11723872114.836891	0
11723905429.884754	0
11723938745.932617	0
11723972060.980478	0
11724005377.028341	0
11724038692.076204	0
11724072007.124065	0
11724105323.171928	0
11724138638.219791	0
11724171954.267654	0
11724205269.315516	0
11724238585.363379	0
11724271901.411243	0
11724305216.459105	0
11724338531.506966	0
11724371847.55483	0
11724405162.602692	0
11724771633.129179	0
11724804949.177042	0
11724838264.224905	0
11724871580.272768	0
11724904895.32063	0
11724938210.368492	0
11724971526.416355	0
11725004841.464216	0
11725038157.51208	0
11725071472.559942	0
11725104787.607803	0
11725138103.655666	0
11725171419.70353	0
11728736177.824818	0
11728769492.872679	0
11728802808.920542	0
11728836123.968405	0
11728869440.016268	0
11728902755.064129	0
11728936071.111992	0
11728969386.159855	0
11729002702.207718	0
11729036017.255579	0
11729069333.303442	0
11729102648.351305	0
11729135963.399166	0
11729169279.44703	0
11729202594.494892	0
11729235910.542755	0
11729269225.590616	0
11729302541.63848	0
11729335856.686342	0
11729369172.734205	0
11729402487.782066	0
11729435803.829931	0
11730302006.074354	0
11730335322.122217	0
11730368637.17008	0
11730401953.217943	0
11730435268.265804	0
11730468584.313667	0
11730501899.36153	0
11730535215.409393	0
11730568530.457254	0
11730601845.505117	0
11730635161.55298	0
11730668476.600842	0
11730701792.648705	0
11730735107.696568	0
11730768422.744429	0
11730801738.792292	0
11730835053.840155	0
11730868369.888018	0
11730901684.935879	0
11730935000.983742	0
11730968316.031605	0
11731001632.079468	0
11731034947.127329	0
11731068263.175192	0
11731101578.223055	0
11731134894.270918	0
11731168209.318779	0
11731201525.366644	0
11731534679.845268	0
11731567994.89313	0
11731601310.940992	0
11731634625.988853	0
11731667942.036718	0
11731701257.08458	0
11731734572.13244	0
11731767888.180305	0
11743694837.31508	0
11743728152.362942	0
11743761468.410805	0
11743794783.458668	0
11743828099.50653	0
11743861414.554392	0
11743894729.602255	0
11743928045.650118	0
11743961361.69798	0
11743994676.745844	0
11744027992.793707	0
11744061307.841568	0
11744094622.88943	0
11744127938.937294	0
11744161253.985155	0
11744194570.033018	0
11744227885.080881	0
11744261201.128744	0
11747359542.579956	0
11747392857.627817	0
11747426173.675682	0
11747459488.723543	0
11747492803.771404	0
11747526119.81927	0
11747559434.86713	0
11747592750.914993	0
11747626066.962856	0
11747659382.01072	0
11747692697.05858	0
11747726012.106441	0
11747759328.154306	0
11747792644.20217	0
11747825959.25003	0
11747859274.297892	0
11747892590.345757	0
11747925905.393618	0
11747959221.44148	0
11747992536.489344	0
11748025852.537207	0
11748059167.585068	0
11748092483.63293	0
11748125798.680794	0
11748159113.728655	0
11748192429.776518	0
11748225744.82438	0
11748259060.872244	0
11748292375.920105	0
11748325691.967968	0
11748359007.015831	0
11748392323.063694	0
11748425638.111555	0
11748458954.159418	0
11748492269.207281	0
11748525584.255142	0
11748558900.303005	0
11748592216.350868	0
11748625531.398731	1
11748658846.446592	0
11748692162.494455	0
11748725477.542318	0
11748758793.590181	0
11748792108.638042	0
11748825424.685905	0
11748858739.733768	0
11748892055.781631	0
11748925370.829493	0
11748958685.877356	0
11748992001.925219	0
11749025316.97308	0
11749058633.020945	0
11749091948.068806	0
11749125264.116669	0
11749158579.16453	0
11749191895.212395	0
11749225210.260256	0
11749258525.308117	0
11749291841.355982	0
11749325156.403843	0
11749358472.451706	0
11749391787.499567	0
11749425103.547432	0
11749458418.595293	0
11749491733.643154	0
11749525049.69102	0
11749558365.738882	0
11749591680.786743	0
11749624995.834606	0
11749658311.88247	0
11749691626.93033	0
11749724942.978193	0
11749758258.026056	0
11749791574.07392	0
11749824889.12178	0
11749858205.169643	0
11749891520.217506	0
11749924835.265368	0
11749958151.31323	0
11749991467.361094	0
11750024782.408957	0
11750058097.456818	0
11750091412.50468	0
11750124728.552544	0
11750158044.600407	0
11750191359.648268	0
11750224675.69613	0
11750257990.743994	0
11750291305.791855	0
11750324621.839718	0
11750357936.88758	0
11750391252.935444	0
11750424567.983305	0
11750457884.031168	0
11750491199.079031	0
11750524517.126896	0
11750557830.174755	0
11750591146.22262	0
11750624461.270481	0
11750657776.318342	0
11750691092.366205	0
11750724407.414068	0
11750757723.461931	0
11750791038.509792	0
11750824354.557657	0
11750857669.605518	0
11750890984.65338	0
11750924300.701242	0
11750957615.749105	0
11750990931.796968	0
11751024246.84483	0
11751057562.892694	0
11751090878.940557	0
11751124193.988419	0
11751157509.03628	0
11751190825.084145	0
11751224140.132006	0
11751257456.179869	0
11751390717.371319	0
11751424033.419182	0
11751457348.467043	0
11751490664.514906	0
11751523979.562769	0
11751557295.610632	0
11751590610.658493	0
11751623926.706356	0
11751657241.75422	0
11751690556.80208	0
11751723872.849943	0
11751757188.897806	0
11751790503.94567	0
11751823818.99353	0
11751857135.041393	0
11751890451.089256	0
11751923766.13712	0
11751957081.18498	0
11751990396.232843	0
11752023712.280706	0
11752057028.32857	0
11752090343.37643	0
11752123658.424294	0
11752156974.472157	0
11752190289.520018	0
11752223605.56788	0
11752256920.615744	0
11752290236.663607	0
11752323551.711468	0
11752356867.759333	0
11752390182.807194	0
11752423497.855055	0
11752456813.902918	0
11752490128.95078	0
11752523444.998644	0
11752556760.046505	0
11752590076.09437	0
11752623391.142231	0
11773845364.630644	0
11773878679.678507	0
11773911995.72637	0
11773945310.774231	0
11773978626.822096	0
11774011941.869957	0
11774045257.91782	0
11774078572.965681	0
11774111888.013544	0
11774145204.061407	0
11774178519.109268	2
11774211835.157133	1
11774245150.204994	0
11774278466.252857	0
11774311781.300718	0
11774345097.348583	0
11774378412.396444	0
11774411728.444307	0
11774445043.49217	1
11774478358.540031	0
11774511674.587894	0
11774544989.635757	0
11774578305.68362	0
11774611621.731483	0
11774644936.779345	1
11774678251.827208	2
11774711575.875082	0
11774744882.922932	0
11774778198.970795	0
11774811514.018658	1
11774844830.06652	1
11774878145.114382	0
11774911460.162245	1
11774944776.210108	1
11774978091.257969	0
11775011407.305832	2
11775044723.353695	1
11775078038.401558	1
11775111353.449419	0
11775144669.497282	2
11775177984.545145	2
11775211300.593008	0
11775244615.64087	0
11775277930.688732	0
11775311246.736595	0
11775344561.784456	0
11775377877.83232	0
11775411192.880182	0
11775444508.928045	0
11775477823.975906	1
11775511139.02377	0
11775544455.071632	0
11775577771.119495	0
11775611086.167356	0
11775644401.21522	0
11775677717.263083	1
11775711032.310944	1
11775744348.358809	2
11775777663.40667	1
11775810979.454533	0
11775844294.502394	0
11775877610.550259	0
11775910925.59812	0
11775944240.64598	0
11775977556.693846	0
11776010871.741707	0
11776044187.78957	0
11776077502.837433	0
11776110818.885296	0
11776144133.933157	0
11776177449.98102	0
11776210765.028883	0
11776244081.076746	0
11776277396.124607	0
11776310711.17247	0
11776344027.220333	0
11776377342.268194	0
11776410658.316057	0
11776443974.36392	0
11776477289.411783	0
11776510604.459644	0
11776543919.507507	1
11776577235.55537	0
11776610551.603233	3
11776643866.651094	0
11776677181.698957	0
11776710497.74682	0
11776743813.794683	0
11776777128.842545	0
11776810443.890408	0
11776843759.93827	0
11776877074.986132	0
11776910391.033995	0
11776943706.081858	0
11776977021.129719	0
11777010337.177582	0
11777043652.225445	1
11777076968.273308	0
11777110283.321169	0
11777143599.369032	1
11777176914.416895	0
11777210230.464758	0
11777243545.512619	0
11777276861.560484	0
11777310176.608345	2
11777343492.656208	0
11777376807.70407	0
11777410123.751934	0
11777443438.799795	0
11777476753.847656	0
11777510069.895521	1
11777543384.943382	1
11777576699.991243	0
11777610016.039106	0
11777643332.086971	0
11777676647.134832	0
11777709962.182693	1
11777743278.230558	0
11777776593.27842	0
11777809909.326283	3
11777843224.374146	0
11777876540.422009	0
11777909855.46987	0
11777943170.51773	0
11777976486.565596	0
11778009801.613457	0
11778043117.66132	0
11778076432.709183	0
11778109748.757046	0
11778143063.804907	0
11778176379.85277	1
11778209694.900633	0
11778243010.948496	0
11778276325.996357	0
11778309641.04422	0
11778342957.092083	0
11778376272.139944	0
11778409588.187807	0
11778442904.23567	0
11778476219.283533	0
11778509534.331394	0
11778542850.379257	0
11778576165.42712	0
11778609481.474983	0
11778642796.522844	0
11778676111.570707	0
11778709427.61857	0
11778742742.666431	0
11778776058.714294	0
11778809373.762157	0
11778842689.81002	0
11778876004.857882	0
11778909320.905745	0
11778942635.953608	0
11778975952.00147	0
11779009267.049332	0
11779042582.097195	1
11779075898.145058	1
11779109213.192919	0
11779142529.240782	0
11779175844.288645	0
11779209160.336508	1
11779242475.384369	0
11779275790.432232	0
11779309106.480095	0
11779342422.527958	0
11779375737.57582	2
11779409053.623684	1
11779442368.671545	1
11779475683.719406	0
11779508999.767271	0
11779542314.815132	0
11779575630.862995	0
11779608945.910858	2
11779642261.958721	0
11779675577.006582	0
11779708893.054445	0
11779742208.102308	1
11779775523.15017	0
11779808839.198032	0
11779842154.245895	0
11779875470.293758	2
11779908785.34162	0
11779942101.389482	0
11779975416.437346	0
11780008731.485207	0
11780042047.53307	0
11780075362.580933	0
11780108678.628796	0
11780141994.676659	0
11780175309.72452	0
11780208624.772383	0
11780241940.820246	1
11780275255.868107	2
11780308571.91597	0
11780341886.963833	0
11780375202.011694	1
11780408518.059557	0
11780441833.10742	0
11780475149.155283	0
11780508464.203144	0
11780541780.251007	1
11780575095.29887	1
11780608411.346733	0
11780641726.394594	0
11780675041.442457	0
11780708357.49032	0
11780741673.538183	0
11780774988.586044	0
11780808304.63391	1
11780841619.68177	0
11780874934.729631	0
11780908250.777494	1
11780941565.825357	0
11780974881.87322	0
11781008196.921082	0
11781041512.968946	0
11781074828.016808	0
11781108144.06467	0
11781141459.112534	1
11781174774.160395	0
11781208090.208258	0
11781241405.256119	0
11781274721.303984	0
11781308036.351845	0
11781341352.399708	0
11781374667.44757	0
11781407983.495434	0
11781441298.543295	1
11781474614.591158	0
11781507929.63902	0
11781541244.686882	0
11781574560.734745	0
11781607875.782608	2
11781641191.830471	1
11781674506.878332	0
11781707821.926195	0
11781741137.974058	0
11781774454.021921	0
11781807769.069782	0
11781841085.117645	0
11781874400.165508	2
11781907715.21337	0
11781941031.261232	0
11781974347.309095	1
11782007662.356958	1
11782040977.40482	0
11782074293.452682	0
11782107608.500546	0
11782140924.548409	0
11782174239.59627	1
11782207554.644133	0
11782240870.691996	0
11782274185.739857	0
11782307500.78772	0
11782340816.835583	0
11782374131.883444	0
11782407447.931307	0
11782440763.97917	0
11782474079.027033	0
11782507394.074894	0
11782540710.122757	0
11782574025.17062	0
11782607341.218483	2
11782640657.266346	1
11782673972.314207	1
11782707287.36207	0
11782740603.409933	1
11782773918.457794	1
11782807233.505657	0
11782840549.55352	0
11782873865.601383	0
11782907180.649246	0
11782940495.697107	0
11782973811.74497	0
11783007126.792831	0
11783040442.840696	0
11783073758.88856	0
11783107073.93642	0
11783140388.984283	0
11783173704.032145	0
11783207020.080008	0
11783240335.127869	0
11783273651.175734	0
11783306966.223595	0
11783340282.271458	1
11783373597.31932	0
11783406913.367184	0
11783440228.415045	0
11783473543.462908	2
11783506859.51077	0
11783540174.558632	0
11783573490.606495	0
11783606805.654358	0
11783640121.70222	0
11783673436.750082	0
11783706752.797945	0
11783740067.845808	0
11783773383.893671	1
11783806698.941532	0
11783840013.989395	0
11783873330.037258	0
11783906645.08512	1
11783939961.132982	0
11783973276.180845	0
11784006592.228708	0
11784039907.27657	1
11784073223.324432	0
11784106538.372295	0
11784139853.420156	0
11784173169.46802	0
11784206484.515882	0
11784239800.563745	0
11784273115.611607	0
11784306431.65947	0
11784339746.707333	0
11784373062.755196	0
11784406377.803057	0
11784439693.850922	0
11784473009.898785	0
11784506324.946646	0
11784539639.994507	0
11784572955.04237	0
11784606271.090233	0
11784639586.138094	0
11784672902.185959	0
11784706217.23382	0
11784739533.281683	0
11784772848.329544	0
11784806163.377407	0
11784839479.42527	0
11784872795.473133	0
11784906110.520996	0
11784939425.568857	0
11784972741.61672	0
11785006056.664581	0
11785039372.712446	0
11785072687.760307	0
11785106003.80817	2
11785139318.856033	1
11785172634.903896	0
11785205949.951757	0
11785239265.99962	0
11785272581.047483	0
11785305896.095345	0
11785339212.143208	0
11785372527.19107	1
11785405843.238934	0
11785439158.286795	0
11785472473.334658	0
11785505789.38252	0
11785539105.430384	0
11785572420.478245	0
11785605735.526108	0
11785639051.57397	0
11785672366.621832	0
11785705682.669695	0
11785738997.717558	0
11785772313.76542	0
11785805628.813282	0
11785838944.861145	0
11785872259.909008	0
11785905575.956871	0
11785938891.004732	0
11785972206.052595	0
11786005522.100458	0
11786038837.14832	0
11786072153.196182	0
11786105468.244045	0
11786138784.291908	0
11786172099.33977	0
11786205414.387632	0
11786238730.435495	0
11786272045.483356	0
11786305361.53122	0
11786338676.579082	0
11786371992.626945	0
11786405307.674807	0
11786438623.722672	0
11786471938.770533	0
11786505257.8184	0
11786538569.866257	0
11786571885.914122	0
11786605200.961983	0
11786638516.009844	0
11786671832.057709	0
11786705147.10557	0
11786738463.153433	0
11786771778.201296	0
11786805093.249157	0
11786838409.29702	0
11786871725.344883	0
11786905040.392746	0
11786938356.440609	0
11786971671.48847	0
11787004986.536333	0
11787038302.584196	0
11787071617.632057	0
11787104933.67992	0
11787138249.727783	0
11787171564.775646	0
11787204879.823507	0
11787238195.87137	0
11787271510.919233	0
11787304825.967094	0
11787338142.014957	0
11787371458.06282	0
11787404773.110683	0
11787438088.158545	0
11787471404.206408	0
11787504719.25427	0
11787538035.302134	0
11787571350.349995	0
11787604665.397858	0
11787637981.44572	0
11787671297.493584	0
11787704612.541445	0
11787737927.589308	0
11787771243.63717	0
11787804558.685032	0
11787837874.732895	0
11787871189.780758	0
11787904504.828619	0
11787937820.876482	0
11787971135.924345	0
11788004451.972208	0
11788037767.02007	0
11788071083.067932	0
11788104398.115795	0
11788137714.163658	0
11788171030.211521	0
11788204344.259382	0
11788237660.307245	0
11788270975.355106	0
11788304291.40297	0
11788337607.450834	0
11788370922.498695	0
11788404237.546556	0
11788437553.594421	0
11788470868.642282	0
11788504184.690145	1
11788537500.738008	0
11788570815.785872	0
11788604130.833733	0
11788637445.881594	0
11788670761.929459	0
11788704076.97732	0
11788737393.025183	0
11788770708.073046	0
11788804024.120909	0
11788837339.16877	0
11788870655.216633	0
11788903970.264496	0
11788937286.312359	0
11788970601.36022	0
11789003917.408083	0
11789037232.455946	0
11789070547.503807	0
11789103863.55167	0
11789137178.599533	0
11789170494.647396	0
11789203809.695257	0
11789237125.74312	0
11789270440.790983	0
11789303756.838846	0
11789337071.886707	0
11789370387.93457	1
11789403702.982433	0
11789437018.030294	0
11789470334.078157	0
11789503649.12602	0
11789536965.173883	0
11789570280.221745	2
11789603595.269608	0
11789636911.31747	0
11789670227.365334	0
11789703542.413195	0
11789736857.461058	0
11789770173.50892	0
11789803488.556782	0
11789836803.604645	0
11789870119.652508	0
11789903435.70037	0
11789936750.748232	0
11789970065.796095	0
11790003381.843958	2
11790036696.891819	0
11790070012.939684	0
11790103328.987547	0
11790136644.035408	0
11790169959.08327	0
11790203275.131134	0
11790236590.178995	0
11790269906.226858	0
11790303221.274721	0
11790336536.322582	0
11790369852.370445	0
11790403167.418306	2
11790436483.466171	0
11790469798.514032	0
11790503114.561895	0
11790536429.609758	0
11790569745.657621	0
11790603060.705482	0
11790636376.753345	0
11790669691.801208	0
11790703006.84907	0
11790736322.896933	0
11790769637.944796	0
11790802953.992659	0
11790836269.04052	0
11790869585.088383	2
11790902900.136246	0
11790936216.184109	0
11790969532.231972	0
11791002846.279833	1
11791036162.327696	1
11791069477.375557	0
11791102793.42342	0
11791136108.471283	0
11791169424.519146	0
11791202739.567007	0
11791236055.61487	0
11791269370.662733	0
11791302686.710596	0
11791336001.758457	0
11791369317.80632	0
11791402632.854183	1
11791435948.902046	0
11791469263.949907	0
11791502578.99777	0
11791535895.045633	0
11791569210.093494	0
11791602526.141357	0
11791635841.18922	0
11791669156.237082	0
11791702472.284945	0
11791735787.332808	0
11791769103.38067	0
11791802419.428534	0
11791835734.476397	0
11791869049.524258	1
11791902365.57212	1
11791935680.619982	0
11791968996.667847	0
11792002311.715708	0
11792035626.763569	0
11792068942.811434	0
11792102258.859297	0
11792135573.907158	0
11792168889.95502	0
11792202205.002884	0
11792235520.050745	0
11792268836.098608	0
11792302151.146471	0
11792335466.194332	0
11792368782.242195	0
11792402102.290064	0
11792435413.337921	0
11792468728.385782	0
11792502044.433645	0
11792535359.481508	0
11792568675.529371	0
11792601990.577232	0
11792635306.625095	0
11792668621.672958	0
11792701937.720821	1
11792735252.768682	1
11792768567.816545	0
11792801883.864408	0
11792835198.91227	0
11792868514.960133	0
11792901830.007996	0
11792935146.055859	0
11792968461.10372	0
11793001776.151583	0
11793035092.199446	0
11793068407.247307	0
11793101723.29517	0
11793135038.343033	0
11793168354.390896	0
11793201669.438757	1
11793234985.48662	2
11793268300.534483	0
11793301616.582346	0
11793334931.630207	0
11793368247.67807	0
11793401562.725933	0
11793434877.773794	1
11793468193.821657	0
11793501508.86952	0
11793534824.917383	0
11793568139.965244	0
11793601455.013107	1
11793634771.06097	0
11793668087.108833	0
11793701402.156694	0
11793734718.20456	0
11793768033.25242	0
11793801349.300283	0
11793834664.348146	0
11793867979.396008	0
11793901295.44387	0
11793934610.491732	0
11793967926.539597	0
11794001241.587458	0
11794034557.63532	0
11794067872.683184	0
11794101188.731047	0
11794134503.778908	0
11794167818.82677	0
11794201134.874634	0
11794234449.922495	0
11794267765.970358	0
11794301081.01822	0
11794334396.066082	0
11794367712.113945	0
11794401028.161808	0
11794434343.209671	0
11794467658.257532	0
11794500974.305395	0
11794534289.353258	0
11794567605.401121	0
11794600920.448982	0
11794634236.496845	0
11794667551.544708	0
11794700867.592571	0
11794734183.640434	0
11794767497.688295	0
11794800813.736158	0
11794834129.784021	0
11794867444.831882	0
11794900760.879745	0
11794934075.927608	0
11794967390.97547	0
11795000707.023333	0
11795034022.071196	0
11795067337.119057	0
11795100653.16692	0
11795133969.214785	0
11795167284.262646	0
11795200600.310509	0
11795233915.35837	0
11795267230.406233	0
11795300546.454096	0
11795333861.501957	0
11795367176.54982	0
11795400492.597683	0
11795433807.645544	0
11795467123.693407	0
11795500438.74127	1
11795533754.789133	0
11795567069.836994	0
11795600385.88486	2
11795633700.93272	0
11795667016.980583	0
11795700332.028444	0
11795733647.076307	1
11795766963.12417	0
11795800279.172033	0
11795833594.219896	0
11795866909.267757	0
11795900225.31562	0
11795933540.363483	1
11795966855.411345	1
11796000171.459208	0
11796033487.50707	0
11796066802.554934	0
11796100118.602797	0
11796133433.650658	0
11796166749.69852	0
11796200064.746384	3
11796233379.794245	1
11796266695.842108	1
11796300010.88997	3
11796333326.937834	0
11796366641.985695	0
11796399958.033558	2
11796433273.08142	0
11796466589.129284	0
11796499904.177145	0
11796533219.225008	1
11796566535.272871	2
11796599851.320734	0
11796633166.368595	0
11796666481.416458	0
11796699797.464321	0
11796733112.512182	2
11796766428.560045	1
11796799743.607908	0
11796833058.65577	0
11796866374.703632	0
11796899689.751495	1
11796933005.799358	1
11796966320.84722	0
11796999636.895082	1
11797032951.942945	3
11797066267.990808	0
11797099583.03867	0
11797132899.086535	1
11797166214.134396	1
11797199530.182259	0
11797232845.23012	0
11797266160.277983	3
11797299476.325846	1
11797332791.373707	0
11797366107.421572	0
11797399422.469433	1
11797432738.517296	1
11797466053.565159	0
11797499369.613022	0
11797532684.660883	2
11797565999.708744	0
11797599315.756609	0
11797632630.80447	0
11797665946.852333	3
11797699261.900196	0
11797732577.94806	0
11797765892.99592	0
11797799209.043783	0
11797832524.091646	0
11797865839.139507	0
11797899155.18737	0
11797932470.235233	0
11797965786.283096	1
11797999101.330957	1
11798032417.37882	0
11798065732.426683	0
11798099048.474546	0
11798132363.522408	2
11798165678.57027	1
11798198994.618134	0
11798232309.665995	1
11798265625.713858	0
11798298940.76172	0
11798332256.809584	0
11798365571.857445	0
11798398888.90531	0
11798432202.95317	0
11798465519.001034	0
11798498834.048895	0
11798532150.096758	2
11798565465.14462	0
11798598780.192482	0
11798632096.240345	0
11798665411.288208	0
11798698727.336071	0
11798732042.383932	0
11798765358.431795	0
11798798673.479658	0
11798831989.527521	1
11798865304.575382	0
11798898620.623247	0
11798931935.671108	0
11798965250.71897	0
11798998566.766832	0
11799031881.814695	0
11799065197.862558	0
11799098512.91042	0
11799131828.958284	0
11799165144.006145	0
11799198459.054007	0
11799231775.101871	0
11799265090.149733	0
11799298406.197596	0
11799331721.245457	0
11799365037.293322	0
11799398352.341183	0
11799431668.389046	0
11799464983.436909	0
11799498299.484772	0
11799531614.532633	0
11799564930.580496	0
11799598245.628359	0
11799631560.67622	0
11799664876.724083	0
11799698191.771946	0
11799731507.819809	1
11799764822.86767	0
11799798138.915533	0
11799831453.963396	1
11799864769.011257	1
11799898085.05912	0
11799931400.106983	0
11799964716.154846	0
11799998031.202707	0
11800031347.25057	0
11800064662.298433	0
11800097978.346296	0
11800131293.394157	0
11800164608.44202	0
11800197924.489883	0
11800231239.537745	0
11800264555.585608	0
11800297870.63347	0
11800331186.681334	0
11800364502.729197	0
11800397817.777058	0
11800431132.82492	0
11800464447.872782	0
11800497763.920645	0
11800531078.968508	0
11800564395.01637	0
11800597711.064234	0
11800631026.112095	0
11800664341.159958	0
11800697657.20782	0
11800730972.255682	0
11800764288.303547	0
11800797603.351408	0
11800830919.399271	0
11800864234.447132	0
11800897550.494997	0
11800930865.542858	0
11800964180.59072	0
11800997496.638584	0
11801030811.686445	0
11801064127.734308	0
11801097442.78217	0
11801130758.830034	0
11801164073.877895	0
11801197389.925758	0
11801230704.973621	0
11801264020.021482	0
11801297336.069345	0
11801330651.117207	0
11801363967.165071	0
11801397282.212933	0
11801430598.260796	0
11801463913.308659	0
11801497230.356522	0
11801530544.404383	0
11801563860.452246	0
11801597175.500109	0
11801630490.54797	0
11801663806.595833	0
11801697121.643696	0
11801730437.691559	0
11801763753.739422	0
11801797068.787283	0
11801830383.835146	0
11801863699.883009	2
11801897014.93087	1
11801930330.978733	0
11801963646.026596	0
11801996962.07446	1
11802030277.12232	1
11802063592.170183	1
11802096908.218046	0
11802130223.265907	1
11802163539.31377	4
11802196854.361633	0
11802230170.409496	0
11802263485.457357	0
11802296801.50522	0
11802330116.553083	0
11802363431.600945	0
11802396747.648808	1
11802430063.696672	1
11802463378.744534	0
11802496694.792397	0
11802530009.84026	0
11802563324.88812	1
11802596640.935984	1
11802629955.983845	0
11802663271.031708	0
11802696587.07957	0
11802729903.127434	0
11802763217.175295	0
11802796534.22316	0
11802829849.27102	0
11802863164.318882	0
11802896480.366747	0
11802929795.414608	0
11802963110.46247	0
11802996426.510334	0
11803029742.558197	0
11803063057.606058	0
11803096372.65392	0
11803129688.701784	0
11803163003.749645	0
11803196319.797508	0
11803229634.845371	0
11803262949.893232	0
11803296265.941095	0
11803329581.988958	0
11803362897.036821	0
11803396213.084684	0
11803429528.132545	0
11803462843.180408	0
11803496159.228271	0
11803529474.276133	0
11803562789.323996	0
11803596105.371859	0
11803629421.419722	0
11803662736.467583	0
11803696052.515446	0
11803729367.563309	0
11803762682.61117	0
11803795998.659033	0
11803829313.706896	0
11803862629.754759	0
11803895945.802622	0
11803929260.850483	0
11803962575.898346	0
11803995891.946209	0
11804029206.99407	4
11804062523.041933	1
11804095838.089796	0
11804129153.137657	0
11804162469.18552	1
11804195784.233383	2
11804229110.281261	1
11804262415.329107	0
11804295731.376972	0
11804329046.424833	3
11804362361.472694	0
11804395682.520565	0
11804428992.56842	0
11804462308.616283	1
11804495623.664145	0
11804528939.71201	0
11804562254.75987	0
11804595570.807734	0
11804628885.855595	0
11804662200.903458	0
11804695516.95132	0
11804728832.999184	0
11804762148.047047	0
11804795463.094908	0
11804828779.14277	0
11804862094.190634	0
11804895410.238497	0
11804928726.28636	0
11804962041.33422	0
11804995356.382084	0
11805028672.429947	0
11805061987.477808	0
11805095303.525671	0
11805128618.573534	0
11805161934.621397	0
11805195249.669258	0
11805228564.717121	0
11805261880.764984	0
11805295195.812845	0
11805328511.860708	0
11805361826.908571	0
11805395141.956432	0
11805428458.004295	0
11805461773.052158	0
11805495089.100021	0
11805528404.147882	0
11805561720.195745	0
11805595035.243608	3
11805628351.291471	0
11805661666.339333	0
11805694981.387196	1
11805728297.435059	0
11805761612.48292	0
11805794928.530783	0
11805828244.578648	1
11805861559.626509	1
11805894874.67437	0
11805928190.722233	0
11805961505.770096	0
11805994821.817959	0
11806028136.86582	0
11806061452.913685	0
11806094767.961546	0
11806128084.009409	0
11806161399.05727	0
11806194715.105135	0
11806228030.152996	0
11806261345.200857	0
11806294661.248722	0
11806327976.296583	0
11806361292.344446	0
11806394607.392307	0
11806427923.440172	0
11806461238.488033	0
11806494553.535894	0
11806527869.58376	2
11806561184.63162	3
11806594500.679483	0
11806627815.727346	0
11806661132.77521	1
11806694446.82307	1
11806727761.870932	0
11806761077.918797	0
11806794392.966658	0
11806827709.01452	3
11806861024.062384	0
11806894340.110247	0
11806927655.158108	0
11806960971.20597	1
11806994286.253834	0
11807027602.301697	0
11807060917.349558	0
11807094233.39742	0
11807127548.445284	0
11807160864.493147	0
11807194179.541008	0
11807227494.588871	0
11807260810.636734	0
11807294126.684597	1
11807327441.732458	0
11807360756.780321	2
11807394072.828184	1
11807427387.876045	0
11807460703.923908	0
11807494018.971771	1
11807527334.019632	0
11807560650.067495	0
11807593965.115358	0
11807627281.163221	0
11807660596.211082	0
11807693912.258945	0
11807727227.306808	0
11807760543.354671	0
11807793858.402533	1
11807827173.450396	0
11807860489.498259	0
11807893805.546122	0
11807927120.593983	0
11807960436.641848	0
11807993751.689709	0
11808027066.73757	0
11808060381.785433	0
11808093697.833296	0
11808127013.881159	0
11808160328.929022	0
11808193643.976883	0
11808226960.024746	0
11808260275.072607	0
11808293591.120472	0
11808326906.168333	0
11808360222.216196	0
11808393537.26406	0
11808426853.311922	0
11808460168.359783	1
11808493484.407646	0
11808526799.45551	0
11808560115.503372	0
11808593430.551233	0
11808626745.599096	0
11808660061.64696	0
11808693377.694822	0
11808726692.742683	0
11808760007.790546	0
11808793322.838408	0
11808826638.88627	0
11808859953.934134	0
11808893269.981997	0
11808926585.029858	0
11808959901.07772	0
11808993216.125584	0
11809026532.173447	0
11809059847.221308	0
11809093163.26917	0
11809126478.317034	0
11809159794.364897	0
11809193109.412758	0
11809226425.46062	0
11809259740.508484	0
11809293055.556345	0
11809326371.604208	0
11809359686.652071	0
11809393002.699934	0
11809426317.747795	0
11809459633.795658	0
11809492948.843521	0
11809526264.891384	0
11809559579.939245	0
11809592895.98711	0
11809626211.034971	0
11809659526.082832	0
11809692842.130695	0
11809726157.178558	0
11809759473.226421	1
11809792788.274282	0
11809826103.322145	0
11809859419.370008	0
11809892735.417871	0
11809926050.465734	0
11809959365.513596	0
11809992681.561459	0
11810025996.60932	0
11810059312.657185	1
11810092627.705046	2
11810125942.752907	1
11810159258.800772	0
11810192574.848635	0
11810225889.896496	0
11810259204.944357	0
11810292520.992222	0
11810325836.040083	0
11810359152.087946	0
11810392473.135817	0
11810425783.183672	1
11810459098.231533	0
11810492413.279396	0
11810525729.32726	0
11810559044.37512	0
11810592360.422983	0
11810625675.470846	0
11810658991.51871	0
11810692307.566572	0
11810725622.614433	0
11810758937.662296	0
11810792252.710157	0
11810825568.75802	0
11810858883.805883	0
11810892199.853746	0
11810925515.90161	0
11810958830.94947	0
11810992145.997334	0
11811025462.045197	0
11811058777.093058	0
11811092093.14092	0
11811125408.188784	0
11811158724.236647	0
11811192039.284508	0
11811225355.33237	1
11811258670.380234	0
11811291985.428095	0
11811325301.475958	0
11811358616.52382	0
11811391932.571684	0
11811425247.619545	0
11811458562.667408	0
11811491878.715271	0
11811525193.763132	0
11811558509.810995	0
11811591824.858858	0
11811625140.906721	0
11811658455.954582	0
11811691775.00245	0
11811725087.050308	0
11811758403.098171	1
11811791718.146032	1
11811825034.193897	0
11811858349.241758	0
11811891664.28962	0
11811924980.337484	0
11811958295.385345	2
11811991611.433208	0
11812024926.48107	0
11812058242.528934	0
11812091557.576796	0
11812124873.624659	0
11812158188.672522	0
11812191504.720385	0
11812224819.768246	0
11812258134.816109	0
11812291450.863972	0
11812324765.911833	0
11812358081.959696	0
11812391397.007559	0
11812424713.055422	0
11812458028.103283	0
11812491344.151146	0
11812524659.199009	0
11812557975.246872	0
11812591290.294733	0
11812624605.342596	0
11812657921.39046	0
11812691236.43832	0
11812724552.486183	3
11812757867.534046	0
11812791183.58191	0
11812824498.62977	0
11812857814.677633	1
11812891129.725496	0
11812924444.773357	0
11812957760.82122	0
11812991075.869083	1
11813024391.916946	0
11813057707.96481	0
11813091023.01267	0
11813124338.060534	0
11813157654.108397	0
11813190970.15626	0
11813224285.204123	0
11813257600.251984	0
11813290916.299847	0
11813324231.347708	0
11813357546.39557	0
11813390862.443434	0
11813424177.491295	0
11813457493.53916	0
11813490808.58702	0
11813524124.634884	0
11813557439.682745	1
11813590755.73061	1
11813624070.778471	0
11813657385.826332	1
11813690701.874197	1
11813724016.922058	1
11813757332.969921	0
11813790648.017782	0
11813823963.065645	0
11813857279.113508	0
11813890594.16137	0
11813923910.209234	0
11813957226.257097	0
11813990541.304958	0
11814023856.352821	0
11814057172.400684	0
11814090488.448547	0
11814123803.496408	0
11814157118.544271	0
11814190434.592134	0
11814223749.639996	1
11814257064.687859	0
11814290380.735722	0
11814323695.783583	0
11814357011.831446	0
11814390326.879309	0
11814423642.927172	1
11814456957.975033	0
11814490274.022896	0
11814523589.070759	0
11814556905.118622	0
11818488133.766396	0
11818521448.814259	2
11818554764.862122	0
11818588080.909985	0
11818621395.957846	0
11818654711.005709	0
11818688027.053572	0
11818721342.101433	0
11818754658.149298	0
11818787973.197159	0
11818821288.24502	0
11818854604.292885	0
11818887919.340746	0
11818921235.388609	0
11818954550.43647	0
11818987866.484335	0
11819021181.532196	1
11819054496.580057	1
11819087812.627922	0
11819121127.675783	0
11819154443.723646	0
11819187758.771507	0
11819221074.819372	0
11819254389.867233	0
11819287705.915096	0
11819321020.96296	2
11819354337.010822	0
11819387652.058683	0
11819420968.106546	0
11819454283.15441	0
11819487598.20227	0
11819520914.250134	0
11819554229.297997	0
11819587545.34586	0
11819620860.39372	0
11819654176.441584	0
11819687491.489447	0
11819720806.537308	0
11819754122.58517	2
11819787438.633034	1
11819820753.680897	1
11819854068.728758	3
11819887384.77662	0
11819920699.824484	0
11819954015.872347	0
11819987330.920208	0
11820020646.968071	0
11820053962.015934	0
11820087277.063795	2
11820120593.111658	0
11820153909.159521	1
11820187224.207384	0
11820220539.255245	0
11820253855.303108	0
11820287171.350973	0
11820320486.398834	2
11820353801.446695	0
11820387116.494558	0
11820420432.542421	1
11820453747.590282	0
11820487063.638145	0
11820520378.686008	0
11820553694.733871	0
11820587009.781733	0
11820620325.829597	0
11820653641.87746	0
11820686956.925322	0
11820720271.973183	0
11820753587.021046	0
11820786903.068909	0
11820820219.116772	0
11820853534.164635	0
11820886849.212496	0
11820920165.260359	0
11823385512.802185	0
11823418827.850046	0
11823452142.89791	0
11823485457.94577	0
11824951341.051722	0
11824984656.099585	0
11825017971.147446	0
11825051287.195309	0
11825084602.243172	0
11825117918.291035	0
11825151233.338896	0
11825184549.386759	0
11826017436.58332	0
11826050751.631184	0
11826084067.679047	0
11826117382.726908	0
11826150698.774773	0
11826184014.822636	0
11826217329.870497	0
11826250644.91836	0
11826283959.96622	0
11826317276.014084	1
11826350592.061947	0
11826383907.10981	0
11826417222.157671	0
11826450538.205534	0
11826483853.253397	0
11829015831.890947	0
11829049146.938808	0
11829082462.986671	1
11829115779.034536	1
11829149093.082396	1
11829182409.130259	0
11829215724.178122	0
11829249040.225985	0
11829282355.273846	0
11829315671.321709	3
11829348986.369572	1
11829382302.417435	0
11829415617.465296	0
11829448932.513159	0
11829482248.561022	1
11829515563.608883	2
11829548879.656748	0
11829582194.704609	0
11829615510.752472	0
11829648825.800333	0
11829682141.848198	0
11829715456.896059	0
11829748771.94392	0
11829782087.991785	1
11829815403.039646	0
11829848719.08751	0
11829882034.13537	0
11829915350.183235	0
11829948665.231096	0
11829981981.27896	0
11830015296.326822	0
11830048612.374685	0
11830081927.422546	0
11830115242.470407	0
11830148558.518272	0
11830181873.566133	0
11830215189.613997	0
11830248504.66186	0
11830281820.709723	0
11830315135.757584	0
11830348451.805447	0
11830381766.85331	1
11830415082.901173	0
11830448397.949034	0
11830481713.996897	0
11830515029.04476	0
11830548344.09262	0
11830581660.140484	0
11830614975.188347	0
11830648291.23621	0
11830681606.284071	0
11830714922.331934	0
11830748237.379797	0
11830781552.427658	0
11830814868.475521	0
11830848184.523384	0
11830881499.571247	0
11830914814.619108	0
11830948130.666971	0
11830981445.714834	0
11831014761.762697	0
11831048076.810558	0
11831081392.858421	0
11831114707.906284	0
11831148023.954147	0
11831181339.002008	0
11831214655.049873	0
11831247970.097734	0
11831281285.145596	0
11831314600.193459	0
11831347916.241322	0
11831381232.289185	0
11831414547.337046	0
11831447862.384909	0
11854368926.31431	0
11854402242.362173	0
11854435557.410034	0
11854468873.4579	0
11854502188.50576	0
11854535504.553623	2
11854568819.601484	1
11854602135.64935	0
11854635450.69721	0
11854668766.745073	2
11854702081.792936	0
11854735396.840797	0
11854768712.88866	0
11854802027.936522	2
11854835343.984386	0
11854868659.032248	0
11854901975.08011	1
11854935290.127974	2
11854968606.175837	0
11855001921.223698	0
11855035237.27156	3
11855068552.319424	1
11855101867.367285	0
11855135183.415148	0
11855168498.46301	1
11855201814.510874	0
11855235129.558735	0
11855268444.606598	0
11855301760.65446	2
11855335075.702322	1
11855368391.750185	0
11855401706.798048	0
11855435022.845911	0
11855468337.893772	0
11855501653.941635	0
11855534968.989498	0
11855568284.03736	0
11855601600.085222	2
11855634916.133085	0
11855668231.180948	0
11855701547.228811	0
11855734862.276672	2
11855768177.324535	0
11855801493.372398	0
11855834808.42026	0
11855868124.468122	3
11855901440.515987	0
11855934754.563847	0
11855968070.61171	1
11856001385.659573	0
11856034701.707436	0
11856068017.755299	1
11856101332.80316	0
11856134647.851023	0
11856167963.898886	0
11856201278.946747	0
11856234594.994612	0
11856267910.042473	0
11856301226.090336	0
11856334541.138197	0
11856367856.18606	0
11856401172.233923	0
11856434487.281784	0
11856467803.329649	0
11856501118.37751	0
11856534434.425373	0
11856567749.473234	0
11856601065.5211	0
11856634380.56896	0
11856667696.616823	0
11856701011.664686	0
11856734326.712547	0
11856767642.76041	0
11860965395.791086	0
11860998710.838947	0
11861032026.88681	0
11861065341.934673	0
11861098657.982536	3
11861131973.030397	0
11861165288.07826	1
11861198604.126123	0
11861231919.173985	0
11861265235.221848	0
11861298550.26971	0
11861331866.317574	0
11861365181.365435	0
11861398496.413298	0
11861431812.46116	0
11861465128.509024	0
11861498443.556885	0
11861531758.604748	0
11861565074.65261	0
11861598389.700472	0
11861631705.748335	0
11861665021.7962	0
11861698335.844059	0
11861731651.891922	0
11861764966.939785	0
11861798282.987648	0
11861831599.035511	0
11861864914.083374	0
11861898229.131235	0
11861931545.179098	0
11861964860.22696	0
11861998175.274822	0
11862031491.322685	0
11862064807.370548	0
11862098122.418411	0
11862131437.466272	0
11862164753.514135	0
11862198068.561996	0
11862231384.609861	0
11862264699.657722	0
11862298015.705585	0
11862331330.753448	0
11862364645.80131	0
11862397961.849173	1
11862431277.897036	0
11862464592.944899	0
11862497908.992762	0
11862531224.040623	0
11862564539.088486	0
11862597855.136349	0
11862631170.18421	0
11862664486.232073	0
11866862239.262749	0
11866895554.31061	0
11866928870.358475	0
11866962185.406336	0
11866995500.454197	0
11867028816.50206	0
11867062131.549923	0
11867095446.597784	0
11867128763.645649	0
11867162078.693512	0
11867195393.741373	0
11867228708.789234	0
11867262024.837097	0
11867295340.884962	0
11867328655.932823	2
11867361970.980684	1
11867395287.02855	0
11867428602.07641	0
11867461918.124273	0
11867495233.172136	0
11867528549.22	0
11867561864.26786	0
11867595180.315723	0
11867628495.363586	0
11867661811.41145	0
11867695126.45931	0
11867728441.507174	0
11867761757.555037	0
11867795072.602898	0
11867828388.65076	0
11867861703.698624	0
11867895018.746485	0
11867928334.794348	0
11867961650.84221	0
11867994965.890074	0
11868028280.937935	0
11868061596.985798	0
11868094912.03366	2
11868128228.081524	1
11868161544.129387	0
11868194858.177248	0
11868228174.225111	0
11868261489.272972	0
11868294805.320835	0
11868328120.368698	0
11868361436.416561	0
11868394751.464422	0
11868428067.512285	0
11868461382.560148	0
11868494698.608011	0
11868528013.655872	0
11868561329.703735	0
11868594644.751598	0
11868627959.79946	0
11868661275.847322	0
11868694590.895185	0
11868727906.943048	0
11868761221.99091	0
11868794538.038773	0
11868827853.086636	0
11868861169.134499	0
11868894484.18236	0
11868927800.230225	0
11868961115.278086	0
11868994430.325947	0
11869027746.373812	0
11869061061.421673	0
11869094377.469536	0
11869127692.517397	0
11869161008.565262	0
11869194323.613123	0
11869227639.660986	1
11869260954.708849	0
11869294269.75671	0
11869427531.94816	0
11869460847.996023	0
11869494163.043886	0
11869527479.09175	0
11869560794.13961	1
11869594109.187471	0
11869627425.235336	0
11869660740.283197	0
11869694056.33106	1
11869727371.378923	0
11869760687.426786	0
11869794002.474648	0
11869827317.52251	0
11869860633.570374	0
11869893949.618237	0
11869927264.666098	0
11869960579.71396	0
11869993895.761824	0
11870027210.809685	0
11870060526.857548	0
11870093841.90541	0
11870127157.953274	0
11870160473.001135	0
11870193789.048998	0
11870227104.09686	0
11870260420.144724	1
11870293735.192585	0
11870327051.240448	0
11870360367.288313	0
11870393681.336172	2
11870426996.384035	0
11870460312.431898	0
11870493628.479761	0
11870526943.527622	0
11870560258.575485	0
11870593574.623348	0
11870626889.67121	0
11870660205.719072	0
11870693520.766935	0
11870726836.814798	0
11870760152.862661	0
11870793467.910524	0
11870826782.958385	0
11870860098.006247	0
11870893414.05411	0
11870926730.101974	0
11870960045.149836	0
11870993360.197697	1
11871026676.245562	1
11871059991.293423	0
11871093307.341286	0
11871126622.389147	0
11871159937.43701	0
11871193253.484873	0
11871226568.532734	0
11871259884.580599	0
11871293200.628462	0
11871326515.676323	0
11871359830.724184	0
11871393146.772049	0
11871426461.81991	1
11871459777.867773	0
11871493092.915636	0
11871526408.9635	0
11871559724.01136	0
11871593040.059223	0
11871626355.107086	0
11871659670.154947	0
11871692986.20281	0
11871726301.250673	0
11871759617.298536	0
11871792932.346397	0
11871826247.39426	0
11871859563.442123	0
11871892879.489986	0
11871926194.537848	0
11871959509.58571	0
11871992825.633574	0
11872026140.681435	0
11872059456.729298	0
11872092771.77716	0
11872126086.825022	0
11872159402.872885	0
11872192718.920748	0
11872226033.96861	0
11872259350.016474	0
11872292665.064335	0
11872325980.112198	0
11872359296.16006	2
11872392612.207924	0
11872425927.255785	0
11872459243.30365	0
11872492558.351511	4
11872525873.399372	0
11872559189.447237	0
11872592504.495098	0
11872625819.54296	0
11872659135.590822	0
11872692450.638685	0
11872725766.686548	0
11872759081.73441	0
11872792397.782274	1
11872825712.830135	0
11872859028.877998	0
11872892343.92586	0
11872925659.973724	0
11872958975.021585	0
11872992290.069447	0
11873025606.117311	0
11873058921.165173	0
11873092237.213036	0
11873125552.260899	0
11873158868.308762	1
11873192183.356623	0
11873225498.404484	0
11873258815.452349	0
11873292129.50021	0
11873325445.548073	1
11873358760.595936	0
11873392076.643799	0
11873425391.69166	0
11873458707.739523	0
11873492022.787386	0
11873525338.835249	0
11873558653.88311	0
11873591969.930973	0
11873625284.978836	0
11873658600.026697	1
11873691916.07456	1
11873725232.122423	0
11873758547.170286	0
11873791862.218147	1
11873825178.26601	0
11873858493.313873	0
11873891809.361736	0
11873925124.409597	3
11873958439.45746	1
11873991755.505323	0
11874025070.553185	0
11874058386.601048	0
11874091701.64891	0
11874125017.696774	0
11874158332.744635	0
11874191647.792498	0
11874224963.84036	1
11874258278.888222	0
11874291594.936085	0
11874324909.983948	0
11874358226.03181	0
11874391541.079672	0
11874424857.127535	1
11874458172.175398	3
11874491488.22326	0
11874524804.271124	0
11874558120.318987	2
11874591434.366848	1
11874624749.41471	0
11874658065.462572	0
11874691380.510435	0
11874724696.558298	0
11874758012.606161	0
11874791327.654024	0
11874824642.701885	1
11874857958.749748	2
11874891273.797611	1
11874924589.845474	0
11874957904.893335	0
11874991219.941196	1
11875024535.989061	0
11875057851.036922	0
11875091167.084785	0
11875124482.132648	0
11875157798.180511	1
11875191113.228373	0
11875224428.276234	0
11875257744.324099	0
11875291059.37196	0
11875324375.419823	0
11875357691.467686	0
11875391006.515549	0
11875424321.56341	0
11875457637.611273	2
11875490952.659136	1
11875524268.706999	0
11875557583.75486	0
11875590899.802723	0
11875624214.850586	2
11875657530.898449	0
11875690845.94631	0
11875724160.994173	0
11875757477.042036	0
11875790792.089897	0
11875824108.13776	0
11875857423.185623	0
11875890739.233486	0
11875924054.281347	0
11875957369.32921	0
11875990685.377073	0
11876024001.424936	0
11876057316.472797	0
11876090631.52066	0
11876123947.568523	0
11876157262.616385	1
11876190578.664248	0
11876223893.71211	0
11876257209.759974	2
11876290524.807835	1
11876323840.8557	1
11876357155.90356	0
11876390470.951422	0
11876423786.999287	0
11876457108.047155	0
11876490418.09501	0
11876523733.142872	0
11876557049.190737	0
11876590364.238598	0
11876623680.28646	0
11876656995.334324	0
11876690311.382187	0
11876723626.430048	0
11876756941.47791	0
11876790257.525774	0
11876823572.573635	0
11876856887.621496	0
11876890203.669361	0
11876923518.717222	0
11876956834.765085	0
11876990150.812948	0
11877023465.860811	0
11877056780.908672	0
11877090096.956535	0
11877123412.004398	0
11877156728.052261	0
11877190043.100122	0
11877223358.147985	0
11877256674.195848	0
11877289990.243711	0
11877323306.291574	0
11877356621.339436	0
11877389936.387299	0
11877423251.43516	0
11877456567.483023	0
11877489883.530886	0
11877523198.578749	0
11877556513.62661	0
11877589829.674473	0
11877623144.722336	0
11877656459.770197	0
11877689775.81806	0
11877723091.865923	0
11877756406.913786	0
11877789721.961647	0
11877823038.00951	0
11877856353.057373	0
11877889669.105236	0
11877922984.153097	0
11877956299.20096	0
11877989615.248823	0
11878022930.296684	0
11878056246.344547	0
11878089561.39241	0
11878122877.440273	0
11878156192.488134	0
11878189508.536	0
11878222823.58386	0
11878256139.631723	0
11878289454.679585	0
11878322770.72745	0
11878356085.77531	0
11878389400.823172	0
11878422716.871037	0
11878456031.918898	0
11878489347.96676	0
11878522663.014622	0
11878555979.062487	0
11878589294.110348	0
11878622610.15821	0
11878655925.206074	0
11878689241.253937	0
11878722556.301798	0
11878755871.34966	0
11878789187.397524	0
11878822502.445385	0
11878855818.493248	0
11878889133.541111	0
11878922449.588974	0
11878955764.636835	0
11878989080.684698	0
11879022395.732561	0
11879055711.780424	0
11879089026.828285	0
11879122341.876148	0
11879155657.924011	1
11879188972.971872	0
11879222289.019735	0
11879255604.067598	0
11879288920.115461	0
11879322235.163322	0
11879355550.211185	0
11879388866.259048	0
11879422181.30691	0
11879455497.354773	0
11879488812.402636	0
11879522128.450499	0
11879555443.49836	0
11879588758.546223	0
11879622074.594086	0
11879655390.641949	0
11879688705.68981	0
11879722020.737673	0
11879755336.785536	0
11879788651.833397	0
11879821967.88126	0
11879855282.929123	0
11879888598.976986	0
11879921914.024847	0
11879955230.072712	0
11879988545.120573	0
11880021860.168434	0
11880055176.216297	0
11880088492.264162	0
11880121807.312023	0
11880155123.359886	0
11880188437.407747	0
11880221753.45561	0
11880255069.503473	0
11880288384.551334	0
11880321700.5992	0
11880355015.64706	0
11880388330.694921	0
11880421646.742786	0
11880454962.79065	0
11880488277.83851	0
11880521592.886374	0
11880554908.934237	0
11880588223.982098	0
11880621539.029959	0
11880654855.077824	0
11880688170.125685	0
11880721486.173548	0
11880754801.22141	0
11880788117.269274	0
11880821433.317137	0
11880854748.364998	0
11880888063.41286	0
11880921379.460724	0
11880954694.508585	0
11880988010.556448	0
11881021325.604311	0
11881054641.652174	1
11881087956.700035	1
11881121272.747898	0
11881154587.795761	0
11881187902.843622	0
11881221218.891485	0
11881254533.939348	0
11881287849.987211	0
11881321165.035072	0
11881354481.082935	1
11881387796.130798	0
11881421112.178661	0
11881454427.226522	0
11881487743.274387	0
11881521058.322248	0
11881554373.37011	0
11881587689.417973	0
11881621004.465836	0
11881654320.513699	0
11881687635.56156	0
11881720950.609423	0
11881754266.657286	0
11881787581.705147	0
11881820897.75301	0
11881854212.800873	0
11881887528.848736	0
11881920843.896597	0
11881954159.944462	0
11881987474.992323	0
11882020791.040186	0
11882054106.088047	0
11882087421.13591	0
11882120737.183773	0
11882154053.231636	0
11882187368.2795	0
11882220684.327362	0
11882253999.375223	0
11882287314.423086	0
11882320630.47095	0
11882353946.518812	0
11882387260.566671	0
11882420576.614536	0
11882453892.6624	0
11882487207.71026	0
11882520522.758123	0
11882553838.805986	0
11882587153.853848	0
11882620469.90171	0
11882653784.949574	0
11882687100.997437	0
11882720416.045298	0
11882753732.09316	0
11882787047.141024	0
11882820362.188885	0
11882853678.236748	0
11882886993.28461	0
11882920309.332474	0
11882953624.380335	0
11882986940.428198	0
11883020256.47606	0
11883053571.523924	0
11883086886.571785	0
11883120202.619648	0
11883153517.667511	0
11883186832.715372	0
11883220148.763235	0
11883253463.811098	0
11883286779.858961	0
11883320094.906822	0
11883353410.954685	0
11883386726.002548	0
11883420042.050411	0
11883453357.098272	0
11883486672.146135	0
11883519988.193998	0
11883553303.24186	0
11883586619.289722	0
11883619934.337585	0
11883653250.385448	0
11883686565.43331	0
11884752661.96491	0
11884785977.012774	0
11884819293.060637	0
11884852608.108498	0
11884885923.15636	0
11884919239.204224	0
11884952555.252087	0
11884985870.299948	0
11885019185.34781	0
11885052501.395674	0
11885085816.443535	0
11885119132.491398	0
11885152447.53926	0
11885185762.587122	0
11885219078.634985	0
11885252393.682848	0
11885285708.73071	0
11885319024.778572	0
11885352340.826435	0
11885385655.874298	0
11885418971.922161	0
11885452286.970022	0
11885485602.017885	0
11885518918.065748	0
11885552233.11361	0
11885585549.161474	0
11885618864.209335	0
11885652180.257198	0
11885685495.30506	0
11885718811.352924	0
11885752126.400785	0
11885785442.448648	0
11885818757.496511	0
11885852072.544373	0
11885885388.592236	0
11885918704.640099	0
11885952019.687962	0
11885985334.735823	0
11886018650.783686	0
11886051965.831549	0
11886085281.879412	0
11886118596.927273	0
11886151912.975136	0
11886185228.022999	0
11886218543.07086	0
11886251859.118723	0
11886285174.166586	0
11886318490.214449	0
11886351805.26231	0
11886385121.310173	0
11886418436.358036	0
11886451752.4059	0
11886485067.45376	0
11886518383.501623	0
11886551698.549486	0
11886585013.597347	0
11886618330.645212	0
11886651644.693073	0
11886684960.740936	0
11886718275.788797	0
11886751591.83666	0
11886784906.884523	0
11886818222.932386	0
11886851537.980247	0
11886884853.02811	0
11886918169.075974	0
11886951484.123835	0
11886984800.171698	0
11887018115.21956	0
11887051431.267424	0
11887084746.315285	0
11887118062.36315	0
11887151377.41101	0
11887184693.458874	0
11887218008.506735	0
11887251324.5546	0
11887284639.60246	0
11887317954.650322	0
11887351270.698187	0
11887384585.746048	0
11887417900.79391	0
11887451216.841772	0
11887484532.889637	0
11887517847.937498	0
11887551163.985361	0
11887584479.033224	0
11887617794.081085	0
11887651110.128948	0
11887684425.17681	0
11887717740.224672	0
11887751056.272535	0
11887784372.320398	0
11887817687.368261	0
11887851003.416124	0
11887884318.463985	0
11887917633.511848	0
11887950949.559711	0
11887984264.607573	0
11888017580.655436	0
11888050895.703299	0
11888084211.751162	0
11888117526.799023	0
11888150842.846886	0
11888184157.894749	0
11888217472.94261	0
11888250788.990473	0
11888284104.038336	0
11888317420.086199	0
11888350735.13406	0
11888384051.181923	0
11888417366.229786	0
11888450684.27765	0
11888483997.32551	0
11888517313.373373	0
11888550629.421238	0
11888583944.469099	0
11888617259.51696	0
11888650574.564823	0
11888683890.612686	0
11888717205.660547	0
11888750521.70841	0
11888783836.756273	0
11888817152.804136	0
11888850467.851997	0
11888883783.899862	0
11888917098.947723	0
11888950413.995584	0
11888983730.043447	0
11889017045.09131	0
11889050361.139174	0
11889083676.187035	0
11889116992.2349	0
11889150307.28276	0
11889183623.330624	0
11889216938.378485	0
11889250253.426348	0
11889283569.47421	0
11889316885.522074	0
11889350200.569937	0
11889383515.617798	0
11889416831.66566	0
11889450146.713524	0
11889483461.761385	0
11889516777.809248	0
11889550093.857111	0
11889583409.904974	0
11889616723.952835	0
11889650040.000698	0
11889683355.048561	0
11889716671.096424	0
11889749987.144287	0
11889783302.192148	0
11889816617.240011	0
11889849933.287874	0
11889883248.335735	0
11889916564.383598	0
11889949879.431461	0
11889983195.479324	0
11890016510.527185	0
11890049825.575048	0
11890083141.622911	0
11890116456.670773	0
11890149772.718636	0
11890183087.766499	0
11890216403.814362	0
11890249718.862223	0
11890283034.910086	0
11890316349.957949	0
11890349665.00581	0
11890382981.053673	0
11890416296.101536	0
11890449612.149399	0
11890482927.19726	0
11890516243.245123	0
11890549558.292986	0
11890582874.340849	0
11890616189.38871	0
11890649504.436573	0
11890682820.484436	0
11890716136.532299	0
11890749451.58016	0
11890782766.628023	0
11890816082.675886	0
11890849397.723747	0
11890882713.771612	0
11890916029.819475	0
11890949344.867336	0
11890982659.915197	0
11891015975.963062	0
11891049291.010923	0
11891082607.058786	0
11891115922.10665	0
11891149237.15451	0
11891182553.202374	0
11891215869.250237	0
11891249184.2981	0
11891282499.34596	0
11891315815.393824	0
11891349130.441687	0
11891382445.489548	0
11891415761.53741	0
11891449077.585274	0
11891482392.633137	0
11891515707.680998	0
11891549023.72886	0
11891582338.776724	0
11891615654.824587	0
11891648969.872448	0
11891682285.920311	0
11891715600.968174	0
11891748916.016035	0
11891782232.063898	0
11891815547.111761	0
11891848863.159624	0
11891882178.207485	0
11891915494.255348	0
11891948809.303211	0
11891982125.351074	0
11892015440.398935	0
11892048755.446798	0
11892082071.494661	0
11892115387.542524	0
11892148702.590385	0
11892182017.638248	0
11892215333.686111	0
11892248648.733973	0
11892281964.781836	0
11892315279.829699	0
11892348595.877562	0
11892381910.925423	0
11892415225.973286	0
11892448542.021149	0
11892481857.06901	0
11892515173.116873	0
11892548488.164736	0
11892581804.212599	0
11892615119.26046	0
11892648434.308323	0
11892681750.356186	0
11892715066.404049	0
11892748381.45191	0
11892781704.499784	0
11892815012.547636	0
11892848327.595497	0
11892881643.643362	0
11892914958.691223	0
11892948273.739084	0
11892981589.78695	0
11893014905.834812	0
11893048221.882675	0
11893081536.930536	0
11893114851.9784	0
11893148167.02626	0
11893181483.074123	0
11893214799.121986	0
11893248114.16985	0
11893281429.21771	0
11893314745.265574	0
11893348060.313437	0
11893381375.361298	0
11893414691.40916	0
11893448006.457024	0
11893481322.504887	0
11893514637.552748	0
11893547953.60061	0
11893581268.648474	0
11893614584.696337	0
11893647899.744198	0
11893681214.79206	0
11893714530.839924	0
11893747845.887785	0
11893781161.935648	0
11893814476.983511	0
11893847793.031374	0
11893881108.079235	0
11893914424.127098	0
11893947739.174961	0
11893981054.222822	0
11894014370.270685	0
11894047686.318548	0
11894081001.366411	0
11894114317.414274	0
11894147632.462135	0
11894180947.509998	0
11894214263.557861	0
11894247578.605722	0
11894280894.653585	0
11894314209.701448	0
11894347525.749311	0
11894380840.797173	0
11894414155.845036	0
11894447473.8929	0
11894480786.94076	0
11894514102.988625	0
11894547418.036486	0
11894580734.084349	0
11894614049.13221	0
11894647365.180075	0
11894680680.227936	0
11894713996.275799	0
11894747311.323662	0
11894913888.562973	0
11894947204.610836	0
11894980519.658699	0
11895013834.70656	0
11895047150.754423	0
11895080466.802286	0
11895113782.85015	0
11895147096.89801	0
11895180412.945873	0
11895213727.993736	0
11895247044.0416	0
11895280359.08946	0
11895313675.137323	0
11895346990.185186	0
11895380306.23305	0
11895413621.28091	0
11895446937.328773	0
11895480252.376637	0
11895513567.424498	0
11895546883.47236	0
11895580199.520224	0
11895613513.568085	0
11895646829.615948	0
11895680145.66381	0
11895713460.711674	0
11895746775.759535	0
11897079396.674036	0
11897112711.721899	0
11897146026.76976	0
11897179342.817623	0
11897212657.865486	0
11897245973.91335	0
11897279288.96121	0
11897312605.009073	0
11897345920.056936	0
11897379236.1048	0
11897412551.15266	0
11897445866.200523	0
11897479182.248386	0
11897512497.296247	0
11897545813.34411	0
11897579128.391973	0
11897612444.439837	0
11897645759.487698	0
11897679075.53556	0
11897712391.583426	0
11897745705.631285	0
11897779021.679148	0
11897812336.72701	0
11897845652.774874	0
11897878967.822735	0
11897912283.870598	0
11897945598.91846	0
11897978914.966324	0
11898012230.014185	0
11898045546.06205	0
11898078861.109911	0
11898112176.157772	0
11898145492.205635	0
11898178807.253498	0
11898212123.301361	0
11898245438.349222	0
11898278754.397087	0
11898312069.444948	0
11898345385.492811	0
11898378700.540672	0
11898412015.588535	0
11898445331.636398	0
11898478646.68426	0
11898511962.732124	0
11898545277.779985	0
11898578593.827848	0
11898611908.875711	0
11898645224.923574	0
11898678539.971436	0
11898711856.019299	0
11898745172.067162	0
11898778487.115025	0
11898811802.162886	0
11898845118.210749	0
11898878433.258612	0
11898911748.306473	0
11898945064.354336	0
11898978379.402199	0
11899011694.45006	0
11899045010.497923	0
11899078325.545786	0
11899111641.593649	0
11899144957.641512	0
11899178272.689373	0
11899211587.737236	0
11899244903.785099	0
11899278218.83296	0
11899311534.880823	0
11899344849.928686	0
11899378165.97655	0
11899411481.02441	0
11899444797.072273	0
11899478112.120136	2
11899511427.167997	0
11899544743.21586	0
11899578058.263723	0
11899611374.311586	0
11899644689.359447	0
11899678005.40731	0
11899711321.455175	0
11899744636.503036	0
11899777951.550898	0
11899811266.59876	0
11899844582.646624	0
11899877897.694485	2
11899911213.742348	0
11899944528.79021	0
11899977844.838074	0
11900011159.885935	0
11900044475.9338	0
11900077790.98166	0
11900111107.029524	0
11900144422.077385	0
11900177737.125248	0
11900211053.173111	1
11900244368.220972	0
11900277684.268837	0
11900310999.316698	0
11900344322.36457	0
11900377630.412424	0
11900410946.460287	0
11900444261.508148	0
11900477577.556011	0
11900510892.603874	0
11900544207.651735	0
11900577523.699598	0
11900610838.747461	0
11900644154.795324	0
11900677469.843185	0
11900710785.891048	0
11900744100.938911	2
11900777416.986774	2
11900810732.034636	0
11900844048.082499	0
11900877363.130362	0
11900910678.178223	0
11900943994.226086	0
11900977309.273949	0
11901010625.321812	0
11901043940.369673	0
11901077256.417536	0
11901110571.465399	0
11901143887.513262	0
11901177202.561123	0
11901210518.608986	0
11901243833.656849	0
11901277148.70471	0
11901310464.752573	0
11902809661.906385	0
11902842977.954248	0
11902876293.002111	0
11902909609.049974	0
11902942924.097836	0
11902976239.145699	0
11903009555.193562	0
11903042871.241425	0
11903076186.289286	0
11903109502.33715	0
11903142817.385012	0
11903176132.432873	0
11903209448.480736	0
11903242763.528599	0
11903276078.57646	0
11903309394.624323	0
11903342709.672186	0
11903376025.720049	0
11903409341.767912	0
11903442656.815773	0
11903475971.863636	0
11903509287.911499	1
11903542602.95936	0
11903575918.007223	0
11903609234.055086	0
11903642549.102947	0
11903675865.150812	0
11903709180.198673	0
11903742496.246536	0
11903775811.294397	1
11903809127.342262	1
11903842442.390123	0
11903875757.437984	0
11903909073.48585	0
11903942389.533712	0
11903975704.581573	0
11904009019.629435	0
11904042335.6773	0
11904075650.72516	0
11904108966.773024	0
11904142281.820887	0
11904175597.86875	0
11904208912.91661	0
11904242228.964474	0
11904275544.012337	0
11904308859.060198	0
11904342175.10806	0
11904375490.155924	0
11904408806.203787	0
11904442121.251648	0
11904475437.299511	0
11904508752.347374	0
11904542068.395237	0
11904575383.443098	0
11904608699.490961	0
11904642014.538824	0
11904675329.586685	0
11904708645.634548	0
11904741960.682411	0
11904775276.730274	0
11904808591.778135	0
11904841906.825998	0
11904875222.873861	0
11904908538.921724	0
11904941853.969585	0
11904975170.017448	0
11905008485.065311	0
11905041800.113173	0
11905075116.161036	0
11905108431.208899	0
11905141747.256762	0
11905175062.304623	0
11905208377.352486	0
11905241693.400349	0
11905275008.44821	0
11905308324.496073	0
11905341639.543936	0
11905374955.591799	0
11905408270.63966	0
11905441586.687525	0
11905474901.735386	0
11905508216.783247	0
11905541532.83111	0
11905574847.878973	0
11905608163.926836	0
11905641478.974697	0
11905674795.022562	0
11905708110.070423	0
11905741426.118286	0
11905774741.166147	0
11905808057.214012	0
11905841372.261873	0
11905874688.309736	0
11905908003.3576	0
11905941318.40546	0
11905974634.453323	0
11906007950.501186	0
11906041265.54905	0
11906074580.59691	1
11906107896.644773	0
11906141211.692636	0
11906174527.7405	0
11906207842.78836	0
11906241158.836224	0
11906274473.884087	0
11906307788.931948	2
11906341107.979815	2
11906374420.027674	0
11906407736.075537	0
11906441051.123398	0
11906474367.17126	0
11906507682.219124	0
11906540998.266987	0
11906574313.314848	0
11906607628.36271	0
11906640944.410574	0
11906674259.458435	0
11906707575.506298	0
11906740891.554161	0
11906774206.602024	0
11906807521.649885	0
11906840837.697748	0
11906874152.745611	0
11906907467.793472	0
11906940783.841335	0
11906974098.889198	0
11907007414.937061	0
11907040730.984924	0
11907074046.032785	0
11907107361.080648	0
11907140677.128511	0
11907173992.176373	0
11907207307.224236	0
11907240623.272099	0
11907273938.31996	0
11907307254.367823	2
11907340569.415686	1
11907373885.463549	0
11907407200.51141	0
11907440516.559275	0
11907473831.607136	0
11907507147.654999	0
11907540462.702862	0
11907573778.750725	0
11907607093.798586	0
11907640408.846447	0
11907673724.894312	0
11907707039.942173	0
11907740355.990036	0
11907773671.037899	0
11907806987.085762	0
11907840302.133623	0
11907873618.181486	1
11907906933.22935	0
11907940248.27721	0
11907973564.325073	0
11908006879.372936	0
11908040195.4208	0
11908073510.46866	0
11908106826.516523	3
11908140141.564386	1
11908173457.61225	0
11908206772.66011	0
11908240088.707973	0
11908273403.755836	0
11908306718.803698	0
11908340034.85156	0
11908373349.899424	0
11908406665.947287	2
11908439980.995148	0
11908473297.04301	0
11908506612.090874	0
11908539928.138737	3
11908573243.186598	2
11908606559.23446	1
11908639874.282324	0
11908673189.330185	0
11908706505.378048	0
11908739820.42591	0
11908773136.473774	0
11908806451.521635	0
11908839767.569498	0
11908873082.617361	2
11908906398.665224	0
11908939713.713085	0
11908973028.760948	0
11909006344.808811	0
11909039659.856672	0
11909072975.904535	0
11909106290.952398	0
11909139607.000261	1
11909172922.048122	0
11909206238.095987	0
11909239553.143848	0
11909272869.191711	0
11909306184.239574	1
11909339499.287436	1
11909372815.335299	1
11909406131.383162	0
11909439446.431025	0
11909472761.478886	0
11909506077.526749	0
11909539392.574612	0
11909572707.622473	0
11909606023.670336	1
11909639338.718197	0
11909672654.766062	2
11909705969.813923	2
11909739285.861786	1
11909772600.909649	0
11909805916.957512	0
11909839232.005373	2
11909872548.053236	1
11909905863.101099	0
11909939179.148962	0
11909972494.196823	2
11910005809.244686	0
11910039125.29255	0
11910072440.34041	2
11910105756.388273	1
11910139071.436136	0
11910172387.484	0
11910205702.53186	1
11910239018.579723	0
11910272333.627586	0
11910305648.675447	0
11910338964.72331	0
11910372280.771173	0
11910405595.819036	0
11910438911.8669	0
11910472226.91476	0
11910505541.962624	0
11910538858.010487	2
11910572173.058348	0
11910605488.10621	0
11910638804.154074	0
11910672120.201937	0
11910705435.249798	0
11910738751.297663	0
11910772066.345524	0
11910805382.393387	0
11910838697.441248	0
11910872012.48911	0
11910905328.536974	0
11910938643.584835	0
11910971959.6327	0
11911005274.680561	0
11911038590.728424	0
11911071905.776287	0
11911105220.824148	0
11911138536.872011	0
11911171851.919872	0
11911205167.967737	3
11911238483.015598	0
11911271799.063461	0
11911305114.111324	0
11911338429.159185	1
11911371745.207048	1
11911405060.25491	1
11911438376.302774	0
11911471691.350636	0
11911505007.398499	2
11911538322.446362	0
11911571638.494225	0
11911604953.542086	0
11911638269.589949	1
11911671584.637812	2
11911704900.685675	0
11911738215.733536	0
11911771530.781399	0
11911804846.829262	0
11911838162.877125	0
11911871477.924986	0
11911904792.972849	1
11911938108.02071	0
11911971424.068573	0
11912004739.116436	0
11912038055.164299	1
11912071371.212162	0
11912104686.260023	0
11912138002.307886	0
11912171317.35575	0
11912204632.40361	2
11912237949.451475	0
11912271263.499336	0
11912304579.5472	1
11912337894.59506	0
11912371209.642923	1
11912404525.690786	0
11912437840.738647	0
11912471156.78651	1
11912504472.834375	0
11912537787.882236	0
11912571102.930098	0
11912604418.977962	0
11912637734.025824	0
11912671050.073687	0
11912704365.121548	1
11912737681.169413	0
11912770996.217274	1
11912804311.265135	0
11912837627.313	0
11912870942.36086	0
11912904258.408724	1
11912937573.456585	0
11912970889.50445	0
11913004204.55231	0
11913037519.600172	0
11913070835.648037	0
11913104150.695898	0
11913137466.743761	0
11913170781.791622	0
11913204097.839487	0
11913237412.887348	0
11913270728.935211	0
11913304043.983074	0
11913337359.030935	0
11913370675.078798	1
11913403990.126661	0
11913437306.174524	0
11913470622.222387	0
11913503937.270248	0
11913537252.318111	0
11913570568.365974	0
11913603883.413836	0
11913637199.461699	0
11913670514.509562	0
11913703829.557423	0
11913737145.605286	0
11913770461.653149	0
11913803776.701012	0
11913837091.748873	0
11913870407.796736	0
11913903722.844599	0
11913937038.892462	0
11913970353.940323	0
11914003668.988186	0
11914036985.036049	0
11914070300.08391	0
11914103616.131773	0
11914136931.179636	0
11914170247.227499	0
11914203562.27536	0
11914236877.323223	0
11914270193.371086	1
11914303509.41895	0
11914336824.46681	0
11914370140.514675	0
11914403455.562536	0
11914436770.610397	0
11914470086.65826	0
11914503401.706123	0
11914536717.753986	0
11914570032.801847	0
11914603348.849712	0
11914636663.897573	0
11914669979.945436	0
11914703294.993298	0
11914736610.04116	0
11914769926.089024	0
11914803241.136885	0
11914836557.18475	0
11914869873.232613	0
11914903188.280474	0
11914936503.328337	0
11914969819.3762	0
11915003134.42406	0
11915036449.471922	0
11915069765.519787	0
11915103080.567648	0
11915136396.61551	0
11915169711.663374	0
11915203027.711237	0
11915236342.759098	0
11915269657.80696	0
11915302973.854824	0
11915336289.902687	0
11915369604.950548	0
11915402919.998411	0
11915436236.046274	0
11915469552.094137	0
11915502867.141998	0
11915536182.189861	0
11915569498.237724	0
11915602813.285585	0
11915636129.333448	0
11915669444.381311	0
11915702760.429174	0
11915736075.477036	0
11915769390.524899	0
11915802706.572762	0
11915836022.620625	0
11915869337.668486	0
11915902652.716349	0
11915935968.764212	0
11915969283.812073	0
11916002598.859936	0
11916035914.907799	0
11916069230.955662	0
11916102546.003523	0
11916135861.051386	0
11916169177.099249	0
11916202492.14711	0
11916235808.194973	0
11916269123.242836	0
11916302439.290699	0
11916335754.33856	0
11916369070.386425	0
11916402385.434286	0
11916435700.482147	0
11916469016.53001	0
11916502332.577875	0
11916535647.625736	0
11916568962.673597	2
11916602278.721462	1
11916635593.769323	0
11916668909.817186	0
11916702224.86505	0
11916735540.912912	0
11916768855.960773	0
11916802171.008635	0
11916835487.0565	0
11916868802.10436	0
11916902118.152224	0
11916935433.200087	0
11916968749.24795	1
11917002064.29581	0
11917035380.343674	0
11917068695.391537	0
11917102011.4394	0
11917135326.48726	0
11917168641.535124	0
11917201957.582987	1
11917235273.63085	0
11917268588.67871	0
11917301903.726574	0
11917335219.774437	0
11917368534.822298	0
11917401851.870163	0
11917435165.918024	0
11917468480.965885	0
11917501797.013748	0
11917535113.061611	0
11917568428.109474	0
11917601743.157335	0
11917635059.205198	0
11917668374.253061	0
11917701690.300924	0
11917735005.348785	0
11917768320.396648	0
11917801636.444511	0
11917834951.492373	0
11917868267.540236	1
11917901582.588099	0
11917934898.635962	0
11917968213.683823	0
11918001529.731686	0
11918034844.779549	0
11918068160.827412	0
11918101475.875273	0
11918134790.923136	0
11918168106.970999	0
11918201422.01886	0
11918234738.066725	0
11918268054.114588	0
11918301369.162449	0
11918334684.21031	0
11918368000.258175	0
11918401315.306036	0
11918434631.353899	0
11918467946.401762	0
11918501261.449623	0
11918534577.497486	0
11918567892.545347	0
11918601208.593212	0
11918634523.641073	0
11918667839.688936	0
11918701154.7368	0
11918734469.78466	0
11918867731.97611	0
11919300833.598324	0
11919334149.646187	0
11919367464.694048	0
11919400780.74191	0
11919434095.789774	0
11919467411.837637	0
11919500726.885498	0
11919534041.933361	0
11919567357.981224	0
11919600673.029085	1
11919633989.076948	1
11919667305.124813	0
11919700620.172674	0
11919733935.220535	0
11919767251.268398	0
11919800566.316261	0
11919833882.364124	0
11919867197.411985	0
11919900512.459848	0
11919933828.507711	0
11919967143.555573	0
11920000459.603437	0
11920033775.6513	0
11920067090.699162	0
11920100405.747023	0
11920133721.794888	0
11920167036.842749	0
11920200351.89061	0
11920233667.938475	0
11920266983.986338	0
11920300299.034199	0
11920333614.08206	0
11920366930.129925	0
11920400245.177786	0
11920433561.225649	0
11920466876.273512	0
11920500191.321373	0
11920533507.369236	0
11920566822.417097	0
11920600138.464962	0
11920633453.512823	0
11920666769.560686	0
11920700084.60855	0
11920733400.656412	0
11920766715.704273	0
11920800030.752136	0
11920833346.8	0
11920866661.84786	0
11920899977.895723	0
11920933292.943586	1
11920966608.99145	0
11920999924.03931	0
11921033240.087173	0
11921066555.135036	0
11921099871.1829	1
11921133186.23076	0
11921166502.278624	0
11921199817.326487	0
11921233132.374348	0
11921266448.42221	1
11921299763.470074	0
11921333079.517937	0
11921366394.565798	0
11921399710.61366	0
11921433025.661524	0
11921466340.709385	0
11921499656.757248	0
11921532972.80511	0
11921566287.852974	0
11921599602.900835	0
11921632918.948698	0
11921666233.996561	0
11921699550.044424	0
11921732865.092285	0
11921766180.140148	0
11921799496.188011	0
11921832812.235874	1
11921866127.283735	0
11921899443.3316	0
11921932758.379461	0
11921966073.427322	0
11921999389.475187	0
11922032704.523048	0
11922066020.570911	0
11922099336.618774	0
11922132651.666637	0
11922165966.714499	0
11922199282.762362	0
11922232597.810225	0
11922265912.858086	0
11922299241.905968	0
11922332543.953812	0
11922365860.001675	0
11922399175.049536	0
11922432491.097399	0
11922465806.145262	0
11922499121.193123	0
11922532437.240986	0
11922565752.288849	0
11922599068.336712	0
11922632383.384573	0
11922665699.432436	0
11922699014.480299	0
11922732330.528162	0
11922765645.576023	0
11922798961.623886	0
11922832277.67175	0
11922865591.71961	0
11922898907.767473	0
11922932223.815336	2
11922965538.8632	0
11922998853.91106	0
11923032169.958923	0
11923065485.006786	0
11923098801.05465	0
11923132116.10251	0
11923165431.150373	0
11923198747.198236	0
11923232063.2461	0
11923265378.29396	0
11923298693.341824	0
11923332009.389687	1
11923365324.437548	0
11923398640.48541	0
11923431955.533274	0
11923465271.581137	0
11923498586.628998	0
11923531902.676863	0
11923565217.724724	0
11923598532.772585	0
11923631848.820448	0
11923665163.86831	0
11923698479.916174	0
11923731794.964035	0
11923765111.0119	0
11923798427.059763	0
11923831742.107624	0
11923865057.155485	0
11923898372.203348	0
11923931688.251211	0
11923965003.299072	0
11923998319.346937	0
11924031634.394798	0
11924064950.442661	0
11924098265.490524	0
11924131580.538385	0
11924164896.586248	0
11924198211.63411	3
11924231527.681974	0
11924264842.729836	0
11924298158.777699	0
11924331473.825562	0
11924364789.873425	0
11924398104.921286	0
11924431420.969149	0
11924464736.017012	0
11924498052.064875	0
11924531367.112736	0
11924564682.160599	0
11924597998.208462	0
11924631314.256325	0
11924664630.304188	0
11924697944.352049	0
11924731260.399912	0
11924764576.447775	0
11924797891.495636	0
11924831207.543499	0
11924864521.59136	0
11924897837.639223	0
11924931153.687086	0
11924964468.73495	0
11924997783.78281	0
11925031099.830673	0
11925064414.878536	0
11925097730.9264	0
11925131045.97426	0
11925164362.022123	0
11925197677.069986	0
11925230993.11785	2
11925264308.16571	0
11925297623.213573	0
11925330939.261436	0
11925364255.3093	1
11925397570.35716	0
11925430885.405024	0
11925464201.452887	0
11925497516.500748	0
11925530832.548613	0
11925564147.596474	0
11925597462.644335	0
11925630778.6922	1
11925664093.74006	0
11925797355.93151	0
11925830671.979374	0
11953182700.274492	0
11953216011.322348	0
11953249326.37021	0
11953282642.418074	0
11953315957.465935	0
11953349273.5138	0
11953382588.56166	0
11957413764.353024	0
11957447079.400887	1
11957480394.448748	0
11957513710.49661	0
11957547025.544474	1
11957580341.592337	0
11957613656.640198	0
11957646972.68806	0
11957680287.735924	1
11957713602.783785	0
11957746918.831648	0
11957780234.87951	0
11957813549.927374	0
11957846864.975235	2
11957880181.023098	0
11957913496.070961	0
11957946812.118824	1
11957980127.166685	0
11958013442.214548	0
11958046758.262411	0
11958080073.310272	1
11958113389.358135	0
11958146704.405998	0
11958180020.453861	0
11958213335.501722	1
11958246651.549585	0
11958279966.597448	0
11958313282.645311	0
11958346597.693172	1
11958379913.741035	0
11958413228.788898	0
11958446543.83676	1
11958479859.884623	3
11958513174.932486	0
11958546490.980349	0
11958579806.02821	3
11958613122.076073	0
11958646437.123936	0
11958679753.171799	0
11958713068.21966	1
11958746383.267523	0
11958779699.315386	0
11958813014.363247	0
11958846330.41111	0
11958879646.458975	0
11958912961.506836	0
11958946276.554697	0
11958979592.602562	0
11959012907.650423	0
11959046223.698286	0
11959079538.746147	0
11959112853.79401	0
11959146169.841873	0
11959179484.889734	0
11959212800.9376	0
11959246115.98546	0
11959279432.033323	0
11959312747.081186	0
11959346062.129047	0
11959379378.17691	0
11959412694.224773	0
11959446009.272636	0
11959479325.3205	0
11959512640.36836	0
11959545955.416224	0
11959579271.464087	0
11959612586.511948	0
11959645902.55981	0
11959679217.607674	0
11959712532.655535	0
11959745848.703398	1
11959779164.75126	0
11959812479.799124	0
11959845794.846985	0
11959879110.894848	0
11959912425.94271	0
11959945741.990574	0
11959979057.038435	1
11960012373.086298	0
11960045688.134161	0
11960079004.182024	0
11960112319.229885	0
11960145634.277748	0
11960178950.325611	0
11960212265.373472	0
11960245581.421335	0
11960278896.469198	0
11960878575.330723	0
11960911891.378586	0
11960945207.426449	0
11960978522.474312	0
11961011837.522173	0
11961045153.570036	0
11961078468.617899	0
11961111784.665762	0
11961145099.713623	0
11961178414.761484	0
11961211730.80935	0
11961245045.85721	0
11961278361.905073	0
11961311676.952936	0
11961344993.0008	0
11961378308.04866	0
11961411623.096521	0
11961444939.144386	0
11961478254.192247	0
11961511570.24011	0
11961544885.287973	0
11961578201.335836	0
11961611516.383698	0
11961644832.43156	0
11961678147.479424	0
11961711463.527287	0
11961744778.575148	0
11961778094.62301	0
11961811409.670874	0
11961844724.718735	0
11961878040.766598	0
11961911355.81446	0
11961944671.862324	0
11961977986.910185	0
11962011302.958048	0
11962044618.00591	0
11962077934.053774	0
11962111249.101635	0
11962144564.149498	0
11962177880.197361	0
11962211195.245222	0
11962244511.293085	0
11962277826.340948	0
11962311142.388811	0
11962344458.436674	0
11962377773.484535	0
11962411088.532398	0
11962444403.58026	0
11962477719.628122	0
11962511034.675985	0
11962544350.723848	0
11962577666.771711	0
11962610981.819574	0
11962644296.867435	0
11962677612.915298	0
11962710927.96316	0
11962744244.011024	0
11962777559.058886	0
11962810874.106747	0
11962844190.154612	0
11962877505.202473	0
11962910821.250336	1
11962944136.298197	0
11962977452.346062	0
11963010767.393923	0
11963044083.441786	0
11963077398.489649	0
11963110714.537512	0
11963144029.585373	0
11963177344.633236	0
11963210660.681099	2
11963243976.728962	0
11963277291.776823	0
11963310606.824686	0
11963343922.87255	0
11963377244.92042	0
11963410552.968273	0
11963443869.016136	0
11963477184.063997	0
11963510500.11186	1
11963543815.159723	0
11963577131.207586	0
11963610446.255447	0
11963643762.30331	0
11963677078.351173	0
11963710393.399036	0
11963743708.446898	0
11963777024.49476	0
11963810339.542624	0
11963843655.590487	0
11963876970.638348	0
11963910285.68621	1
11963943600.734072	0
11963976916.781935	0
11964010232.829798	0
11964043547.87766	1
11964076862.925522	1
11964110178.973385	0
11964143494.021248	0
11964176810.06911	0
11964210125.116972	0
11964243441.164835	1
11964276756.212698	0
11964310072.260561	0
11964343387.308422	0
11964376703.356287	0
11964410018.404148	0
11964443333.45201	0
11964476649.499872	0
11964509964.547735	0
11964543280.595598	0
11964576596.643461	0
11964609911.691324	0
11964643226.739185	1
11964676542.787048	0
11964709857.83491	0
11964743173.882774	0
11964776488.930635	0
11964809803.978497	0
11964843120.026361	0
11964876435.074223	0
11964909751.122086	0
11964943066.169949	0
11964976382.217812	0
11965009697.265673	0
11965043013.313536	0
11965076328.361399	0
11965109644.409262	0
11965142959.457123	0
11965176274.504986	1
11965209590.552849	0
11965242905.60071	0
